domain,price,description,for_sale,tags,unicode,descript-IDNA,translate-IDNA,wallet_id,expired,ownership_status,first_seen,last_seen,source_snapshot,updated_at,__checked__
dialecticalmaterialism,7,,True,,,,,22catchall,False,active,2026-05-15,2026-05-15,SS=hns_ss-export-tld.20251226_20260107_translated_20260117.adapted.csv;HSD=hns_bob_tlds.csv,2026-05-15T21:54:27,False
anonone,9,,True,,,,,22catchall,False,active,2026-05-15,2026-05-15,SS=hns_ss-export-tld.20251226_20260107_translated_20260117.adapted.csv;HSD=hns_bob_tlds.csv,2026-05-15T21:54:27,False
timofeji,9,,True,,,,,22catchall,False,active,2026-05-15,2026-05-15,SS=hns_ss-export-tld.20251226_20260107_translated_20260117.adapted.csv;HSD=hns_bob_tlds.csv,2026-05-15T21:54:27,False
1011970,10170,epoch,True,,,,,22catchall,False,active,2026-05-15,2026-05-15,SS=hns_ss-export-tld.20251226_20260107_translated_20260117.adapted.csv;HSD=hns_bob_tlds.csv,2026-05-15T21:54:27,False
10170,10170,epoch,True,6D,,,,22catchall,False,active,2026-05-15,2026-05-15,SS=hns_ss-export-tld.20251226_20260107_translated_20260117.adapted.csv;HSD=hns_bob_tlds.csv,2026-05-15T21:54:27,False
hashrunes,10,,True,,,,,22catchall,False,active,2026-05-15,2026-05-15,SS=hns_ss-export-tld.20251226_20260107_translated_20260117.adapted.csv;HSD=hns_bob_tlds.csv,2026-05-15T21:54:27,False
xn--9g8hit,10,,True,PUNY_IDNA,🌝👑,"Letters + FULL MOON WITH FACE, CROWN",,22catchall,False,active,2026-05-15,2026-05-15,SS=hns_ss-export-tld.20251226_20260107_translated_20260117.adapted.csv;HSD=hns_bob_tlds.csv,2026-05-15T21:54:27,False
xn--h4h2510o,10,,True,PUNY_IDNA,☠👑,"Letters + SKULL AND CROSSBONES, CROWN",,22catchall,False,active,2026-05-15,2026-05-15,SS=hns_ss-export-tld.20251226_20260107_translated_20260117.adapted.csv;HSD=hns_bob_tlds.csv,2026-05-15T21:54:27,False
19700101,10170,epoch,True,,,,,22catchall,False,active,2026-05-15,2026-05-15,SS=hns_ss-export-tld.20251226_20260107_translated_20260117.adapted.csv;HSD=hns_bob_tlds.csv,2026-05-15T21:54:27,False
acciontrabajo,11,ES action work,True,,,,,22catchall,False,active,2026-05-15,2026-05-15,SS=hns_ss-export-tld.20251226_20260107_translated_20260117.adapted.csv;HSD=hns_bob_tlds.csv,2026-05-15T21:54:27,False
alienfistbump,11,,True,,,,,22catchall,False,active,2026-05-15,2026-05-15,SS=hns_ss-export-tld.20251226_20260107_translated_20260117.adapted.csv;HSD=hns_bob_tlds.csv,2026-05-15T21:54:27,False
amazingpoetry,11,,True,,,,,22catchall,False,active,2026-05-15,2026-05-15,SS=hns_ss-export-tld.20251226_20260107_translated_20260117.adapted.csv;HSD=hns_bob_tlds.csv,2026-05-15T21:54:27,False
ambonga,11,,True,,,,,22catchall,False,active,2026-05-15,2026-05-15,SS=hns_ss-export-tld.20251226_20260107_translated_20260117.adapted.csv;HSD=hns_bob_tlds.csv,2026-05-15T21:54:27,False
amwongg,11,,True,,,,,22catchall,False,active,2026-05-15,2026-05-15,SS=hns_ss-export-tld.20251226_20260107_translated_20260117.adapted.csv;HSD=hns_bob_tlds.csv,2026-05-15T21:54:27,False
arealmaps,11,,True,,,,,22catchall,False,active,2026-05-15,2026-05-15,SS=hns_ss-export-tld.20251226_20260107_translated_20260117.adapted.csv;HSD=hns_bob_tlds.csv,2026-05-15T21:54:27,False
arewehere,11,,True,,,,,22catchall,False,active,2026-05-15,2026-05-15,SS=hns_ss-export-tld.20251226_20260107_translated_20260117.adapted.csv;HSD=hns_bob_tlds.csv,2026-05-15T21:54:27,False
arrieiro,11,Galician carrier,True,,,,,22catchall,False,active,2026-05-15,2026-05-15,SS=hns_ss-export-tld.20251226_20260107_translated_20260117.adapted.csv;HSD=hns_bob_tlds.csv,2026-05-15T21:54:27,False
arroiodaseca,11,PT stream-drought,True,,,,,22catchall,False,active,2026-05-15,2026-05-15,SS=hns_ss-export-tld.20251226_20260107_translated_20260117.adapted.csv;HSD=hns_bob_tlds.csv,2026-05-15T21:54:27,False
asianextension,11,,True,,,,,22catchall,False,active,2026-05-15,2026-05-15,SS=hns_ss-export-tld.20251226_20260107_translated_20260117.adapted.csv;HSD=hns_bob_tlds.csv,2026-05-15T21:54:27,False
atimise,11,,True,,,,,22catchall,False,active,2026-05-15,2026-05-15,SS=hns_ss-export-tld.20251226_20260107_translated_20260117.adapted.csv;HSD=hns_bob_tlds.csv,2026-05-15T21:54:27,False
awesomemaxim,11,,True,,,,,22catchall,False,active,2026-05-15,2026-05-15,SS=hns_ss-export-tld.20251226_20260107_translated_20260117.adapted.csv;HSD=hns_bob_tlds.csv,2026-05-15T21:54:27,False
barnaclebob,11,"An octopus from the Freddi Fish series; he always says everything in rhyme.... OR .... A celebrity living among a group of people, unknown.",True,,,,,22catchall,False,active,2026-05-15,2026-05-15,SS=hns_ss-export-tld.20251226_20260107_translated_20260117.adapted.csv;HSD=hns_bob_tlds.csv,2026-05-15T21:54:27,False
bestsoundtrack,11,,True,,,,,22catchall,False,active,2026-05-15,2026-05-15,SS=hns_ss-export-tld.20251226_20260107_translated_20260117.adapted.csv;HSD=hns_bob_tlds.csv,2026-05-15T21:54:27,False
bikehazard,11,,True,,,,,22catchall,False,active,2026-05-15,2026-05-15,SS=hns_ss-export-tld.20251226_20260107_translated_20260117.adapted.csv;HSD=hns_bob_tlds.csv,2026-05-15T21:54:27,False
blankbackground,11,,True,,,,,22catchall,False,active,2026-05-15,2026-05-15,SS=hns_ss-export-tld.20251226_20260107_translated_20260117.adapted.csv;HSD=hns_bob_tlds.csv,2026-05-15T21:54:27,False
blood-sausage,11,,True,,,,,22catchall,False,active,2026-05-15,2026-05-15,SS=hns_ss-export-tld.20251226_20260107_translated_20260117.adapted.csv;HSD=hns_bob_tlds.csv,2026-05-15T21:54:27,False
bluetoothearrings,11,,True,,,,,22catchall,False,active,2026-05-15,2026-05-15,SS=hns_ss-export-tld.20251226_20260107_translated_20260117.adapted.csv;HSD=hns_bob_tlds.csv,2026-05-15T21:54:27,False
bogearth,11,,True,,,,,22catchall,False,active,2026-05-15,2026-05-15,SS=hns_ss-export-tld.20251226_20260107_translated_20260117.adapted.csv;HSD=hns_bob_tlds.csv,2026-05-15T21:54:27,False
boggyplain,11,,True,,,,,22catchall,False,active,2026-05-15,2026-05-15,SS=hns_ss-export-tld.20251226_20260107_translated_20260117.adapted.csv;HSD=hns_bob_tlds.csv,2026-05-15T21:54:27,False
buzinanbi,11,PT 'horn horn',True,,,,,22catchall,False,active,2026-05-15,2026-05-15,SS=hns_ss-export-tld.20251226_20260107_translated_20260117.adapted.csv;HSD=hns_bob_tlds.csv,2026-05-15T21:54:27,False
centones,11,,True,,,,,22catchall,False,active,2026-05-15,2026-05-15,SS=hns_ss-export-tld.20251226_20260107_translated_20260117.adapted.csv;HSD=hns_bob_tlds.csv,2026-05-15T21:54:27,False
charababil,11,"village in Raipur, India",True,,,,,22catchall,False,active,2026-05-15,2026-05-15,SS=hns_ss-export-tld.20251226_20260107_translated_20260117.adapted.csv;HSD=hns_bob_tlds.csv,2026-05-15T21:54:27,False
christmasraffle,11,,True,,,,,22catchall,False,active,2026-05-15,2026-05-15,SS=hns_ss-export-tld.20251226_20260107_translated_20260117.adapted.csv;HSD=hns_bob_tlds.csv,2026-05-15T21:54:27,False
coindav,11,,True,,,,,22catchall,False,active,2026-05-15,2026-05-15,SS=hns_ss-export-tld.20251226_20260107_translated_20260117.adapted.csv;HSD=hns_bob_tlds.csv,2026-05-15T21:54:27,False
comunidadrodeo,11,ES community rodeo,True,,,,,22catchall,False,active,2026-05-15,2026-05-15,SS=hns_ss-export-tld.20251226_20260107_translated_20260117.adapted.csv;HSD=hns_bob_tlds.csv,2026-05-15T21:54:27,False
confuciuss,11,,True,,,,,22catchall,False,active,2026-05-15,2026-05-15,SS=hns_ss-export-tld.20251226_20260107_translated_20260117.adapted.csv;HSD=hns_bob_tlds.csv,2026-05-15T21:54:27,False
contagiousabortion,11,,True,,,,,22catchall,False,active,2026-05-15,2026-05-15,SS=hns_ss-export-tld.20251226_20260107_translated_20260117.adapted.csv;HSD=hns_bob_tlds.csv,2026-05-15T21:54:27,False
createyourhappy,11,,True,,,,,22catchall,False,active,2026-05-15,2026-05-15,SS=hns_ss-export-tld.20251226_20260107_translated_20260117.adapted.csv;HSD=hns_bob_tlds.csv,2026-05-15T21:54:27,False
dadstrain,11,,True,,,,,22catchall,False,active,2026-05-15,2026-05-15,SS=hns_ss-export-tld.20251226_20260107_translated_20260117.adapted.csv;HSD=hns_bob_tlds.csv,2026-05-15T21:54:27,False
dadworry,11,,True,,,,,22catchall,False,active,2026-05-15,2026-05-15,SS=hns_ss-export-tld.20251226_20260107_translated_20260117.adapted.csv;HSD=hns_bob_tlds.csv,2026-05-15T21:54:27,False
damerchar,11,,True,,,,,22catchall,False,active,2026-05-15,2026-05-15,SS=hns_ss-export-tld.20251226_20260107_translated_20260117.adapted.csv;HSD=hns_bob_tlds.csv,2026-05-15T21:54:27,False
daouia,11,,True,,,,,22catchall,False,active,2026-05-15,2026-05-15,SS=hns_ss-export-tld.20251226_20260107_translated_20260117.adapted.csv;HSD=hns_bob_tlds.csv,2026-05-15T21:54:27,False
darknet22,11,,True,,,,,22catchall,False,active,2026-05-15,2026-05-15,SS=hns_ss-export-tld.20251226_20260107_translated_20260117.adapted.csv;HSD=hns_bob_tlds.csv,2026-05-15T21:54:27,False
dellage,11,,True,,,,,22catchall,False,active,2026-05-15,2026-05-15,SS=hns_ss-export-tld.20251226_20260107_translated_20260117.adapted.csv;HSD=hns_bob_tlds.csv,2026-05-15T21:54:27,False
deosculate,11,to kiss affectionately,True,,,,,22catchall,False,active,2026-05-15,2026-05-15,SS=hns_ss-export-tld.20251226_20260107_translated_20260117.adapted.csv;HSD=hns_bob_tlds.csv,2026-05-15T21:54:27,False
digitaldoza,11,,True,,,,,22catchall,False,active,2026-05-15,2026-05-15,SS=hns_ss-export-tld.20251226_20260107_translated_20260117.adapted.csv;HSD=hns_bob_tlds.csv,2026-05-15T21:54:27,False
dragonfoot,11,,True,,,,,22catchall,False,active,2026-05-15,2026-05-15,SS=hns_ss-export-tld.20251226_20260107_translated_20260117.adapted.csv;HSD=hns_bob_tlds.csv,2026-05-15T21:54:27,False
dragonpair,11,,True,,,,,22catchall,False,active,2026-05-15,2026-05-15,SS=hns_ss-export-tld.20251226_20260107_translated_20260117.adapted.csv;HSD=hns_bob_tlds.csv,2026-05-15T21:54:27,False
egerritzen,11,,True,,,,,22catchall,False,active,2026-05-15,2026-05-15,SS=hns_ss-export-tld.20251226_20260107_translated_20260117.adapted.csv;HSD=hns_bob_tlds.csv,2026-05-15T21:54:27,False
enjoythemoments,11,,True,,,,,22catchall,False,active,2026-05-15,2026-05-15,SS=hns_ss-export-tld.20251226_20260107_translated_20260117.adapted.csv;HSD=hns_bob_tlds.csv,2026-05-15T21:54:27,False
exportsy,11,,True,,,,,22catchall,False,active,2026-05-15,2026-05-15,SS=hns_ss-export-tld.20251226_20260107_translated_20260117.adapted.csv;HSD=hns_bob_tlds.csv,2026-05-15T21:54:27,False
facebookhelp,11,,True,,,,,22catchall,False,active,2026-05-15,2026-05-15,SS=hns_ss-export-tld.20251226_20260107_translated_20260117.adapted.csv;HSD=hns_bob_tlds.csv,2026-05-15T21:54:27,False
fauzen,11,,True,,,,,22catchall,False,active,2026-05-15,2026-05-15,SS=hns_ss-export-tld.20251226_20260107_translated_20260117.adapted.csv;HSD=hns_bob_tlds.csv,2026-05-15T21:54:27,False
feedlet,11,,True,,,,,22catchall,False,active,2026-05-15,2026-05-15,SS=hns_ss-export-tld.20251226_20260107_translated_20260117.adapted.csv;HSD=hns_bob_tlds.csv,2026-05-15T21:54:27,False
fiddypence,11,,True,,,,,22catchall,False,active,2026-05-15,2026-05-15,SS=hns_ss-export-tld.20251226_20260107_translated_20260117.adapted.csv;HSD=hns_bob_tlds.csv,2026-05-15T21:54:27,False
fightingchairs,11,,True,,,,,22catchall,False,active,2026-05-15,2026-05-15,SS=hns_ss-export-tld.20251226_20260107_translated_20260117.adapted.csv;HSD=hns_bob_tlds.csv,2026-05-15T21:54:27,False
firstcaribbean,11,,True,,,,,22catchall,False,active,2026-05-15,2026-05-15,SS=hns_ss-export-tld.20251226_20260107_translated_20260117.adapted.csv;HSD=hns_bob_tlds.csv,2026-05-15T21:54:27,False
focillate,11,IT 'focus | Latin 'mobilize',True,,,,,22catchall,False,active,2026-05-15,2026-05-15,SS=hns_ss-export-tld.20251226_20260107_translated_20260117.adapted.csv;HSD=hns_bob_tlds.csv,2026-05-15T21:54:27,False
footdragon,11,,True,,,,,22catchall,False,active,2026-05-15,2026-05-15,SS=hns_ss-export-tld.20251226_20260107_translated_20260117.adapted.csv;HSD=hns_bob_tlds.csv,2026-05-15T21:54:27,False
friendlyfellow,11,,True,,,,,22catchall,False,active,2026-05-15,2026-05-15,SS=hns_ss-export-tld.20251226_20260107_translated_20260117.adapted.csv;HSD=hns_bob_tlds.csv,2026-05-15T21:54:27,False
fuhren,11,,True,,,,,22catchall,False,active,2026-05-15,2026-05-15,SS=hns_ss-export-tld.20251226_20260107_translated_20260117.adapted.csv;HSD=hns_bob_tlds.csv,2026-05-15T21:54:27,False
gasavage,11,,True,,,,,22catchall,False,active,2026-05-15,2026-05-15,SS=hns_ss-export-tld.20251226_20260107_translated_20260117.adapted.csv;HSD=hns_bob_tlds.csv,2026-05-15T21:54:27,False
gasellers,11,,True,,,,,22catchall,False,active,2026-05-15,2026-05-15,SS=hns_ss-export-tld.20251226_20260107_translated_20260117.adapted.csv;HSD=hns_bob_tlds.csv,2026-05-15T21:54:27,False
gashepherd,11,,True,,,,,22catchall,False,active,2026-05-15,2026-05-15,SS=hns_ss-export-tld.20251226_20260107_translated_20260117.adapted.csv;HSD=hns_bob_tlds.csv,2026-05-15T21:54:27,False
gashort,11,,True,,,,,22catchall,False,active,2026-05-15,2026-05-15,SS=hns_ss-export-tld.20251226_20260107_translated_20260117.adapted.csv;HSD=hns_bob_tlds.csv,2026-05-15T21:54:27,False
gasparks,11,,True,,,,,22catchall,False,active,2026-05-15,2026-05-15,SS=hns_ss-export-tld.20251226_20260107_translated_20260117.adapted.csv;HSD=hns_bob_tlds.csv,2026-05-15T21:54:27,False
goodyearmaps,11,,True,,,,,22catchall,False,active,2026-05-15,2026-05-15,SS=hns_ss-export-tld.20251226_20260107_translated_20260117.adapted.csv;HSD=hns_bob_tlds.csv,2026-05-15T21:54:27,False
greymobile,11,,True,,,,,22catchall,False,active,2026-05-15,2026-05-15,SS=hns_ss-export-tld.20251226_20260107_translated_20260117.adapted.csv;HSD=hns_bob_tlds.csv,2026-05-15T21:54:27,False
gulfwartimeline,11,,True,,,,,22catchall,False,active,2026-05-15,2026-05-15,SS=hns_ss-export-tld.20251226_20260107_translated_20260117.adapted.csv;HSD=hns_bob_tlds.csv,2026-05-15T21:54:27,False
hahaquan,11,,True,,,,,22catchall,False,active,2026-05-15,2026-05-15,SS=hns_ss-export-tld.20251226_20260107_translated_20260117.adapted.csv;HSD=hns_bob_tlds.csv,2026-05-15T21:54:27,False
headrhyme,11,,True,,,,,22catchall,False,active,2026-05-15,2026-05-15,SS=hns_ss-export-tld.20251226_20260107_translated_20260117.adapted.csv;HSD=hns_bob_tlds.csv,2026-05-15T21:54:27,False
hetven,11,HU 'seventy',True,,,,,22catchall,False,active,2026-05-15,2026-05-15,SS=hns_ss-export-tld.20251226_20260107_translated_20260117.adapted.csv;HSD=hns_bob_tlds.csv,2026-05-15T21:54:27,False
hetvenne,11,HU 'seventies',True,,,,,22catchall,False,active,2026-05-15,2026-05-15,SS=hns_ss-export-tld.20251226_20260107_translated_20260117.adapted.csv;HSD=hns_bob_tlds.csv,2026-05-15T21:54:27,False
hetvischwater,11,Dutch 'the fishing water',True,,,,,22catchall,False,active,2026-05-15,2026-05-15,SS=hns_ss-export-tld.20251226_20260107_translated_20260117.adapted.csv;HSD=hns_bob_tlds.csv,2026-05-15T21:54:27,False
hetviswater,11,Dutch 'the fishing water',True,,,,,22catchall,False,active,2026-05-15,2026-05-15,SS=hns_ss-export-tld.20251226_20260107_translated_20260117.adapted.csv;HSD=hns_bob_tlds.csv,2026-05-15T21:54:27,False
hiddenbookshelf,11,,True,,,,,22catchall,False,active,2026-05-15,2026-05-15,SS=hns_ss-export-tld.20251226_20260107_translated_20260117.adapted.csv;HSD=hns_bob_tlds.csv,2026-05-15T21:54:27,False
inacura,11,,True,,,,,22catchall,False,active,2026-05-15,2026-05-15,SS=hns_ss-export-tld.20251226_20260107_translated_20260117.adapted.csv;HSD=hns_bob_tlds.csv,2026-05-15T21:54:27,False
inmatesontheweb,11,,True,,,,,22catchall,False,active,2026-05-15,2026-05-15,SS=hns_ss-export-tld.20251226_20260107_translated_20260117.adapted.csv;HSD=hns_bob_tlds.csv,2026-05-15T21:54:27,False
itchfor,11,,True,,,,,22catchall,False,active,2026-05-15,2026-05-15,SS=hns_ss-export-tld.20251226_20260107_translated_20260117.adapted.csv;HSD=hns_bob_tlds.csv,2026-05-15T21:54:27,False
lemonfa,11,,True,,,,,22catchall,False,active,2026-05-15,2026-05-15,SS=hns_ss-export-tld.20251226_20260107_translated_20260117.adapted.csv;HSD=hns_bob_tlds.csv,2026-05-15T21:54:27,False
longfunny,11,,True,,,,,22catchall,False,active,2026-05-15,2026-05-15,SS=hns_ss-export-tld.20251226_20260107_translated_20260117.adapted.csv;HSD=hns_bob_tlds.csv,2026-05-15T21:54:27,False
lowlust,11,,True,,,,,22catchall,False,active,2026-05-15,2026-05-15,SS=hns_ss-export-tld.20251226_20260107_translated_20260117.adapted.csv;HSD=hns_bob_tlds.csv,2026-05-15T21:54:27,False
lowrage,11,,True,,,,,22catchall,False,active,2026-05-15,2026-05-15,SS=hns_ss-export-tld.20251226_20260107_translated_20260117.adapted.csv;HSD=hns_bob_tlds.csv,2026-05-15T21:54:27,False
meetblockchain,11,,True,,,,,22catchall,False,active,2026-05-15,2026-05-15,SS=hns_ss-export-tld.20251226_20260107_translated_20260117.adapted.csv;HSD=hns_bob_tlds.csv,2026-05-15T21:54:27,False
momdear,11,,True,,,,,22catchall,False,active,2026-05-15,2026-05-15,SS=hns_ss-export-tld.20251226_20260107_translated_20260117.adapted.csv;HSD=hns_bob_tlds.csv,2026-05-15T21:54:27,False
mompolicy,11,,True,,,,,22catchall,False,active,2026-05-15,2026-05-15,SS=hns_ss-export-tld.20251226_20260107_translated_20260117.adapted.csv;HSD=hns_bob_tlds.csv,2026-05-15T21:54:27,False
muggleworld,11,,True,,,,,22catchall,False,active,2026-05-15,2026-05-15,SS=hns_ss-export-tld.20251226_20260107_translated_20260117.adapted.csv;HSD=hns_bob_tlds.csv,2026-05-15T21:54:27,False
nft169,11,,True,,,,,22catchall,False,active,2026-05-15,2026-05-15,SS=hns_ss-export-tld.20251226_20260107_translated_20260117.adapted.csv;HSD=hns_bob_tlds.csv,2026-05-15T21:54:27,False
noob21,11,,True,,,,,22catchall,False,active,2026-05-15,2026-05-15,SS=hns_ss-export-tld.20251226_20260107_translated_20260117.adapted.csv;HSD=hns_bob_tlds.csv,2026-05-15T21:54:27,False
noob22,11,,True,,,,,22catchall,False,active,2026-05-15,2026-05-15,SS=hns_ss-export-tld.20251226_20260107_translated_20260117.adapted.csv;HSD=hns_bob_tlds.csv,2026-05-15T21:54:27,False
nuevoguarare,11,"Panama, Central America",True,,,,,22catchall,False,active,2026-05-15,2026-05-15,SS=hns_ss-export-tld.20251226_20260107_translated_20260117.adapted.csv;HSD=hns_bob_tlds.csv,2026-05-15T21:54:27,False
nuevovigia,11,"Panama, Central America",True,,,,,22catchall,False,active,2026-05-15,2026-05-15,SS=hns_ss-export-tld.20251226_20260107_translated_20260117.adapted.csv;HSD=hns_bob_tlds.csv,2026-05-15T21:54:27,False
omejie,11,mis-spelling of 'emojie',True,,,,,22catchall,False,active,2026-05-15,2026-05-15,SS=hns_ss-export-tld.20251226_20260107_translated_20260117.adapted.csv;HSD=hns_bob_tlds.csv,2026-05-15T21:54:27,False
ox-eye,11,,True,,,,,22catchall,False,active,2026-05-15,2026-05-15,SS=hns_ss-export-tld.20251226_20260107_translated_20260117.adapted.csv;HSD=hns_bob_tlds.csv,2026-05-15T21:54:27,False
pervici,11,perv is he',True,,,,,22catchall,False,active,2026-05-15,2026-05-15,SS=hns_ss-export-tld.20251226_20260107_translated_20260117.adapted.csv;HSD=hns_bob_tlds.csv,2026-05-15T21:54:27,False
pharmapurse,11,,True,,,,,22catchall,False,active,2026-05-15,2026-05-15,SS=hns_ss-export-tld.20251226_20260107_translated_20260117.adapted.csv;HSD=hns_bob_tlds.csv,2026-05-15T21:54:27,False
rugminter,11,,True,,,,,22catchall,False,active,2026-05-15,2026-05-15,SS=hns_ss-export-tld.20251226_20260107_translated_20260117.adapted.csv;HSD=hns_bob_tlds.csv,2026-05-15T21:54:27,False
sadguide,11,,True,,,,,22catchall,False,active,2026-05-15,2026-05-15,SS=hns_ss-export-tld.20251226_20260107_translated_20260117.adapted.csv;HSD=hns_bob_tlds.csv,2026-05-15T21:54:27,False
smilesdebit,11,,True,,,,,22catchall,False,active,2026-05-15,2026-05-15,SS=hns_ss-export-tld.20251226_20260107_translated_20260117.adapted.csv;HSD=hns_bob_tlds.csv,2026-05-15T21:54:27,False
spacecraft-shop,11,,True,,,,,22catchall,False,active,2026-05-15,2026-05-15,SS=hns_ss-export-tld.20251226_20260107_translated_20260117.adapted.csv;HSD=hns_bob_tlds.csv,2026-05-15T21:54:27,False
stalkia,11,,True,,,,,22catchall,False,active,2026-05-15,2026-05-15,SS=hns_ss-export-tld.20251226_20260107_translated_20260117.adapted.csv;HSD=hns_bob_tlds.csv,2026-05-15T21:54:27,False
starttravel,11,,True,,,,,22catchall,False,active,2026-05-15,2026-05-15,SS=hns_ss-export-tld.20251226_20260107_translated_20260117.adapted.csv;HSD=hns_bob_tlds.csv,2026-05-15T21:54:27,False
sucy-en-brie,11,https://en.wikipedia.org/wiki/Sucy-en-Brie,True,,,,,22catchall,False,active,2026-05-15,2026-05-15,SS=hns_ss-export-tld.20251226_20260107_translated_20260117.adapted.csv;HSD=hns_bob_tlds.csv,2026-05-15T21:54:27,False
surfpismo,11,,True,,,,,22catchall,False,active,2026-05-15,2026-05-15,SS=hns_ss-export-tld.20251226_20260107_translated_20260117.adapted.csv;HSD=hns_bob_tlds.csv,2026-05-15T21:54:27,False
tardan,11,,True,,,,,22catchall,False,active,2026-05-15,2026-05-15,SS=hns_ss-export-tld.20251226_20260107_translated_20260117.adapted.csv;HSD=hns_bob_tlds.csv,2026-05-15T21:54:27,False
tellsus,11,,True,,,,,22catchall,False,active,2026-05-15,2026-05-15,SS=hns_ss-export-tld.20251226_20260107_translated_20260117.adapted.csv;HSD=hns_bob_tlds.csv,2026-05-15T21:54:27,False
temptio,11,,True,,,,,22catchall,False,active,2026-05-15,2026-05-15,SS=hns_ss-export-tld.20251226_20260107_translated_20260117.adapted.csv;HSD=hns_bob_tlds.csv,2026-05-15T21:54:27,False
thiscanbeseen,11,,True,,,,,22catchall,False,active,2026-05-15,2026-05-15,SS=hns_ss-export-tld.20251226_20260107_translated_20260117.adapted.csv;HSD=hns_bob_tlds.csv,2026-05-15T21:54:27,False
thunder-god,11,,True,,,,,22catchall,False,active,2026-05-15,2026-05-15,SS=hns_ss-export-tld.20251226_20260107_translated_20260117.adapted.csv;HSD=hns_bob_tlds.csv,2026-05-15T21:54:27,False
timarci,11,"located in Bosnia and Herzegovina about 102 mi (or 163 km) north-west of Sarajevo, the country's capital",True,,,,,22catchall,False,active,2026-05-15,2026-05-15,SS=hns_ss-export-tld.20251226_20260107_translated_20260117.adapted.csv;HSD=hns_bob_tlds.csv,2026-05-15T21:54:27,False
tindwari,11,A Northern Indian town and a nagar panchayat (area transitioning from rural to urban) in Banda district in the state of Uttar Pradesh.,True,,,,,22catchall,False,active,2026-05-15,2026-05-15,SS=hns_ss-export-tld.20251226_20260107_translated_20260117.adapted.csv;HSD=hns_bob_tlds.csv,2026-05-15T21:54:27,False
tipure,11,,True,,,,,22catchall,False,active,2026-05-15,2026-05-15,SS=hns_ss-export-tld.20251226_20260107_translated_20260117.adapted.csv;HSD=hns_bob_tlds.csv,2026-05-15T21:54:27,False
tufanganj,11,An Eastern Indian city and a municipality of Cooch Behar district in the state of West Bengal.,True,,,,,22catchall,False,active,2026-05-15,2026-05-15,SS=hns_ss-export-tld.20251226_20260107_translated_20260117.adapted.csv;HSD=hns_bob_tlds.csv,2026-05-15T21:54:27,False
unh-unh,11,,True,,,,,22catchall,False,active,2026-05-15,2026-05-15,SS=hns_ss-export-tld.20251226_20260107_translated_20260117.adapted.csv;HSD=hns_bob_tlds.csv,2026-05-15T21:54:27,False
unicornsnot,11,,True,,,,,22catchall,False,active,2026-05-15,2026-05-15,SS=hns_ss-export-tld.20251226_20260107_translated_20260117.adapted.csv;HSD=hns_bob_tlds.csv,2026-05-15T21:54:27,False
utkur,11,,True,5L,,,,22catchall,False,active,2026-05-15,2026-05-15,SS=hns_ss-export-tld.20251226_20260107_translated_20260117.adapted.csv;HSD=hns_bob_tlds.csv,2026-05-15T21:54:27,False
wikimonks,11,,True,,,,,22catchall,False,active,2026-05-15,2026-05-15,SS=hns_ss-export-tld.20251226_20260107_translated_20260117.adapted.csv;HSD=hns_bob_tlds.csv,2026-05-15T21:54:27,False
xn--e77hiby7p,11,,True,PUNY_IDNA,🇦🇺🖕,"Letters + REGIONAL INDICATOR SYMBOL LETTER A, REGIONAL INDICATOR SYMBOL LETTER U, REVERSED HAND WITH MIDDLE FINGER EXTENDED",,22catchall,False,active,2026-05-15,2026-05-15,SS=hns_ss-export-tld.20251226_20260107_translated_20260117.adapted.csv;HSD=hns_bob_tlds.csv,2026-05-15T21:54:27,False
zledgehog,11,,True,,,,,22catchall,False,active,2026-05-15,2026-05-15,SS=hns_ss-export-tld.20251226_20260107_translated_20260117.adapted.csv;HSD=hns_bob_tlds.csv,2026-05-15T21:54:27,False
uri30,15,"Uniform Resource Identifier | URI-30 Bladder control,Stops Urges,Frequent Urination,Homeopathic Pills.Urinary Incontinence",True,5C,,,,22catchall,False,active,2026-05-15,2026-05-15,SS=hns_ss-export-tld.20251226_20260107_translated_20260117.adapted.csv;HSD=hns_bob_tlds.csv,2026-05-15T21:54:27,False
takestan,20,"Siadehan or Siaden, aka Takestan, is a city and capital of Takestan County, in Qazvin Province, Iran; literally means vineyard"".""",True,,,,,22catchall,False,active,2026-05-15,2026-05-15,SS=hns_ss-export-tld.20251226_20260107_translated_20260117.adapted.csv;HSD=hns_bob_tlds.csv,2026-05-15T21:54:27,False
2040ad,22,,True,,,,,22catchall,False,active,2026-05-15,2026-05-15,SS=hns_ss-export-tld.20251226_20260107_translated_20260117.adapted.csv;HSD=hns_bob_tlds.csv,2026-05-15T21:54:27,False
2050ad,22,,True,,,,,22catchall,False,active,2026-05-15,2026-05-15,SS=hns_ss-export-tld.20251226_20260107_translated_20260117.adapted.csv;HSD=hns_bob_tlds.csv,2026-05-15T21:54:27,False
2060ad,22,,True,,,,,22catchall,False,active,2026-05-15,2026-05-15,SS=hns_ss-export-tld.20251226_20260107_translated_20260117.adapted.csv;HSD=hns_bob_tlds.csv,2026-05-15T21:54:27,False
2070ad,22,,True,,,,,22catchall,False,active,2026-05-15,2026-05-15,SS=hns_ss-export-tld.20251226_20260107_translated_20260117.adapted.csv;HSD=hns_bob_tlds.csv,2026-05-15T21:54:27,False
2080ad,22,,True,,,,,22catchall,False,active,2026-05-15,2026-05-15,SS=hns_ss-export-tld.20251226_20260107_translated_20260117.adapted.csv;HSD=hns_bob_tlds.csv,2026-05-15T21:54:27,False
2finity,22,,True,,,,,22catchall,False,active,2026-05-15,2026-05-15,SS=hns_ss-export-tld.20251226_20260107_translated_20260117.adapted.csv;HSD=hns_bob_tlds.csv,2026-05-15T21:54:27,False
696-696,22,,True,,,,,22catchall,False,active,2026-05-15,2026-05-15,SS=hns_ss-export-tld.20251226_20260107_translated_20260117.adapted.csv;HSD=hns_bob_tlds.csv,2026-05-15T21:54:27,False
700101,10170,epoch,True,6D,,,,22catchall,False,active,2026-05-15,2026-05-15,SS=hns_ss-export-tld.20251226_20260107_translated_20260117.adapted.csv;HSD=hns_bob_tlds.csv,2026-05-15T21:54:27,False
7two7,22,,True,5C,,,,22catchall,False,active,2026-05-15,2026-05-15,SS=hns_ss-export-tld.20251226_20260107_translated_20260117.adapted.csv;HSD=hns_bob_tlds.csv,2026-05-15T21:54:27,False
abcdiners,22,,True,,,,,22catchall,False,active,2026-05-15,2026-05-15,SS=hns_ss-export-tld.20251226_20260107_translated_20260117.adapted.csv;HSD=hns_bob_tlds.csv,2026-05-15T21:54:27,False
activewager,22,,True,,,,,22catchall,False,active,2026-05-15,2026-05-15,SS=hns_ss-export-tld.20251226_20260107_translated_20260117.adapted.csv;HSD=hns_bob_tlds.csv,2026-05-15T21:54:27,False
adatao,22,,True,,,,,22catchall,False,active,2026-05-15,2026-05-15,SS=hns_ss-export-tld.20251226_20260107_translated_20260117.adapted.csv;HSD=hns_bob_tlds.csv,2026-05-15T21:54:27,False
afrostudio,22,,True,,,,,22catchall,False,active,2026-05-15,2026-05-15,SS=hns_ss-export-tld.20251226_20260107_translated_20260117.adapted.csv;HSD=hns_bob_tlds.csv,2026-05-15T21:54:27,False
agemoon,22,,True,,,,,22catchall,False,active,2026-05-15,2026-05-15,SS=hns_ss-export-tld.20251226_20260107_translated_20260117.adapted.csv;HSD=hns_bob_tlds.csv,2026-05-15T21:54:27,False
allfact,22,,True,,,,,22catchall,False,active,2026-05-15,2026-05-15,SS=hns_ss-export-tld.20251226_20260107_translated_20260117.adapted.csv;HSD=hns_bob_tlds.csv,2026-05-15T21:54:27,False
allmugs,22,,True,,,,,22catchall,False,active,2026-05-15,2026-05-15,SS=hns_ss-export-tld.20251226_20260107_translated_20260117.adapted.csv;HSD=hns_bob_tlds.csv,2026-05-15T21:54:27,False
alwayslost,22,,True,,,,,22catchall,False,active,2026-05-15,2026-05-15,SS=hns_ss-export-tld.20251226_20260107_translated_20260117.adapted.csv;HSD=hns_bob_tlds.csv,2026-05-15T21:54:27,False
amemelord,22,,True,,,,,22catchall,False,active,2026-05-15,2026-05-15,SS=hns_ss-export-tld.20251226_20260107_translated_20260117.adapted.csv;HSD=hns_bob_tlds.csv,2026-05-15T21:54:27,False
amemesia,22,"A disorder, where in which a person sends a meme to the same person again, or to whom initially showed them the same meme",True,,,,,22catchall,False,active,2026-05-15,2026-05-15,SS=hns_ss-export-tld.20251226_20260107_translated_20260117.adapted.csv;HSD=hns_bob_tlds.csv,2026-05-15T21:54:27,False
amibisexual,22,,True,,,,,22catchall,False,active,2026-05-15,2026-05-15,SS=hns_ss-export-tld.20251226_20260107_translated_20260117.adapted.csv;HSD=hns_bob_tlds.csv,2026-05-15T21:54:27,False
anypain,22,,True,,,,,22catchall,False,active,2026-05-15,2026-05-15,SS=hns_ss-export-tld.20251226_20260107_translated_20260117.adapted.csv;HSD=hns_bob_tlds.csv,2026-05-15T21:54:27,False
apesmint,22,,True,,,,,22catchall,False,active,2026-05-15,2026-05-15,SS=hns_ss-export-tld.20251226_20260107_translated_20260117.adapted.csv;HSD=hns_bob_tlds.csv,2026-05-15T21:54:27,False
apologyvideo,22,,True,,,,,22catchall,False,active,2026-05-15,2026-05-15,SS=hns_ss-export-tld.20251226_20260107_translated_20260117.adapted.csv;HSD=hns_bob_tlds.csv,2026-05-15T21:54:27,False
app1a,22,,True,5C,,,,22catchall,False,active,2026-05-15,2026-05-15,SS=hns_ss-export-tld.20251226_20260107_translated_20260117.adapted.csv;HSD=hns_bob_tlds.csv,2026-05-15T21:54:27,False
appproposal,22,,True,,,,,22catchall,False,active,2026-05-15,2026-05-15,SS=hns_ss-export-tld.20251226_20260107_translated_20260117.adapted.csv;HSD=hns_bob_tlds.csv,2026-05-15T21:54:27,False
archiex,22,,True,,,,,22catchall,False,active,2026-05-15,2026-05-15,SS=hns_ss-export-tld.20251226_20260107_translated_20260117.adapted.csv;HSD=hns_bob_tlds.csv,2026-05-15T21:54:27,False
argolas,22,"PT ring, hoop, link",True,,,,,22catchall,False,active,2026-05-15,2026-05-15,SS=hns_ss-export-tld.20251226_20260107_translated_20260117.adapted.csv;HSD=hns_bob_tlds.csv,2026-05-15T21:54:27,False
artmajors,22,,True,,,,,22catchall,False,active,2026-05-15,2026-05-15,SS=hns_ss-export-tld.20251226_20260107_translated_20260117.adapted.csv;HSD=hns_bob_tlds.csv,2026-05-15T21:54:27,False
artpsycho,22,,True,,,,,22catchall,False,active,2026-05-15,2026-05-15,SS=hns_ss-export-tld.20251226_20260107_translated_20260117.adapted.csv;HSD=hns_bob_tlds.csv,2026-05-15T21:54:27,False
assassassin,22,,True,,,,,22catchall,False,active,2026-05-15,2026-05-15,SS=hns_ss-export-tld.20251226_20260107_translated_20260117.adapted.csv;HSD=hns_bob_tlds.csv,2026-05-15T21:54:27,False
assassina,22222,,True,,,,,22catchall,False,active,2026-05-15,2026-05-15,SS=hns_ss-export-tld.20251226_20260107_translated_20260117.adapted.csv;HSD=hns_bob_tlds.csv,2026-05-15T21:54:27,False
avogadrian,22,,True,,,,,22catchall,False,active,2026-05-15,2026-05-15,SS=hns_ss-export-tld.20251226_20260107_translated_20260117.adapted.csv;HSD=hns_bob_tlds.csv,2026-05-15T21:54:27,False
awetastic,22,,True,,,,,22catchall,False,active,2026-05-15,2026-05-15,SS=hns_ss-export-tld.20251226_20260107_translated_20260117.adapted.csv;HSD=hns_bob_tlds.csv,2026-05-15T21:54:27,False
axinim,22,axin' 'im [giving him the bootsack],True,,,,,22catchall,False,active,2026-05-15,2026-05-15,SS=hns_ss-export-tld.20251226_20260107_translated_20260117.adapted.csv;HSD=hns_bob_tlds.csv,2026-05-15T21:54:27,False
azevedosodre,22,PT sourdough,True,,,,,22catchall,False,active,2026-05-15,2026-05-15,SS=hns_ss-export-tld.20251226_20260107_translated_20260117.adapted.csv;HSD=hns_bob_tlds.csv,2026-05-15T21:54:27,False
aztecmask,22,,True,,,,,22catchall,False,active,2026-05-15,2026-05-15,SS=hns_ss-export-tld.20251226_20260107_translated_20260117.adapted.csv;HSD=hns_bob_tlds.csv,2026-05-15T21:54:27,False
b4buy,22,,True,5C,,,,22catchall,False,active,2026-05-15,2026-05-15,SS=hns_ss-export-tld.20251226_20260107_translated_20260117.adapted.csv;HSD=hns_bob_tlds.csv,2026-05-15T21:54:27,False
baba-jaga,22,,True,,,,,22catchall,False,active,2026-05-15,2026-05-15,SS=hns_ss-export-tld.20251226_20260107_translated_20260117.adapted.csv;HSD=hns_bob_tlds.csv,2026-05-15T21:54:27,False
badneck,22,,True,,,,,22catchall,False,active,2026-05-15,2026-05-15,SS=hns_ss-export-tld.20251226_20260107_translated_20260117.adapted.csv;HSD=hns_bob_tlds.csv,2026-05-15T21:54:27,False
baiabranca,22,PT white bay,True,,,,,22catchall,False,active,2026-05-15,2026-05-15,SS=hns_ss-export-tld.20251226_20260107_translated_20260117.adapted.csv;HSD=hns_bob_tlds.csv,2026-05-15T21:54:27,False
bamnia,22,"Jhabua district, Madhya Pradesh, India",True,,,,,22catchall,False,active,2026-05-15,2026-05-15,SS=hns_ss-export-tld.20251226_20260107_translated_20260117.adapted.csv;HSD=hns_bob_tlds.csv,2026-05-15T21:54:27,False
banagram,22,,True,,,,,22catchall,False,active,2026-05-15,2026-05-15,SS=hns_ss-export-tld.20251226_20260107_translated_20260117.adapted.csv;HSD=hns_bob_tlds.csv,2026-05-15T21:54:27,False
bananapocket,22,"Town in Whitsunday (Queensland) is a town in Australia ... or .. is that a banana in your pocket, or are you just glad to see me...?",True,,,,,22catchall,False,active,2026-05-15,2026-05-15,SS=hns_ss-export-tld.20251226_20260107_translated_20260117.adapted.csv;HSD=hns_bob_tlds.csv,2026-05-15T21:54:27,False
banbaria,22,,True,,,,,22catchall,False,active,2026-05-15,2026-05-15,SS=hns_ss-export-tld.20251226_20260107_translated_20260117.adapted.csv;HSD=hns_bob_tlds.csv,2026-05-15T21:54:27,False
bboying,22,,True,,,,,22catchall,False,active,2026-05-15,2026-05-15,SS=hns_ss-export-tld.20251226_20260107_translated_20260117.adapted.csv;HSD=hns_bob_tlds.csv,2026-05-15T21:54:27,False
beerfeast,22,,True,,,,,22catchall,False,active,2026-05-15,2026-05-15,SS=hns_ss-export-tld.20251226_20260107_translated_20260117.adapted.csv;HSD=hns_bob_tlds.csv,2026-05-15T21:54:27,False
bestdealtoday,22,,True,,,,,22catchall,False,active,2026-05-15,2026-05-15,SS=hns_ss-export-tld.20251226_20260107_translated_20260117.adapted.csv;HSD=hns_bob_tlds.csv,2026-05-15T21:54:27,False
bet-wins,22,,True,,,,,22catchall,False,active,2026-05-15,2026-05-15,SS=hns_ss-export-tld.20251226_20260107_translated_20260117.adapted.csv;HSD=hns_bob_tlds.csv,2026-05-15T21:54:27,False
betraders,22,,True,,,,,22catchall,False,active,2026-05-15,2026-05-15,SS=hns_ss-export-tld.20251226_20260107_translated_20260117.adapted.csv;HSD=hns_bob_tlds.csv,2026-05-15T21:54:27,False
biairdrop,22,,True,,,,,22catchall,False,active,2026-05-15,2026-05-15,SS=hns_ss-export-tld.20251226_20260107_translated_20260117.adapted.csv;HSD=hns_bob_tlds.csv,2026-05-15T21:54:27,False
biddeston,22,"Rural town and locality in the Toowoomba Region, Queensland, Australia. In the 2016 census, Biddeston had a population of 284 people.",True,,,,,22catchall,False,active,2026-05-15,2026-05-15,SS=hns_ss-export-tld.20251226_20260107_translated_20260117.adapted.csv;HSD=hns_bob_tlds.csv,2026-05-15T21:54:27,False
biddingworks,22,,True,,,,,22catchall,False,active,2026-05-15,2026-05-15,SS=hns_ss-export-tld.20251226_20260107_translated_20260117.adapted.csv;HSD=hns_bob_tlds.csv,2026-05-15T21:54:27,False
binaryarea,22,,True,,,,,22catchall,False,active,2026-05-15,2026-05-15,SS=hns_ss-export-tld.20251226_20260107_translated_20260117.adapted.csv;HSD=hns_bob_tlds.csv,2026-05-15T21:54:27,False
biologyforkids,22,,True,,,,,22catchall,False,active,2026-05-15,2026-05-15,SS=hns_ss-export-tld.20251226_20260107_translated_20260117.adapted.csv;HSD=hns_bob_tlds.csv,2026-05-15T21:54:27,False
birdlime,22,,True,,,,,22catchall,False,active,2026-05-15,2026-05-15,SS=hns_ss-export-tld.20251226_20260107_translated_20260117.adapted.csv;HSD=hns_bob_tlds.csv,2026-05-15T21:54:27,False
birthdaybot,22,,True,,,,,22catchall,False,active,2026-05-15,2026-05-15,SS=hns_ss-export-tld.20251226_20260107_translated_20260117.adapted.csv;HSD=hns_bob_tlds.csv,2026-05-15T21:54:27,False
blackflat,22,"coffee, or bitumen ... ?? :-)",True,,,,,22catchall,False,active,2026-05-15,2026-05-15,SS=hns_ss-export-tld.20251226_20260107_translated_20260117.adapted.csv;HSD=hns_bob_tlds.csv,2026-05-15T21:54:27,False
bligation,22,,True,,,,,22catchall,False,active,2026-05-15,2026-05-15,SS=hns_ss-export-tld.20251226_20260107_translated_20260117.adapted.csv;HSD=hns_bob_tlds.csv,2026-05-15T21:54:27,False
bloodinstinct,22,,True,,,,,22catchall,False,active,2026-05-15,2026-05-15,SS=hns_ss-export-tld.20251226_20260107_translated_20260117.adapted.csv;HSD=hns_bob_tlds.csv,2026-05-15T21:54:27,False
blowagasket,22,,True,,,,,22catchall,False,active,2026-05-15,2026-05-15,SS=hns_ss-export-tld.20251226_20260107_translated_20260117.adapted.csv;HSD=hns_bob_tlds.csv,2026-05-15T21:54:27,False
blueknob,22,,True,,,,,22catchall,False,active,2026-05-15,2026-05-15,SS=hns_ss-export-tld.20251226_20260107_translated_20260117.adapted.csv;HSD=hns_bob_tlds.csv,2026-05-15T21:54:27,False
bluetrips,22,,True,,,,,22catchall,False,active,2026-05-15,2026-05-15,SS=hns_ss-export-tld.20251226_20260107_translated_20260117.adapted.csv;HSD=hns_bob_tlds.csv,2026-05-15T21:54:27,False
bluffrock,222,,True,,,,,22catchall,False,active,2026-05-15,2026-05-15,SS=hns_ss-export-tld.20251226_20260107_translated_20260117.adapted.csv;HSD=hns_bob_tlds.csv,2026-05-15T21:54:27,False
bolshoylog,22,"Botanical reserve of regional importance in Krasnensky District of the Belgorod Oblast, Russia.",True,,,,,22catchall,False,active,2026-05-15,2026-05-15,SS=hns_ss-export-tld.20251226_20260107_translated_20260117.adapted.csv;HSD=hns_bob_tlds.csv,2026-05-15T21:54:27,False
booksused,22,,True,,,,,22catchall,False,active,2026-05-15,2026-05-15,SS=hns_ss-export-tld.20251226_20260107_translated_20260117.adapted.csv;HSD=hns_bob_tlds.csv,2026-05-15T21:54:27,False
booktrain,22,,True,,,,,22catchall,False,active,2026-05-15,2026-05-15,SS=hns_ss-export-tld.20251226_20260107_translated_20260117.adapted.csv;HSD=hns_bob_tlds.csv,2026-05-15T21:54:27,False
bookyards,22,,True,,,,,22catchall,False,active,2026-05-15,2026-05-15,SS=hns_ss-export-tld.20251226_20260107_translated_20260117.adapted.csv;HSD=hns_bob_tlds.csv,2026-05-15T21:54:27,False
boot-leg,222,,True,,,,,22catchall,False,active,2026-05-15,2026-05-15,SS=hns_ss-export-tld.20251226_20260107_translated_20260117.adapted.csv;HSD=hns_bob_tlds.csv,2026-05-15T21:54:27,False
brandget,22,,True,,,,,22catchall,False,active,2026-05-15,2026-05-15,SS=hns_ss-export-tld.20251226_20260107_translated_20260117.adapted.csv;HSD=hns_bob_tlds.csv,2026-05-15T21:54:27,False
bromised,22,bro promise[d],True,,,,,22catchall,False,active,2026-05-15,2026-05-15,SS=hns_ss-export-tld.20251226_20260107_translated_20260117.adapted.csv;HSD=hns_bob_tlds.csv,2026-05-15T21:54:27,False
brooklyntourism,22,,True,,,,,22catchall,False,active,2026-05-15,2026-05-15,SS=hns_ss-export-tld.20251226_20260107_translated_20260117.adapted.csv;HSD=hns_bob_tlds.csv,2026-05-15T21:54:27,False
bucketing,22,,True,,,,,22catchall,False,active,2026-05-15,2026-05-15,SS=hns_ss-export-tld.20251226_20260107_translated_20260117.adapted.csv;HSD=hns_bob_tlds.csv,2026-05-15T21:54:27,False
budslaw,222,,True,,,,,22catchall,False,active,2026-05-15,2026-05-15,SS=hns_ss-export-tld.20251226_20260107_translated_20260117.adapted.csv;HSD=hns_bob_tlds.csv,2026-05-15T21:54:27,False
buildsolar,22,,True,,,,,22catchall,False,active,2026-05-15,2026-05-15,SS=hns_ss-export-tld.20251226_20260107_translated_20260117.adapted.csv;HSD=hns_bob_tlds.csv,2026-05-15T21:54:27,False
bungenie,22,,True,,,,,22catchall,False,active,2026-05-15,2026-05-15,SS=hns_ss-export-tld.20251226_20260107_translated_20260117.adapted.csv;HSD=hns_bob_tlds.csv,2026-05-15T21:54:27,False
burnparty,22,,True,,,,,22catchall,False,active,2026-05-15,2026-05-15,SS=hns_ss-export-tld.20251226_20260107_translated_20260117.adapted.csv;HSD=hns_bob_tlds.csv,2026-05-15T21:54:27,False
bushmin,22,,True,,,,,22catchall,False,active,2026-05-15,2026-05-15,SS=hns_ss-export-tld.20251226_20260107_translated_20260117.adapted.csv;HSD=hns_bob_tlds.csv,2026-05-15T21:54:27,False
busyguru,22,,True,,,,,22catchall,False,active,2026-05-15,2026-05-15,SS=hns_ss-export-tld.20251226_20260107_translated_20260117.adapted.csv;HSD=hns_bob_tlds.csv,2026-05-15T21:54:27,False
buzingo,22,PT 'horn',True,,,,,22catchall,False,active,2026-05-15,2026-05-15,SS=hns_ss-export-tld.20251226_20260107_translated_20260117.adapted.csv;HSD=hns_bob_tlds.csv,2026-05-15T21:54:27,False
bychikha,22,,True,,,,,22catchall,False,active,2026-05-15,2026-05-15,SS=hns_ss-export-tld.20251226_20260107_translated_20260117.adapted.csv;HSD=hns_bob_tlds.csv,2026-05-15T21:54:27,False
calendarjournal,22,,True,,,,,22catchall,False,active,2026-05-15,2026-05-15,SS=hns_ss-export-tld.20251226_20260107_translated_20260117.adapted.csv;HSD=hns_bob_tlds.csv,2026-05-15T21:54:27,False
canihavethat,22,,True,,,,,22catchall,False,active,2026-05-15,2026-05-15,SS=hns_ss-export-tld.20251226_20260107_translated_20260117.adapted.csv;HSD=hns_bob_tlds.csv,2026-05-15T21:54:27,False
carryshit,22,,True,,,,,22catchall,False,active,2026-05-15,2026-05-15,SS=hns_ss-export-tld.20251226_20260107_translated_20260117.adapted.csv;HSD=hns_bob_tlds.csv,2026-05-15T21:54:27,False
catbites,222,,True,,,,,22catchall,False,active,2026-05-15,2026-05-15,SS=hns_ss-export-tld.20251226_20260107_translated_20260117.adapted.csv;HSD=hns_bob_tlds.csv,2026-05-15T21:54:27,False
catbits,222,,True,,,,,22catchall,False,active,2026-05-15,2026-05-15,SS=hns_ss-export-tld.20251226_20260107_translated_20260117.adapted.csv;HSD=hns_bob_tlds.csv,2026-05-15T21:54:27,False
catboat,222,,True,,,,,22catchall,False,active,2026-05-15,2026-05-15,SS=hns_ss-export-tld.20251226_20260107_translated_20260117.adapted.csv;HSD=hns_bob_tlds.csv,2026-05-15T21:54:27,False
catbond,222,,True,,,,,22catchall,False,active,2026-05-15,2026-05-15,SS=hns_ss-export-tld.20251226_20260107_translated_20260117.adapted.csv;HSD=hns_bob_tlds.csv,2026-05-15T21:54:27,False
catcrew,222,,True,,,,,22catchall,False,active,2026-05-15,2026-05-15,SS=hns_ss-export-tld.20251226_20260107_translated_20260117.adapted.csv;HSD=hns_bob_tlds.csv,2026-05-15T21:54:27,False
catdiva,222,,True,,,,,22catchall,False,active,2026-05-15,2026-05-15,SS=hns_ss-export-tld.20251226_20260107_translated_20260117.adapted.csv;HSD=hns_bob_tlds.csv,2026-05-15T21:54:27,False
catdivas,222,,True,,,,,22catchall,False,active,2026-05-15,2026-05-15,SS=hns_ss-export-tld.20251226_20260107_translated_20260117.adapted.csv;HSD=hns_bob_tlds.csv,2026-05-15T21:54:27,False
catgeek,222,,True,,,,,22catchall,False,active,2026-05-15,2026-05-15,SS=hns_ss-export-tld.20251226_20260107_translated_20260117.adapted.csv;HSD=hns_bob_tlds.csv,2026-05-15T21:54:27,False
catgems,222,,True,,,,,22catchall,False,active,2026-05-15,2026-05-15,SS=hns_ss-export-tld.20251226_20260107_translated_20260117.adapted.csv;HSD=hns_bob_tlds.csv,2026-05-15T21:54:27,False
catkat,222,,True,,,,,22catchall,False,active,2026-05-15,2026-05-15,SS=hns_ss-export-tld.20251226_20260107_translated_20260117.adapted.csv;HSD=hns_bob_tlds.csv,2026-05-15T21:54:27,False
catluck,222,,True,,,,,22catchall,False,active,2026-05-15,2026-05-15,SS=hns_ss-export-tld.20251226_20260107_translated_20260117.adapted.csv;HSD=hns_bob_tlds.csv,2026-05-15T21:54:27,False
catmood,222,,True,,,,,22catchall,False,active,2026-05-15,2026-05-15,SS=hns_ss-export-tld.20251226_20260107_translated_20260117.adapted.csv;HSD=hns_bob_tlds.csv,2026-05-15T21:54:27,False
catpros,222,,True,,,,,22catchall,False,active,2026-05-15,2026-05-15,SS=hns_ss-export-tld.20251226_20260107_translated_20260117.adapted.csv;HSD=hns_bob_tlds.csv,2026-05-15T21:54:27,False
cattek,222,,True,,,,,22catchall,False,active,2026-05-15,2026-05-15,SS=hns_ss-export-tld.20251226_20260107_translated_20260117.adapted.csv;HSD=hns_bob_tlds.csv,2026-05-15T21:54:27,False
celeres,22,,True,,,,,22catchall,False,active,2026-05-15,2026-05-15,SS=hns_ss-export-tld.20251226_20260107_translated_20260117.adapted.csv;HSD=hns_bob_tlds.csv,2026-05-15T21:54:27,False
certech,22,,True,,,,,22catchall,False,active,2026-05-15,2026-05-15,SS=hns_ss-export-tld.20251226_20260107_translated_20260117.adapted.csv;HSD=hns_bob_tlds.csv,2026-05-15T21:54:27,False
cevichebar,22,,True,,,,,22catchall,False,active,2026-05-15,2026-05-15,SS=hns_ss-export-tld.20251226_20260107_translated_20260117.adapted.csv;HSD=hns_bob_tlds.csv,2026-05-15T21:54:27,False
chainarts,22,,True,,,,,22catchall,False,active,2026-05-15,2026-05-15,SS=hns_ss-export-tld.20251226_20260107_translated_20260117.adapted.csv;HSD=hns_bob_tlds.csv,2026-05-15T21:54:27,False
chainrek,22,,True,,,,,22catchall,False,active,2026-05-15,2026-05-15,SS=hns_ss-export-tld.20251226_20260107_translated_20260117.adapted.csv;HSD=hns_bob_tlds.csv,2026-05-15T21:54:27,False
chakrapara,22,ES chakra 'tofor',True,,,,,22catchall,False,active,2026-05-15,2026-05-15,SS=hns_ss-export-tld.20251226_20260107_translated_20260117.adapted.csv;HSD=hns_bob_tlds.csv,2026-05-15T21:54:27,False
chakratala,22,small cymbals,True,,,,,22catchall,False,active,2026-05-15,2026-05-15,SS=hns_ss-export-tld.20251226_20260107_translated_20260117.adapted.csv;HSD=hns_bob_tlds.csv,2026-05-15T21:54:27,False
chaletski,22,,True,,,,,22catchall,False,active,2026-05-15,2026-05-15,SS=hns_ss-export-tld.20251226_20260107_translated_20260117.adapted.csv;HSD=hns_bob_tlds.csv,2026-05-15T21:54:27,False
changeblockchain,22,,True,,,,,22catchall,False,active,2026-05-15,2026-05-15,SS=hns_ss-export-tld.20251226_20260107_translated_20260117.adapted.csv;HSD=hns_bob_tlds.csv,2026-05-15T21:54:27,False
changestate,22,,True,,,,,22catchall,False,active,2026-05-15,2026-05-15,SS=hns_ss-export-tld.20251226_20260107_translated_20260117.adapted.csv;HSD=hns_bob_tlds.csv,2026-05-15T21:54:27,False
cheapeat,222,,True,,,,,22catchall,False,active,2026-05-15,2026-05-15,SS=hns_ss-export-tld.20251226_20260107_translated_20260117.adapted.csv;HSD=hns_bob_tlds.csv,2026-05-15T21:54:27,False
cheappart,22,,True,,,,,22catchall,False,active,2026-05-15,2026-05-15,SS=hns_ss-export-tld.20251226_20260107_translated_20260117.adapted.csv;HSD=hns_bob_tlds.csv,2026-05-15T21:54:27,False
childoriented,222,,True,,,,,22catchall,False,active,2026-05-15,2026-05-15,SS=hns_ss-export-tld.20251226_20260107_translated_20260117.adapted.csv;HSD=hns_bob_tlds.csv,2026-05-15T21:54:27,False
clearsunglasses,22,,True,,,,,22catchall,False,active,2026-05-15,2026-05-15,SS=hns_ss-export-tld.20251226_20260107_translated_20260117.adapted.csv;HSD=hns_bob_tlds.csv,2026-05-15T21:54:27,False
clockpot,22,,True,,,,,22catchall,False,active,2026-05-15,2026-05-15,SS=hns_ss-export-tld.20251226_20260107_translated_20260117.adapted.csv;HSD=hns_bob_tlds.csv,2026-05-15T21:54:27,False
closetimes,22,,True,,,,,22catchall,False,active,2026-05-15,2026-05-15,SS=hns_ss-export-tld.20251226_20260107_translated_20260117.adapted.csv;HSD=hns_bob_tlds.csv,2026-05-15T21:54:27,False
clothmask,22,,True,,,,,22catchall,False,active,2026-05-15,2026-05-15,SS=hns_ss-export-tld.20251226_20260107_translated_20260117.adapted.csv;HSD=hns_bob_tlds.csv,2026-05-15T21:54:27,False
cloudokids,22,,True,,,,,22catchall,False,active,2026-05-15,2026-05-15,SS=hns_ss-export-tld.20251226_20260107_translated_20260117.adapted.csv;HSD=hns_bob_tlds.csv,2026-05-15T21:54:27,False
colorword,22,,True,,,,,22catchall,False,active,2026-05-15,2026-05-15,SS=hns_ss-export-tld.20251226_20260107_translated_20260117.adapted.csv;HSD=hns_bob_tlds.csv,2026-05-15T21:54:27,False
conductasurvey,22,,True,,,,,22catchall,False,active,2026-05-15,2026-05-15,SS=hns_ss-export-tld.20251226_20260107_translated_20260117.adapted.csv;HSD=hns_bob_tlds.csv,2026-05-15T21:54:27,False
conefrens,22,,True,,,,,22catchall,False,active,2026-05-15,2026-05-15,SS=hns_ss-export-tld.20251226_20260107_translated_20260117.adapted.csv;HSD=hns_bob_tlds.csv,2026-05-15T21:54:27,False
cookingwithbeer,22,,True,,,,,22catchall,False,active,2026-05-15,2026-05-15,SS=hns_ss-export-tld.20251226_20260107_translated_20260117.adapted.csv;HSD=hns_bob_tlds.csv,2026-05-15T21:54:27,False
costumemania,22,,True,,,,,22catchall,False,active,2026-05-15,2026-05-15,SS=hns_ss-export-tld.20251226_20260107_translated_20260117.adapted.csv;HSD=hns_bob_tlds.csv,2026-05-15T21:54:27,False
craftgenius,22,,True,,,,,22catchall,False,active,2026-05-15,2026-05-15,SS=hns_ss-export-tld.20251226_20260107_translated_20260117.adapted.csv;HSD=hns_bob_tlds.csv,2026-05-15T21:54:27,False
createjob,22,,True,,,,,22catchall,False,active,2026-05-15,2026-05-15,SS=hns_ss-export-tld.20251226_20260107_translated_20260117.adapted.csv;HSD=hns_bob_tlds.csv,2026-05-15T21:54:27,False
crewnow,22,,True,,,,,22catchall,False,active,2026-05-15,2026-05-15,SS=hns_ss-export-tld.20251226_20260107_translated_20260117.adapted.csv;HSD=hns_bob_tlds.csv,2026-05-15T21:54:27,False
cryptoruin,22,,True,,,,,22catchall,False,active,2026-05-15,2026-05-15,SS=hns_ss-export-tld.20251226_20260107_translated_20260117.adapted.csv;HSD=hns_bob_tlds.csv,2026-05-15T21:54:27,False
cryptospare,22,,True,,,,,22catchall,False,active,2026-05-15,2026-05-15,SS=hns_ss-export-tld.20251226_20260107_translated_20260117.adapted.csv;HSD=hns_bob_tlds.csv,2026-05-15T21:54:27,False
cryptotwist,22,,True,,,,,22catchall,False,active,2026-05-15,2026-05-15,SS=hns_ss-export-tld.20251226_20260107_translated_20260117.adapted.csv;HSD=hns_bob_tlds.csv,2026-05-15T21:54:27,False
dadsell,22,,True,,,,,22catchall,False,active,2026-05-15,2026-05-15,SS=hns_ss-export-tld.20251226_20260107_translated_20260117.adapted.csv;HSD=hns_bob_tlds.csv,2026-05-15T21:54:27,False
damaoil,22,Scots Gaelic 'damages',True,,,,,22catchall,False,active,2026-05-15,2026-05-15,SS=hns_ss-export-tld.20251226_20260107_translated_20260117.adapted.csv;HSD=hns_bob_tlds.csv,2026-05-15T21:54:27,False
dayperson,22,,True,,,,,22catchall,False,active,2026-05-15,2026-05-15,SS=hns_ss-export-tld.20251226_20260107_translated_20260117.adapted.csv;HSD=hns_bob_tlds.csv,2026-05-15T21:54:27,False
deadhead420,22,,True,,,,,22catchall,False,active,2026-05-15,2026-05-15,SS=hns_ss-export-tld.20251226_20260107_translated_20260117.adapted.csv;HSD=hns_bob_tlds.csv,2026-05-15T21:54:27,False
deficalendar,22,,True,,,,,22catchall,False,active,2026-05-15,2026-05-15,SS=hns_ss-export-tld.20251226_20260107_translated_20260117.adapted.csv;HSD=hns_bob_tlds.csv,2026-05-15T21:54:27,False
defineword,22,,True,,,,,22catchall,False,active,2026-05-15,2026-05-15,SS=hns_ss-export-tld.20251226_20260107_translated_20260117.adapted.csv;HSD=hns_bob_tlds.csv,2026-05-15T21:54:27,False
deodasa,22,PT 'toothy',True,,,,,22catchall,False,active,2026-05-15,2026-05-15,SS=hns_ss-export-tld.20251226_20260107_translated_20260117.adapted.csv;HSD=hns_bob_tlds.csv,2026-05-15T21:54:27,False
depotrestaurant,22,,True,,,,,22catchall,False,active,2026-05-15,2026-05-15,SS=hns_ss-export-tld.20251226_20260107_translated_20260117.adapted.csv;HSD=hns_bob_tlds.csv,2026-05-15T21:54:27,False
desalinated,222,,True,,,,,22catchall,False,active,2026-05-15,2026-05-15,SS=hns_ss-export-tld.20251226_20260107_translated_20260117.adapted.csv;HSD=hns_bob_tlds.csv,2026-05-15T21:54:27,False
deskheaven,22,,True,,,,,22catchall,False,active,2026-05-15,2026-05-15,SS=hns_ss-export-tld.20251226_20260107_translated_20260117.adapted.csv;HSD=hns_bob_tlds.csv,2026-05-15T21:54:27,False
devilbirth,22,,True,,,,,22catchall,False,active,2026-05-15,2026-05-15,SS=hns_ss-export-tld.20251226_20260107_translated_20260117.adapted.csv;HSD=hns_bob_tlds.csv,2026-05-15T21:54:27,False
diganga,22,,True,,,,,22catchall,False,active,2026-05-15,2026-05-15,SS=hns_ss-export-tld.20251226_20260107_translated_20260117.adapted.csv;HSD=hns_bob_tlds.csv,2026-05-15T21:54:27,False
dighair,22,,True,,,,,22catchall,False,active,2026-05-15,2026-05-15,SS=hns_ss-export-tld.20251226_20260107_translated_20260117.adapted.csv;HSD=hns_bob_tlds.csv,2026-05-15T21:54:27,False
digitallivre,22,,True,,,,,22catchall,False,active,2026-05-15,2026-05-15,SS=hns_ss-export-tld.20251226_20260107_translated_20260117.adapted.csv;HSD=hns_bob_tlds.csv,2026-05-15T21:54:27,False
dimtsje,22,,True,,,,,22catchall,False,active,2026-05-15,2026-05-15,SS=hns_ss-export-tld.20251226_20260107_translated_20260117.adapted.csv;HSD=hns_bob_tlds.csv,2026-05-15T21:54:27,False
dimuanya,22,Indonesian 'in all'; Angolan town.,True,,,,,22catchall,False,active,2026-05-15,2026-05-15,SS=hns_ss-export-tld.20251226_20260107_translated_20260117.adapted.csv;HSD=hns_bob_tlds.csv,2026-05-15T21:54:27,False
dirke,22,,True,5L,,,,22catchall,False,active,2026-05-15,2026-05-15,SS=hns_ss-export-tld.20251226_20260107_translated_20260117.adapted.csv;HSD=hns_bob_tlds.csv,2026-05-15T21:54:27,False
dirtyphonics,22,,True,,,,,22catchall,False,active,2026-05-15,2026-05-15,SS=hns_ss-export-tld.20251226_20260107_translated_20260117.adapted.csv;HSD=hns_bob_tlds.csv,2026-05-15T21:54:27,False
dishrv,22,,True,,,,,22catchall,False,active,2026-05-15,2026-05-15,SS=hns_ss-export-tld.20251226_20260107_translated_20260117.adapted.csv;HSD=hns_bob_tlds.csv,2026-05-15T21:54:27,False
divacat,22,,True,,,,,22catchall,False,active,2026-05-15,2026-05-15,SS=hns_ss-export-tld.20251226_20260107_translated_20260117.adapted.csv;HSD=hns_bob_tlds.csv,2026-05-15T21:54:27,False
dog-weary,22,,True,,,,,22catchall,False,active,2026-05-15,2026-05-15,SS=hns_ss-export-tld.20251226_20260107_translated_20260117.adapted.csv;HSD=hns_bob_tlds.csv,2026-05-15T21:54:27,False
dokrat,22,,True,,,,,22catchall,False,active,2026-05-15,2026-05-15,SS=hns_ss-export-tld.20251226_20260107_translated_20260117.adapted.csv;HSD=hns_bob_tlds.csv,2026-05-15T21:54:27,False
dondaii,22,,True,,,,,22catchall,False,active,2026-05-15,2026-05-15,SS=hns_ss-export-tld.20251226_20260107_translated_20260117.adapted.csv;HSD=hns_bob_tlds.csv,2026-05-15T21:54:27,False
doubleorquits,22,,True,,,,,22catchall,False,active,2026-05-15,2026-05-15,SS=hns_ss-export-tld.20251226_20260107_translated_20260117.adapted.csv;HSD=hns_bob_tlds.csv,2026-05-15T21:54:27,False
dragontalk,22,,True,,,,,22catchall,False,active,2026-05-15,2026-05-15,SS=hns_ss-export-tld.20251226_20260107_translated_20260117.adapted.csv;HSD=hns_bob_tlds.csv,2026-05-15T21:54:27,False
dragontell,22,,True,,,,,22catchall,False,active,2026-05-15,2026-05-15,SS=hns_ss-export-tld.20251226_20260107_translated_20260117.adapted.csv;HSD=hns_bob_tlds.csv,2026-05-15T21:54:27,False
drawrein,22,,True,,,,,22catchall,False,active,2026-05-15,2026-05-15,SS=hns_ss-export-tld.20251226_20260107_translated_20260117.adapted.csv;HSD=hns_bob_tlds.csv,2026-05-15T21:54:27,False
dreamwalking,22,,True,,,,,22catchall,False,active,2026-05-15,2026-05-15,SS=hns_ss-export-tld.20251226_20260107_translated_20260117.adapted.csv;HSD=hns_bob_tlds.csv,2026-05-15T21:54:27,False
dslrtripod,22,,True,,,,,22catchall,False,active,2026-05-15,2026-05-15,SS=hns_ss-export-tld.20251226_20260107_translated_20260117.adapted.csv;HSD=hns_bob_tlds.csv,2026-05-15T21:54:27,False
dudebrew,22,,True,,,,,22catchall,False,active,2026-05-15,2026-05-15,SS=hns_ss-export-tld.20251226_20260107_translated_20260117.adapted.csv;HSD=hns_bob_tlds.csv,2026-05-15T21:54:27,False
duediamond,22,,True,,,,,22catchall,False,active,2026-05-15,2026-05-15,SS=hns_ss-export-tld.20251226_20260107_translated_20260117.adapted.csv;HSD=hns_bob_tlds.csv,2026-05-15T21:54:27,False
dwarfnft,22,,True,,,,,22catchall,False,active,2026-05-15,2026-05-15,SS=hns_ss-export-tld.20251226_20260107_translated_20260117.adapted.csv;HSD=hns_bob_tlds.csv,2026-05-15T21:54:27,False
dwebshare,22,,True,,,,,22catchall,False,active,2026-05-15,2026-05-15,SS=hns_ss-export-tld.20251226_20260107_translated_20260117.adapted.csv;HSD=hns_bob_tlds.csv,2026-05-15T21:54:27,False
dynotic,22,,True,,,,,22catchall,False,active,2026-05-15,2026-05-15,SS=hns_ss-export-tld.20251226_20260107_translated_20260117.adapted.csv;HSD=hns_bob_tlds.csv,2026-05-15T21:54:27,False
eachtoherown,22,,True,,,,,22catchall,False,active,2026-05-15,2026-05-15,SS=hns_ss-export-tld.20251226_20260107_translated_20260117.adapted.csv;HSD=hns_bob_tlds.csv,2026-05-15T21:54:27,False
earmint,22,,True,,,,,22catchall,False,active,2026-05-15,2026-05-15,SS=hns_ss-export-tld.20251226_20260107_translated_20260117.adapted.csv;HSD=hns_bob_tlds.csv,2026-05-15T21:54:27,False
eartharoma,22,,True,,,,,22catchall,False,active,2026-05-15,2026-05-15,SS=hns_ss-export-tld.20251226_20260107_translated_20260117.adapted.csv;HSD=hns_bob_tlds.csv,2026-05-15T21:54:27,False
earthchronicles,22,,True,,,,,22catchall,False,active,2026-05-15,2026-05-15,SS=hns_ss-export-tld.20251226_20260107_translated_20260117.adapted.csv;HSD=hns_bob_tlds.csv,2026-05-15T21:54:27,False
earthgleam,22,,True,,,,,22catchall,False,active,2026-05-15,2026-05-15,SS=hns_ss-export-tld.20251226_20260107_translated_20260117.adapted.csv;HSD=hns_bob_tlds.csv,2026-05-15T21:54:27,False
eatark,22,,True,,,,,22catchall,False,active,2026-05-15,2026-05-15,SS=hns_ss-export-tld.20251226_20260107_translated_20260117.adapted.csv;HSD=hns_bob_tlds.csv,2026-05-15T21:54:27,False
eatfrenzy,22,,True,,,,,22catchall,False,active,2026-05-15,2026-05-15,SS=hns_ss-export-tld.20251226_20260107_translated_20260117.adapted.csv;HSD=hns_bob_tlds.csv,2026-05-15T21:54:27,False
eatsshootsandleaves,22,,True,,,,,22catchall,False,active,2026-05-15,2026-05-15,SS=hns_ss-export-tld.20251226_20260107_translated_20260117.adapted.csv;HSD=hns_bob_tlds.csv,2026-05-15T21:54:27,False
ebay-nft,22,,True,,,,,22catchall,False,active,2026-05-15,2026-05-15,SS=hns_ss-export-tld.20251226_20260107_translated_20260117.adapted.csv;HSD=hns_bob_tlds.csv,2026-05-15T21:54:27,False
ecoherald,22,,True,,,,,22catchall,False,active,2026-05-15,2026-05-15,SS=hns_ss-export-tld.20251226_20260107_translated_20260117.adapted.csv;HSD=hns_bob_tlds.csv,2026-05-15T21:54:27,False
econowork,22,,True,,,,,22catchall,False,active,2026-05-15,2026-05-15,SS=hns_ss-export-tld.20251226_20260107_translated_20260117.adapted.csv;HSD=hns_bob_tlds.csv,2026-05-15T21:54:27,False
elmac,22,,True,5L,,,,22catchall,False,active,2026-05-15,2026-05-15,SS=hns_ss-export-tld.20251226_20260107_translated_20260117.adapted.csv;HSD=hns_bob_tlds.csv,2026-05-15T21:54:27,False
elvesonline,22,,True,,,,,22catchall,False,active,2026-05-15,2026-05-15,SS=hns_ss-export-tld.20251226_20260107_translated_20260117.adapted.csv;HSD=hns_bob_tlds.csv,2026-05-15T21:54:27,False
energy-up,22,,True,,,,,22catchall,False,active,2026-05-15,2026-05-15,SS=hns_ss-export-tld.20251226_20260107_translated_20260117.adapted.csv;HSD=hns_bob_tlds.csv,2026-05-15T21:54:27,False
ensmind,22,,True,,,,,22catchall,False,active,2026-05-15,2026-05-15,SS=hns_ss-export-tld.20251226_20260107_translated_20260117.adapted.csv;HSD=hns_bob_tlds.csv,2026-05-15T21:54:27,False
equestriancoach,22,,True,,,,,22catchall,False,active,2026-05-15,2026-05-15,SS=hns_ss-export-tld.20251226_20260107_translated_20260117.adapted.csv;HSD=hns_bob_tlds.csv,2026-05-15T21:54:27,False
ernar,22,,True,5L,,,,22catchall,False,active,2026-05-15,2026-05-15,SS=hns_ss-export-tld.20251226_20260107_translated_20260117.adapted.csv;HSD=hns_bob_tlds.csv,2026-05-15T21:54:27,False
euromade,222,,True,,,,,22catchall,False,active,2026-05-15,2026-05-15,SS=hns_ss-export-tld.20251226_20260107_translated_20260117.adapted.csv;HSD=hns_bob_tlds.csv,2026-05-15T21:54:27,False
eversham,22,,True,,,,,22catchall,False,active,2026-05-15,2026-05-15,SS=hns_ss-export-tld.20251226_20260107_translated_20260117.adapted.csv;HSD=hns_bob_tlds.csv,2026-05-15T21:54:27,False
everythingcheap,22,,True,,,,,22catchall,False,active,2026-05-15,2026-05-15,SS=hns_ss-export-tld.20251226_20260107_translated_20260117.adapted.csv;HSD=hns_bob_tlds.csv,2026-05-15T21:54:27,False
exhibitservice,22,,True,,,,,22catchall,False,active,2026-05-15,2026-05-15,SS=hns_ss-export-tld.20251226_20260107_translated_20260117.adapted.csv;HSD=hns_bob_tlds.csv,2026-05-15T21:54:27,False
familyfirewall,22,,True,,,,,22catchall,False,active,2026-05-15,2026-05-15,SS=hns_ss-export-tld.20251226_20260107_translated_20260117.adapted.csv;HSD=hns_bob_tlds.csv,2026-05-15T21:54:27,False
farizon,22,,True,,,,,22catchall,False,active,2026-05-15,2026-05-15,SS=hns_ss-export-tld.20251226_20260107_translated_20260117.adapted.csv;HSD=hns_bob_tlds.csv,2026-05-15T21:54:27,False
farmiliar,22,,True,,,,,22catchall,False,active,2026-05-15,2026-05-15,SS=hns_ss-export-tld.20251226_20260107_translated_20260117.adapted.csv;HSD=hns_bob_tlds.csv,2026-05-15T21:54:27,False
fatalcohol,22,fatal alcohol | fat alcohol,True,,,,,22catchall,False,active,2026-05-15,2026-05-15,SS=hns_ss-export-tld.20251226_20260107_translated_20260117.adapted.csv;HSD=hns_bob_tlds.csv,2026-05-15T21:54:27,False
feeldumb,22,,True,,,,,22catchall,False,active,2026-05-15,2026-05-15,SS=hns_ss-export-tld.20251226_20260107_translated_20260117.adapted.csv;HSD=hns_bob_tlds.csv,2026-05-15T21:54:27,False
festivalist,22,,True,,,,,22catchall,False,active,2026-05-15,2026-05-15,SS=hns_ss-export-tld.20251226_20260107_translated_20260117.adapted.csv;HSD=hns_bob_tlds.csv,2026-05-15T21:54:27,False
fidgetpad,22,,True,,,,,22catchall,False,active,2026-05-15,2026-05-15,SS=hns_ss-export-tld.20251226_20260107_translated_20260117.adapted.csv;HSD=hns_bob_tlds.csv,2026-05-15T21:54:27,False
findigo,22,,True,,,,,22catchall,False,active,2026-05-15,2026-05-15,SS=hns_ss-export-tld.20251226_20260107_translated_20260117.adapted.csv;HSD=hns_bob_tlds.csv,2026-05-15T21:54:27,False
fishingonthechain,22,,True,,,,,22catchall,False,active,2026-05-15,2026-05-15,SS=hns_ss-export-tld.20251226_20260107_translated_20260117.adapted.csv;HSD=hns_bob_tlds.csv,2026-05-15T21:54:27,False
flag-store,22,,True,,,,,22catchall,False,active,2026-05-15,2026-05-15,SS=hns_ss-export-tld.20251226_20260107_translated_20260117.adapted.csv;HSD=hns_bob_tlds.csv,2026-05-15T21:54:27,False
flashmatrix,22,,True,,,,,22catchall,False,active,2026-05-15,2026-05-15,SS=hns_ss-export-tld.20251226_20260107_translated_20260117.adapted.csv;HSD=hns_bob_tlds.csv,2026-05-15T21:54:27,False
fliyer,22,[flierflyer],True,,,,,22catchall,False,active,2026-05-15,2026-05-15,SS=hns_ss-export-tld.20251226_20260107_translated_20260117.adapted.csv;HSD=hns_bob_tlds.csv,2026-05-15T21:54:27,False
flowlist,22,,True,,,,,22catchall,False,active,2026-05-15,2026-05-15,SS=hns_ss-export-tld.20251226_20260107_translated_20260117.adapted.csv;HSD=hns_bob_tlds.csv,2026-05-15T21:54:27,False
foodreactions,22,,True,,,,,22catchall,False,active,2026-05-15,2026-05-15,SS=hns_ss-export-tld.20251226_20260107_translated_20260117.adapted.csv;HSD=hns_bob_tlds.csv,2026-05-15T21:54:27,False
fortunetrain,22,,True,,,,,22catchall,False,active,2026-05-15,2026-05-15,SS=hns_ss-export-tld.20251226_20260107_translated_20260117.adapted.csv;HSD=hns_bob_tlds.csv,2026-05-15T21:54:27,False
freeeeak,22,,True,,,,,22catchall,False,active,2026-05-15,2026-05-15,SS=hns_ss-export-tld.20251226_20260107_translated_20260117.adapted.csv;HSD=hns_bob_tlds.csv,2026-05-15T21:54:27,False
friendlyname,22,,True,,,,,22catchall,False,active,2026-05-15,2026-05-15,SS=hns_ss-export-tld.20251226_20260107_translated_20260117.adapted.csv;HSD=hns_bob_tlds.csv,2026-05-15T21:54:27,False
funnycrypto,22,,True,,,,,22catchall,False,active,2026-05-15,2026-05-15,SS=hns_ss-export-tld.20251226_20260107_translated_20260117.adapted.csv;HSD=hns_bob_tlds.csv,2026-05-15T21:54:27,False
funodd,22,,True,,,,,22catchall,False,active,2026-05-15,2026-05-15,SS=hns_ss-export-tld.20251226_20260107_translated_20260117.adapted.csv;HSD=hns_bob_tlds.csv,2026-05-15T21:54:27,False
futurepack,22,,True,,,,,22catchall,False,active,2026-05-15,2026-05-15,SS=hns_ss-export-tld.20251226_20260107_translated_20260117.adapted.csv;HSD=hns_bob_tlds.csv,2026-05-15T21:54:27,False
galaxyglow,22,,True,,,,,22catchall,False,active,2026-05-15,2026-05-15,SS=hns_ss-export-tld.20251226_20260107_translated_20260117.adapted.csv;HSD=hns_bob_tlds.csv,2026-05-15T21:54:27,False
geeksquare,22,,True,,,,,22catchall,False,active,2026-05-15,2026-05-15,SS=hns_ss-export-tld.20251226_20260107_translated_20260117.adapted.csv;HSD=hns_bob_tlds.csv,2026-05-15T21:54:27,False
getmeouttahere,22,,True,,,,,22catchall,False,active,2026-05-15,2026-05-15,SS=hns_ss-export-tld.20251226_20260107_translated_20260117.adapted.csv;HSD=hns_bob_tlds.csv,2026-05-15T21:54:27,False
globallynomadic,22,,True,,,,,22catchall,False,active,2026-05-15,2026-05-15,SS=hns_ss-export-tld.20251226_20260107_translated_20260117.adapted.csv;HSD=hns_bob_tlds.csv,2026-05-15T21:54:27,False
globalmachinery,22,,True,,,,,22catchall,False,active,2026-05-15,2026-05-15,SS=hns_ss-export-tld.20251226_20260107_translated_20260117.adapted.csv;HSD=hns_bob_tlds.csv,2026-05-15T21:54:27,False
gohare,22,,True,,,,,22catchall,False,active,2026-05-15,2026-05-15,SS=hns_ss-export-tld.20251226_20260107_translated_20260117.adapted.csv;HSD=hns_bob_tlds.csv,2026-05-15T21:54:27,False
goldsilverstandard,22,,True,,,,,22catchall,False,active,2026-05-15,2026-05-15,SS=hns_ss-export-tld.20251226_20260107_translated_20260117.adapted.csv;HSD=hns_bob_tlds.csv,2026-05-15T21:54:27,False
goodbasics,22,,True,,,,,22catchall,False,active,2026-05-15,2026-05-15,SS=hns_ss-export-tld.20251226_20260107_translated_20260117.adapted.csv;HSD=hns_bob_tlds.csv,2026-05-15T21:54:27,False
grabezmala,22,BU 'grabbed' .. ni grabbed it - you can too!,True,,,,,22catchall,False,active,2026-05-15,2026-05-15,SS=hns_ss-export-tld.20251226_20260107_translated_20260117.adapted.csv;HSD=hns_bob_tlds.csv,2026-05-15T21:54:27,False
graduationnight,22,,True,,,,,22catchall,False,active,2026-05-15,2026-05-15,SS=hns_ss-export-tld.20251226_20260107_translated_20260117.adapted.csv;HSD=hns_bob_tlds.csv,2026-05-15T21:54:27,False
greycos,22,,True,,,,,22catchall,False,active,2026-05-15,2026-05-15,SS=hns_ss-export-tld.20251226_20260107_translated_20260117.adapted.csv;HSD=hns_bob_tlds.csv,2026-05-15T21:54:27,False
grezin,22,,True,,,,,22catchall,False,active,2026-05-15,2026-05-15,SS=hns_ss-export-tld.20251226_20260107_translated_20260117.adapted.csv;HSD=hns_bob_tlds.csv,2026-05-15T21:54:27,False
grooveon,22,,True,,,,,22catchall,False,active,2026-05-15,2026-05-15,SS=hns_ss-export-tld.20251226_20260107_translated_20260117.adapted.csv;HSD=hns_bob_tlds.csv,2026-05-15T21:54:27,False
growdao,22,,True,,,,,22catchall,False,active,2026-05-15,2026-05-15,SS=hns_ss-export-tld.20251226_20260107_translated_20260117.adapted.csv;HSD=hns_bob_tlds.csv,2026-05-15T21:54:27,False
guccihat,22,,True,,,,,22catchall,False,active,2026-05-15,2026-05-15,SS=hns_ss-export-tld.20251226_20260107_translated_20260117.adapted.csv;HSD=hns_bob_tlds.csv,2026-05-15T21:54:27,False
guiddir,22,,True,,,,,22catchall,False,active,2026-05-15,2026-05-15,SS=hns_ss-export-tld.20251226_20260107_translated_20260117.adapted.csv;HSD=hns_bob_tlds.csv,2026-05-15T21:54:27,False
gymaesthetics,22,,True,,,,,22catchall,False,active,2026-05-15,2026-05-15,SS=hns_ss-export-tld.20251226_20260107_translated_20260117.adapted.csv;HSD=hns_bob_tlds.csv,2026-05-15T21:54:27,False
gynecomania,22,Extreme sexual desire in the male; a compulsive desire for female sex partners,True,,,,,22catchall,False,active,2026-05-15,2026-05-15,SS=hns_ss-export-tld.20251226_20260107_translated_20260117.adapted.csv;HSD=hns_bob_tlds.csv,2026-05-15T21:54:27,False
habitsaver,22,,True,,,,,22catchall,False,active,2026-05-15,2026-05-15,SS=hns_ss-export-tld.20251226_20260107_translated_20260117.adapted.csv;HSD=hns_bob_tlds.csv,2026-05-15T21:54:27,False
hamburgerheaven,22,,True,,,,,22catchall,False,active,2026-05-15,2026-05-15,SS=hns_ss-export-tld.20251226_20260107_translated_20260117.adapted.csv;HSD=hns_bob_tlds.csv,2026-05-15T21:54:27,False
hangblockchain,22,,True,,,,,22catchall,False,active,2026-05-15,2026-05-15,SS=hns_ss-export-tld.20251226_20260107_translated_20260117.adapted.csv;HSD=hns_bob_tlds.csv,2026-05-15T21:54:27,False
happydecay,22,,True,,,,,22catchall,False,active,2026-05-15,2026-05-15,SS=hns_ss-export-tld.20251226_20260107_translated_20260117.adapted.csv;HSD=hns_bob_tlds.csv,2026-05-15T21:54:27,False
healersathome,22,,True,,,,,22catchall,False,active,2026-05-15,2026-05-15,SS=hns_ss-export-tld.20251226_20260107_translated_20260117.adapted.csv;HSD=hns_bob_tlds.csv,2026-05-15T21:54:27,False
herblot,22,,True,,,,,22catchall,False,active,2026-05-15,2026-05-15,SS=hns_ss-export-tld.20251226_20260107_translated_20260117.adapted.csv;HSD=hns_bob_tlds.csv,2026-05-15T21:54:27,False
hisnibs,22,,True,,,,,22catchall,False,active,2026-05-15,2026-05-15,SS=hns_ss-export-tld.20251226_20260107_translated_20260117.adapted.csv;HSD=hns_bob_tlds.csv,2026-05-15T21:54:27,False
homebasic,22,,True,,,,,22catchall,False,active,2026-05-15,2026-05-15,SS=hns_ss-export-tld.20251226_20260107_translated_20260117.adapted.csv;HSD=hns_bob_tlds.csv,2026-05-15T21:54:27,False
horseroad,22,,True,,,,,22catchall,False,active,2026-05-15,2026-05-15,SS=hns_ss-export-tld.20251226_20260107_translated_20260117.adapted.csv;HSD=hns_bob_tlds.csv,2026-05-15T21:54:27,False
howtostartadiet,22,,True,,,,,22catchall,False,active,2026-05-15,2026-05-15,SS=hns_ss-export-tld.20251226_20260107_translated_20260117.adapted.csv;HSD=hns_bob_tlds.csv,2026-05-15T21:54:27,False
hyart,22,,True,5L,,,,22catchall,False,active,2026-05-15,2026-05-15,SS=hns_ss-export-tld.20251226_20260107_translated_20260117.adapted.csv;HSD=hns_bob_tlds.csv,2026-05-15T21:54:27,False
hyphenstudio,22,,True,,,,,22catchall,False,active,2026-05-15,2026-05-15,SS=hns_ss-export-tld.20251226_20260107_translated_20260117.adapted.csv;HSD=hns_bob_tlds.csv,2026-05-15T21:54:27,False
icerescue,22,,True,,,,,22catchall,False,active,2026-05-15,2026-05-15,SS=hns_ss-export-tld.20251226_20260107_translated_20260117.adapted.csv;HSD=hns_bob_tlds.csv,2026-05-15T21:54:27,False
imrah,22,,True,5L,,,,22catchall,False,active,2026-05-15,2026-05-15,SS=hns_ss-export-tld.20251226_20260107_translated_20260117.adapted.csv;HSD=hns_bob_tlds.csv,2026-05-15T21:54:27,False
inorderto,22,,True,,,,,22catchall,False,active,2026-05-15,2026-05-15,SS=hns_ss-export-tld.20251226_20260107_translated_20260117.adapted.csv;HSD=hns_bob_tlds.csv,2026-05-15T21:54:27,False
internetroaming,22,,True,,,,,22catchall,False,active,2026-05-15,2026-05-15,SS=hns_ss-export-tld.20251226_20260107_translated_20260117.adapted.csv;HSD=hns_bob_tlds.csv,2026-05-15T21:54:27,False
isavi,22,,True,5L,,,,22catchall,False,active,2026-05-15,2026-05-15,SS=hns_ss-export-tld.20251226_20260107_translated_20260117.adapted.csv;HSD=hns_bob_tlds.csv,2026-05-15T21:54:27,False
jobofwork,22,,True,,,,,22catchall,False,active,2026-05-15,2026-05-15,SS=hns_ss-export-tld.20251226_20260107_translated_20260117.adapted.csv;HSD=hns_bob_tlds.csv,2026-05-15T21:54:27,False
justgeneric,22,,True,,,,,22catchall,False,active,2026-05-15,2026-05-15,SS=hns_ss-export-tld.20251226_20260107_translated_20260117.adapted.csv;HSD=hns_bob_tlds.csv,2026-05-15T21:54:27,False
justsun,22,,True,,,,,22catchall,False,active,2026-05-15,2026-05-15,SS=hns_ss-export-tld.20251226_20260107_translated_20260117.adapted.csv;HSD=hns_bob_tlds.csv,2026-05-15T21:54:27,False
kaliyuga,22,,True,,,,,22catchall,False,active,2026-05-15,2026-05-15,SS=hns_ss-export-tld.20251226_20260107_translated_20260117.adapted.csv;HSD=hns_bob_tlds.csv,2026-05-15T21:54:27,False
king-of-shit,22,,True,,,,,22catchall,False,active,2026-05-15,2026-05-15,SS=hns_ss-export-tld.20251226_20260107_translated_20260117.adapted.csv;HSD=hns_bob_tlds.csv,2026-05-15T21:54:27,False
kingdomchairs,22,,True,,,,,22catchall,False,active,2026-05-15,2026-05-15,SS=hns_ss-export-tld.20251226_20260107_translated_20260117.adapted.csv;HSD=hns_bob_tlds.csv,2026-05-15T21:54:27,False
knightstalker,22,,True,,,,,22catchall,False,active,2026-05-15,2026-05-15,SS=hns_ss-export-tld.20251226_20260107_translated_20260117.adapted.csv;HSD=hns_bob_tlds.csv,2026-05-15T21:54:27,False
kompus,22,,True,,,,,22catchall,False,active,2026-05-15,2026-05-15,SS=hns_ss-export-tld.20251226_20260107_translated_20260117.adapted.csv;HSD=hns_bob_tlds.csv,2026-05-15T21:54:27,False
kraftwerken,22,DE 'power plants noun: power station',True,,,,,22catchall,False,active,2026-05-15,2026-05-15,SS=hns_ss-export-tld.20251226_20260107_translated_20260117.adapted.csv;HSD=hns_bob_tlds.csv,2026-05-15T21:54:27,False
kthrash,22,,True,,,,,22catchall,False,active,2026-05-15,2026-05-15,SS=hns_ss-export-tld.20251226_20260107_translated_20260117.adapted.csv;HSD=hns_bob_tlds.csv,2026-05-15T21:54:27,False
kungfunecktie,22,,True,,,,,22catchall,False,active,2026-05-15,2026-05-15,SS=hns_ss-export-tld.20251226_20260107_translated_20260117.adapted.csv;HSD=hns_bob_tlds.csv,2026-05-15T21:54:27,False
labyrinthos,22,,True,,,,,22catchall,False,active,2026-05-15,2026-05-15,SS=hns_ss-export-tld.20251226_20260107_translated_20260117.adapted.csv;HSD=hns_bob_tlds.csv,2026-05-15T21:54:27,False
lightyear0,22,,True,,,,,22catchall,False,active,2026-05-15,2026-05-15,SS=hns_ss-export-tld.20251226_20260107_translated_20260117.adapted.csv;HSD=hns_bob_tlds.csv,2026-05-15T21:54:27,False
lookinmypc,22,,True,,,,,22catchall,False,active,2026-05-15,2026-05-15,SS=hns_ss-export-tld.20251226_20260107_translated_20260117.adapted.csv;HSD=hns_bob_tlds.csv,2026-05-15T21:54:27,False
losttoys,22,,True,,,,,22catchall,False,active,2026-05-15,2026-05-15,SS=hns_ss-export-tld.20251226_20260107_translated_20260117.adapted.csv;HSD=hns_bob_tlds.csv,2026-05-15T21:54:27,False
lowage,22,,True,,,,,22catchall,False,active,2026-05-15,2026-05-15,SS=hns_ss-export-tld.20251226_20260107_translated_20260117.adapted.csv;HSD=hns_bob_tlds.csv,2026-05-15T21:54:27,False
mailfun,22,,True,,,,,22catchall,False,active,2026-05-15,2026-05-15,SS=hns_ss-export-tld.20251226_20260107_translated_20260117.adapted.csv;HSD=hns_bob_tlds.csv,2026-05-15T21:54:27,False
mailmenu,22,,True,,,,,22catchall,False,active,2026-05-15,2026-05-15,SS=hns_ss-export-tld.20251226_20260107_translated_20260117.adapted.csv;HSD=hns_bob_tlds.csv,2026-05-15T21:54:27,False
majiko,22,,True,,,,,22catchall,False,active,2026-05-15,2026-05-15,SS=hns_ss-export-tld.20251226_20260107_translated_20260117.adapted.csv;HSD=hns_bob_tlds.csv,2026-05-15T21:54:27,False
manteaus,22,"plural noun: a loose gown or cloak worn by women in the 17th and 18th centuries  a long, loose coat or overshirt worn by Muslim women.",True,,,,,22catchall,False,active,2026-05-15,2026-05-15,SS=hns_ss-export-tld.20251226_20260107_translated_20260117.adapted.csv;HSD=hns_bob_tlds.csv,2026-05-15T21:54:27,False
mapactive,22,,True,,,,,22catchall,False,active,2026-05-15,2026-05-15,SS=hns_ss-export-tld.20251226_20260107_translated_20260117.adapted.csv;HSD=hns_bob_tlds.csv,2026-05-15T21:54:27,False
mapready,22,,True,,,,,22catchall,False,active,2026-05-15,2026-05-15,SS=hns_ss-export-tld.20251226_20260107_translated_20260117.adapted.csv;HSD=hns_bob_tlds.csv,2026-05-15T21:54:27,False
mapsmobile,22,,True,,,,,22catchall,False,active,2026-05-15,2026-05-15,SS=hns_ss-export-tld.20251226_20260107_translated_20260117.adapted.csv;HSD=hns_bob_tlds.csv,2026-05-15T21:54:27,False
marmoz,22,,True,,,,,22catchall,False,active,2026-05-15,2026-05-15,SS=hns_ss-export-tld.20251226_20260107_translated_20260117.adapted.csv;HSD=hns_bob_tlds.csv,2026-05-15T21:54:27,False
marspaceship,222,,True,,,,,22catchall,False,active,2026-05-15,2026-05-15,SS=hns_ss-export-tld.20251226_20260107_translated_20260117.adapted.csv;HSD=hns_bob_tlds.csv,2026-05-15T21:54:27,False
matchwedding,22,,True,,,,,22catchall,False,active,2026-05-15,2026-05-15,SS=hns_ss-export-tld.20251226_20260107_translated_20260117.adapted.csv;HSD=hns_bob_tlds.csv,2026-05-15T21:54:27,False
medeus,22,,True,,,,,22catchall,False,active,2026-05-15,2026-05-15,SS=hns_ss-export-tld.20251226_20260107_translated_20260117.adapted.csv;HSD=hns_bob_tlds.csv,2026-05-15T21:54:27,False
medibazaar,22,,True,,,,,22catchall,False,active,2026-05-15,2026-05-15,SS=hns_ss-export-tld.20251226_20260107_translated_20260117.adapted.csv;HSD=hns_bob_tlds.csv,2026-05-15T21:54:27,False
memetales,22,,True,,,,,22catchall,False,active,2026-05-15,2026-05-15,SS=hns_ss-export-tld.20251226_20260107_translated_20260117.adapted.csv;HSD=hns_bob_tlds.csv,2026-05-15T21:54:27,False
mexicanpinatas,22,,True,,,,,22catchall,False,active,2026-05-15,2026-05-15,SS=hns_ss-export-tld.20251226_20260107_translated_20260117.adapted.csv;HSD=hns_bob_tlds.csv,2026-05-15T21:54:27,False
mikredki,22,,True,,,,,22catchall,False,active,2026-05-15,2026-05-15,SS=hns_ss-export-tld.20251226_20260107_translated_20260117.adapted.csv;HSD=hns_bob_tlds.csv,2026-05-15T21:54:27,False
misseat,22,miss-eat  miss-seat,True,,,,,22catchall,False,active,2026-05-15,2026-05-15,SS=hns_ss-export-tld.20251226_20260107_translated_20260117.adapted.csv;HSD=hns_bob_tlds.csv,2026-05-15T21:54:27,False
mixwriter,22,,True,,,,,22catchall,False,active,2026-05-15,2026-05-15,SS=hns_ss-export-tld.20251226_20260107_translated_20260117.adapted.csv;HSD=hns_bob_tlds.csv,2026-05-15T21:54:27,False
mojidad,22,,True,,,,,22catchall,False,active,2026-05-15,2026-05-15,SS=hns_ss-export-tld.20251226_20260107_translated_20260117.adapted.csv;HSD=hns_bob_tlds.csv,2026-05-15T21:54:27,False
momhost,22,,True,,,,,22catchall,False,active,2026-05-15,2026-05-15,SS=hns_ss-export-tld.20251226_20260107_translated_20260117.adapted.csv;HSD=hns_bob_tlds.csv,2026-05-15T21:54:27,False
monkeyyoga,22,,True,,,,,22catchall,False,active,2026-05-15,2026-05-15,SS=hns_ss-export-tld.20251226_20260107_translated_20260117.adapted.csv;HSD=hns_bob_tlds.csv,2026-05-15T21:54:27,False
mooctochina,22,,True,,,,,22catchall,False,active,2026-05-15,2026-05-15,SS=hns_ss-export-tld.20251226_20260107_translated_20260117.adapted.csv;HSD=hns_bob_tlds.csv,2026-05-15T21:54:27,False
morelaws,22,,True,,,,,22catchall,False,active,2026-05-15,2026-05-15,SS=hns_ss-export-tld.20251226_20260107_translated_20260117.adapted.csv;HSD=hns_bob_tlds.csv,2026-05-15T21:54:27,False
moscowembassy,22,,True,,,,,22catchall,False,active,2026-05-15,2026-05-15,SS=hns_ss-export-tld.20251226_20260107_translated_20260117.adapted.csv;HSD=hns_bob_tlds.csv,2026-05-15T21:54:27,False
mothballnft,22,,True,,,,,22catchall,False,active,2026-05-15,2026-05-15,SS=hns_ss-export-tld.20251226_20260107_translated_20260117.adapted.csv;HSD=hns_bob_tlds.csv,2026-05-15T21:54:27,False
motheranddaughter,22,,True,,,,,22catchall,False,active,2026-05-15,2026-05-15,SS=hns_ss-export-tld.20251226_20260107_translated_20260117.adapted.csv;HSD=hns_bob_tlds.csv,2026-05-15T21:54:27,False
mototravelers,22,,True,,,,,22catchall,False,active,2026-05-15,2026-05-15,SS=hns_ss-export-tld.20251226_20260107_translated_20260117.adapted.csv;HSD=hns_bob_tlds.csv,2026-05-15T21:54:27,False
mulletsfishcamp,22,,True,,,,,22catchall,False,active,2026-05-15,2026-05-15,SS=hns_ss-export-tld.20251226_20260107_translated_20260117.adapted.csv;HSD=hns_bob_tlds.csv,2026-05-15T21:54:27,False
mybrokensea,22,,True,,,,,22catchall,False,active,2026-05-15,2026-05-15,SS=hns_ss-export-tld.20251226_20260107_translated_20260117.adapted.csv;HSD=hns_bob_tlds.csv,2026-05-15T21:54:27,False
mywreck,22,,True,,,,,22catchall,False,active,2026-05-15,2026-05-15,SS=hns_ss-export-tld.20251226_20260107_translated_20260117.adapted.csv;HSD=hns_bob_tlds.csv,2026-05-15T21:54:27,False
namewisdom,22,,True,,,,,22catchall,False,active,2026-05-15,2026-05-15,SS=hns_ss-export-tld.20251226_20260107_translated_20260117.adapted.csv;HSD=hns_bob_tlds.csv,2026-05-15T21:54:27,False
nationbase,22,,True,,,,,22catchall,False,active,2026-05-15,2026-05-15,SS=hns_ss-export-tld.20251226_20260107_translated_20260117.adapted.csv;HSD=hns_bob_tlds.csv,2026-05-15T21:54:27,False
nativeseed,22,,True,,,,,22catchall,False,active,2026-05-15,2026-05-15,SS=hns_ss-export-tld.20251226_20260107_translated_20260117.adapted.csv;HSD=hns_bob_tlds.csv,2026-05-15T21:54:27,False
naturewellbeing,22,,True,,,,,22catchall,False,active,2026-05-15,2026-05-15,SS=hns_ss-export-tld.20251226_20260107_translated_20260117.adapted.csv;HSD=hns_bob_tlds.csv,2026-05-15T21:54:27,False
ndations,22,[fou]ndations,True,,,,,22catchall,False,active,2026-05-15,2026-05-15,SS=hns_ss-export-tld.20251226_20260107_translated_20260117.adapted.csv;HSD=hns_bob_tlds.csv,2026-05-15T21:54:27,False
nftjail,22,,True,,,,,22catchall,False,active,2026-05-15,2026-05-15,SS=hns_ss-export-tld.20251226_20260107_translated_20260117.adapted.csv;HSD=hns_bob_tlds.csv,2026-05-15T21:54:27,False
nftsilo,22,,True,,,,,22catchall,False,active,2026-05-15,2026-05-15,SS=hns_ss-export-tld.20251226_20260107_translated_20260117.adapted.csv;HSD=hns_bob_tlds.csv,2026-05-15T21:54:27,False
nicedear,22,,True,,,,,22catchall,False,active,2026-05-15,2026-05-15,SS=hns_ss-export-tld.20251226_20260107_translated_20260117.adapted.csv;HSD=hns_bob_tlds.csv,2026-05-15T21:54:27,False
nipplebanana,22,,True,,,,,22catchall,False,active,2026-05-15,2026-05-15,SS=hns_ss-export-tld.20251226_20260107_translated_20260117.adapted.csv;HSD=hns_bob_tlds.csv,2026-05-15T21:54:27,False
no-mad,22222,,True,,,,,22catchall,False,active,2026-05-15,2026-05-15,SS=hns_ss-export-tld.20251226_20260107_translated_20260117.adapted.csv;HSD=hns_bob_tlds.csv,2026-05-15T21:54:27,False
nongisnong,22,,True,,,,,22catchall,False,active,2026-05-15,2026-05-15,SS=hns_ss-export-tld.20251226_20260107_translated_20260117.adapted.csv;HSD=hns_bob_tlds.csv,2026-05-15T21:54:27,False
norise,22,"Latvian 'progress noun: procedure, process, run'",True,,,,,22catchall,False,active,2026-05-15,2026-05-15,SS=hns_ss-export-tld.20251226_20260107_translated_20260117.adapted.csv;HSD=hns_bob_tlds.csv,2026-05-15T21:54:27,False
noshnest,22,,True,,,,,22catchall,False,active,2026-05-15,2026-05-15,SS=hns_ss-export-tld.20251226_20260107_translated_20260117.adapted.csv;HSD=hns_bob_tlds.csv,2026-05-15T21:54:27,False
noteat,22,,True,,,,,22catchall,False,active,2026-05-15,2026-05-15,SS=hns_ss-export-tld.20251226_20260107_translated_20260117.adapted.csv;HSD=hns_bob_tlds.csv,2026-05-15T21:54:27,False
nudedudes,22,,True,,,,,22catchall,False,active,2026-05-15,2026-05-15,SS=hns_ss-export-tld.20251226_20260107_translated_20260117.adapted.csv;HSD=hns_bob_tlds.csv,2026-05-15T21:54:27,False
nytrucks,22,,True,,,,,22catchall,False,active,2026-05-15,2026-05-15,SS=hns_ss-export-tld.20251226_20260107_translated_20260117.adapted.csv;HSD=hns_bob_tlds.csv,2026-05-15T21:54:27,False
onebadday,22,,True,,,,,22catchall,False,active,2026-05-15,2026-05-15,SS=hns_ss-export-tld.20251226_20260107_translated_20260117.adapted.csv;HSD=hns_bob_tlds.csv,2026-05-15T21:54:27,False
oneillusa,22,,True,,,,,22catchall,False,active,2026-05-15,2026-05-15,SS=hns_ss-export-tld.20251226_20260107_translated_20260117.adapted.csv;HSD=hns_bob_tlds.csv,2026-05-15T21:54:27,False
onestraw,22,,True,,,,,22catchall,False,active,2026-05-15,2026-05-15,SS=hns_ss-export-tld.20251226_20260107_translated_20260117.adapted.csv;HSD=hns_bob_tlds.csv,2026-05-15T21:54:27,False
onlineshopchina,22,,True,,,,,22catchall,False,active,2026-05-15,2026-05-15,SS=hns_ss-export-tld.20251226_20260107_translated_20260117.adapted.csv;HSD=hns_bob_tlds.csv,2026-05-15T21:54:27,False
oronas,22,,True,,,,,22catchall,False,active,2026-05-15,2026-05-15,SS=hns_ss-export-tld.20251226_20260107_translated_20260117.adapted.csv;HSD=hns_bob_tlds.csv,2026-05-15T21:54:27,False
osterwasser,22,,True,,,,,22catchall,False,active,2026-05-15,2026-05-15,SS=hns_ss-export-tld.20251226_20260107_translated_20260117.adapted.csv;HSD=hns_bob_tlds.csv,2026-05-15T21:54:27,False
ouratlas,22,,True,,,,,22catchall,False,active,2026-05-15,2026-05-15,SS=hns_ss-export-tld.20251226_20260107_translated_20260117.adapted.csv;HSD=hns_bob_tlds.csv,2026-05-15T21:54:27,False
ovcari,22,Bosnian 'sheep',True,,,,,22catchall,False,active,2026-05-15,2026-05-15,SS=hns_ss-export-tld.20251226_20260107_translated_20260117.adapted.csv;HSD=hns_bob_tlds.csv,2026-05-15T21:54:27,False
ozreni,22,BU 'mature',True,,,,,22catchall,False,active,2026-05-15,2026-05-15,SS=hns_ss-export-tld.20251226_20260107_translated_20260117.adapted.csv;HSD=hns_bob_tlds.csv,2026-05-15T21:54:27,False
pacificwine,22,,True,,,,,22catchall,False,active,2026-05-15,2026-05-15,SS=hns_ss-export-tld.20251226_20260107_translated_20260117.adapted.csv;HSD=hns_bob_tlds.csv,2026-05-15T21:54:27,False
painpal,22,,True,,,,,22catchall,False,active,2026-05-15,2026-05-15,SS=hns_ss-export-tld.20251226_20260107_translated_20260117.adapted.csv;HSD=hns_bob_tlds.csv,2026-05-15T21:54:27,False
painsomnia,22,,True,,,,,22catchall,False,active,2026-05-15,2026-05-15,SS=hns_ss-export-tld.20251226_20260107_translated_20260117.adapted.csv;HSD=hns_bob_tlds.csv,2026-05-15T21:54:27,False
panprog,22,,True,,,,,22catchall,False,active,2026-05-15,2026-05-15,SS=hns_ss-export-tld.20251226_20260107_translated_20260117.adapted.csv;HSD=hns_bob_tlds.csv,2026-05-15T21:54:27,False
parysh,22,[parish],True,,,,,22catchall,False,active,2026-05-15,2026-05-15,SS=hns_ss-export-tld.20251226_20260107_translated_20260117.adapted.csv;HSD=hns_bob_tlds.csv,2026-05-15T21:54:27,False
peacecats,222,,True,,,,,22catchall,False,active,2026-05-15,2026-05-15,SS=hns_ss-export-tld.20251226_20260107_translated_20260117.adapted.csv;HSD=hns_bob_tlds.csv,2026-05-15T21:54:27,False
peacemaxi,22,,True,,,,,22catchall,False,active,2026-05-15,2026-05-15,SS=hns_ss-export-tld.20251226_20260107_translated_20260117.adapted.csv;HSD=hns_bob_tlds.csv,2026-05-15T21:54:27,False
pechenet,22,,True,,,,,22catchall,False,active,2026-05-15,2026-05-15,SS=hns_ss-export-tld.20251226_20260107_translated_20260117.adapted.csv;HSD=hns_bob_tlds.csv,2026-05-15T21:54:27,False
pensexpert,22,,True,,,,,22catchall,False,active,2026-05-15,2026-05-15,SS=hns_ss-export-tld.20251226_20260107_translated_20260117.adapted.csv;HSD=hns_bob_tlds.csv,2026-05-15T21:54:27,False
pimpmylife,22,,True,,,,,22catchall,False,active,2026-05-15,2026-05-15,SS=hns_ss-export-tld.20251226_20260107_translated_20260117.adapted.csv;HSD=hns_bob_tlds.csv,2026-05-15T21:54:27,False
plurali,22,,True,,,,,22catchall,False,active,2026-05-15,2026-05-15,SS=hns_ss-export-tld.20251226_20260107_translated_20260117.adapted.csv;HSD=hns_bob_tlds.csv,2026-05-15T21:54:27,False
podgalevi,22,BU subchapters,True,,,,,22catchall,False,active,2026-05-15,2026-05-15,SS=hns_ss-export-tld.20251226_20260107_translated_20260117.adapted.csv;HSD=hns_bob_tlds.csv,2026-05-15T21:54:27,False
pop-it,22,,True,,,,,22catchall,False,active,2026-05-15,2026-05-15,SS=hns_ss-export-tld.20251226_20260107_translated_20260117.adapted.csv;HSD=hns_bob_tlds.csv,2026-05-15T21:54:27,False
poppizzazz,22,,True,,,,,22catchall,False,active,2026-05-15,2026-05-15,SS=hns_ss-export-tld.20251226_20260107_translated_20260117.adapted.csv;HSD=hns_bob_tlds.csv,2026-05-15T21:54:27,False
posern,22,"Was a province of Prussia; present-day Poznań, Poland - https://en.wikipedia.org/wiki/Province_of_Posen [also surname]",True,,,,,22catchall,False,active,2026-05-15,2026-05-15,SS=hns_ss-export-tld.20251226_20260107_translated_20260117.adapted.csv;HSD=hns_bob_tlds.csv,2026-05-15T21:54:27,False
poshcats,22,,True,,,,,22catchall,False,active,2026-05-15,2026-05-15,SS=hns_ss-export-tld.20251226_20260107_translated_20260117.adapted.csv;HSD=hns_bob_tlds.csv,2026-05-15T21:54:27,False
prayas,22,,True,,,,,22catchall,False,active,2026-05-15,2026-05-15,SS=hns_ss-export-tld.20251226_20260107_translated_20260117.adapted.csv;HSD=hns_bob_tlds.csv,2026-05-15T21:54:27,False
prettyontheinside,22,,True,,,,,22catchall,False,active,2026-05-15,2026-05-15,SS=hns_ss-export-tld.20251226_20260107_translated_20260117.adapted.csv;HSD=hns_bob_tlds.csv,2026-05-15T21:54:27,False
pricedefi,22,,True,,,,,22catchall,False,active,2026-05-15,2026-05-15,SS=hns_ss-export-tld.20251226_20260107_translated_20260117.adapted.csv;HSD=hns_bob_tlds.csv,2026-05-15T21:54:27,False
primetip,22,,True,,,,,22catchall,False,active,2026-05-15,2026-05-15,SS=hns_ss-export-tld.20251226_20260107_translated_20260117.adapted.csv;HSD=hns_bob_tlds.csv,2026-05-15T21:54:27,False
pritty,22,,True,,,,,22catchall,False,active,2026-05-15,2026-05-15,SS=hns_ss-export-tld.20251226_20260107_translated_20260117.adapted.csv;HSD=hns_bob_tlds.csv,2026-05-15T21:54:27,False
proofwin,22,,True,,,,,22catchall,False,active,2026-05-15,2026-05-15,SS=hns_ss-export-tld.20251226_20260107_translated_20260117.adapted.csv;HSD=hns_bob_tlds.csv,2026-05-15T21:54:27,False
protoprogram,22,,True,,,,,22catchall,False,active,2026-05-15,2026-05-15,SS=hns_ss-export-tld.20251226_20260107_translated_20260117.adapted.csv;HSD=hns_bob_tlds.csv,2026-05-15T21:54:27,False
pterophorid,22,"tiny plume moths, a family of Lepidoptera with unusually modified wings",True,,,,,22catchall,False,active,2026-05-15,2026-05-15,SS=hns_ss-export-tld.20251226_20260107_translated_20260117.adapted.csv;HSD=hns_bob_tlds.csv,2026-05-15T21:54:27,False
pubmata,22,,True,,,,,22catchall,False,active,2026-05-15,2026-05-15,SS=hns_ss-export-tld.20251226_20260107_translated_20260117.adapted.csv;HSD=hns_bob_tlds.csv,2026-05-15T21:54:27,False
purrjoy,22,,True,,,,,22catchall,False,active,2026-05-15,2026-05-15,SS=hns_ss-export-tld.20251226_20260107_translated_20260117.adapted.csv;HSD=hns_bob_tlds.csv,2026-05-15T21:54:27,False
px__xq,22,,True,,,,,22catchall,False,active,2026-05-15,2026-05-15,SS=hns_ss-export-tld.20251226_20260107_translated_20260117.adapted.csv;HSD=hns_bob_tlds.csv,2026-05-15T21:54:27,False
qwipper,22,,True,,,,,22catchall,False,active,2026-05-15,2026-05-15,SS=hns_ss-export-tld.20251226_20260107_translated_20260117.adapted.csv;HSD=hns_bob_tlds.csv,2026-05-15T21:54:27,False
rainforesttours,22,,True,,,,,22catchall,False,active,2026-05-15,2026-05-15,SS=hns_ss-export-tld.20251226_20260107_translated_20260117.adapted.csv;HSD=hns_bob_tlds.csv,2026-05-15T21:54:27,False
raisedefi,22,,True,,,,,22catchall,False,active,2026-05-15,2026-05-15,SS=hns_ss-export-tld.20251226_20260107_translated_20260117.adapted.csv;HSD=hns_bob_tlds.csv,2026-05-15T21:54:27,False
rantize,22,,True,,,,,22catchall,False,active,2026-05-15,2026-05-15,SS=hns_ss-export-tld.20251226_20260107_translated_20260117.adapted.csv;HSD=hns_bob_tlds.csv,2026-05-15T21:54:27,False
raredrinks,22,,True,,,,,22catchall,False,active,2026-05-15,2026-05-15,SS=hns_ss-export-tld.20251226_20260107_translated_20260117.adapted.csv;HSD=hns_bob_tlds.csv,2026-05-15T21:54:27,False
recipecart,222,,True,,,,,22catchall,False,active,2026-05-15,2026-05-15,SS=hns_ss-export-tld.20251226_20260107_translated_20260117.adapted.csv;HSD=hns_bob_tlds.csv,2026-05-15T21:54:27,False
reedah,22,,True,,,,,22catchall,False,active,2026-05-15,2026-05-15,SS=hns_ss-export-tld.20251226_20260107_translated_20260117.adapted.csv;HSD=hns_bob_tlds.csv,2026-05-15T21:54:27,False
regularira,22,PT 'regular' | ES 'regularize',True,,,,,22catchall,False,active,2026-05-15,2026-05-15,SS=hns_ss-export-tld.20251226_20260107_translated_20260117.adapted.csv;HSD=hns_bob_tlds.csv,2026-05-15T21:54:27,False
rentboards,22,,True,,,,,22catchall,False,active,2026-05-15,2026-05-15,SS=hns_ss-export-tld.20251226_20260107_translated_20260117.adapted.csv;HSD=hns_bob_tlds.csv,2026-05-15T21:54:27,False
rerolle,22,,True,,,,,22catchall,False,active,2026-05-15,2026-05-15,SS=hns_ss-export-tld.20251226_20260107_translated_20260117.adapted.csv;HSD=hns_bob_tlds.csv,2026-05-15T21:54:27,False
retiredguy,22,,True,,,,,22catchall,False,active,2026-05-15,2026-05-15,SS=hns_ss-export-tld.20251226_20260107_translated_20260117.adapted.csv;HSD=hns_bob_tlds.csv,2026-05-15T21:54:27,False
returnbest,22,,True,,,,,22catchall,False,active,2026-05-15,2026-05-15,SS=hns_ss-export-tld.20251226_20260107_translated_20260117.adapted.csv;HSD=hns_bob_tlds.csv,2026-05-15T21:54:27,False
reunionnft,22,,True,,,,,22catchall,False,active,2026-05-15,2026-05-15,SS=hns_ss-export-tld.20251226_20260107_translated_20260117.adapted.csv;HSD=hns_bob_tlds.csv,2026-05-15T21:54:27,False
reusedefi,22,,True,,,,,22catchall,False,active,2026-05-15,2026-05-15,SS=hns_ss-export-tld.20251226_20260107_translated_20260117.adapted.csv;HSD=hns_bob_tlds.csv,2026-05-15T21:54:27,False
ridedragon,22,,True,,,,,22catchall,False,active,2026-05-15,2026-05-15,SS=hns_ss-export-tld.20251226_20260107_translated_20260117.adapted.csv;HSD=hns_bob_tlds.csv,2026-05-15T21:54:27,False
rotaitalia,22,Rota Italia,True,,,,,22catchall,False,active,2026-05-15,2026-05-15,SS=hns_ss-export-tld.20251226_20260107_translated_20260117.adapted.csv;HSD=hns_bob_tlds.csv,2026-05-15T21:54:27,False
rugbycamp,22,,True,,,,,22catchall,False,active,2026-05-15,2026-05-15,SS=hns_ss-export-tld.20251226_20260107_translated_20260117.adapted.csv;HSD=hns_bob_tlds.csv,2026-05-15T21:54:27,False
ruincrypto,22,,True,,,,,22catchall,False,active,2026-05-15,2026-05-15,SS=hns_ss-export-tld.20251226_20260107_translated_20260117.adapted.csv;HSD=hns_bob_tlds.csv,2026-05-15T21:54:27,False
runtofthelitter,22,,True,,,,,22catchall,False,active,2026-05-15,2026-05-15,SS=hns_ss-export-tld.20251226_20260107_translated_20260117.adapted.csv;HSD=hns_bob_tlds.csv,2026-05-15T21:54:27,False
rylife,22,,True,,,,,22catchall,False,active,2026-05-15,2026-05-15,SS=hns_ss-export-tld.20251226_20260107_translated_20260117.adapted.csv;HSD=hns_bob_tlds.csv,2026-05-15T21:54:27,False
sablayan,22,"officially the Municipality of Sablayan, is a 1st class municipality in the province of Occidental Mindoro, Philippines.",True,,,,,22catchall,False,active,2026-05-15,2026-05-15,SS=hns_ss-export-tld.20251226_20260107_translated_20260117.adapted.csv;HSD=hns_bob_tlds.csv,2026-05-15T21:54:27,False
sagepunk,22,,True,,,,,22catchall,False,active,2026-05-15,2026-05-15,SS=hns_ss-export-tld.20251226_20260107_translated_20260117.adapted.csv;HSD=hns_bob_tlds.csv,2026-05-15T21:54:27,False
saluh,22,,True,5L,,,,22catchall,False,active,2026-05-15,2026-05-15,SS=hns_ss-export-tld.20251226_20260107_translated_20260117.adapted.csv;HSD=hns_bob_tlds.csv,2026-05-15T21:54:27,False
salutoria,22,IT 'salutary',True,,,,,22catchall,False,active,2026-05-15,2026-05-15,SS=hns_ss-export-tld.20251226_20260107_translated_20260117.adapted.csv;HSD=hns_bob_tlds.csv,2026-05-15T21:54:27,False
savagekingdom,22,,True,,,,,22catchall,False,active,2026-05-15,2026-05-15,SS=hns_ss-export-tld.20251226_20260107_translated_20260117.adapted.csv;HSD=hns_bob_tlds.csv,2026-05-15T21:54:27,False
searchya,22,,True,,,,,22catchall,False,active,2026-05-15,2026-05-15,SS=hns_ss-export-tld.20251226_20260107_translated_20260117.adapted.csv;HSD=hns_bob_tlds.csv,2026-05-15T21:54:27,False
segonds,22,,True,,,,,22catchall,False,active,2026-05-15,2026-05-15,SS=hns_ss-export-tld.20251226_20260107_translated_20260117.adapted.csv;HSD=hns_bob_tlds.csv,2026-05-15T21:54:27,False
sensexoracle,22,,True,,,,,22catchall,False,active,2026-05-15,2026-05-15,SS=hns_ss-export-tld.20251226_20260107_translated_20260117.adapted.csv;HSD=hns_bob_tlds.csv,2026-05-15T21:54:27,False
serbis,22,,True,,,,,22catchall,False,active,2026-05-15,2026-05-15,SS=hns_ss-export-tld.20251226_20260107_translated_20260117.adapted.csv;HSD=hns_bob_tlds.csv,2026-05-15T21:54:27,False
setcamera,22,,True,,,,,22catchall,False,active,2026-05-15,2026-05-15,SS=hns_ss-export-tld.20251226_20260107_translated_20260117.adapted.csv;HSD=hns_bob_tlds.csv,2026-05-15T21:54:27,False
sewah,22,,True,5L,,,,22catchall,False,active,2026-05-15,2026-05-15,SS=hns_ss-export-tld.20251226_20260107_translated_20260117.adapted.csv;HSD=hns_bob_tlds.csv,2026-05-15T21:54:27,False
shakendip,22,,True,,,,,22catchall,False,active,2026-05-15,2026-05-15,SS=hns_ss-export-tld.20251226_20260107_translated_20260117.adapted.csv;HSD=hns_bob_tlds.csv,2026-05-15T21:54:27,False
shamcenter,22,,True,,,,,22catchall,False,active,2026-05-15,2026-05-15,SS=hns_ss-export-tld.20251226_20260107_translated_20260117.adapted.csv;HSD=hns_bob_tlds.csv,2026-05-15T21:54:27,False
shitheap,222,,True,,,,,22catchall,False,active,2026-05-15,2026-05-15,SS=hns_ss-export-tld.20251226_20260107_translated_20260117.adapted.csv;HSD=hns_bob_tlds.csv,2026-05-15T21:54:27,False
shopreturn,22,,True,,,,,22catchall,False,active,2026-05-15,2026-05-15,SS=hns_ss-export-tld.20251226_20260107_translated_20260117.adapted.csv;HSD=hns_bob_tlds.csv,2026-05-15T21:54:27,False
siguret,22,,True,,,,,22catchall,False,active,2026-05-15,2026-05-15,SS=hns_ss-export-tld.20251226_20260107_translated_20260117.adapted.csv;HSD=hns_bob_tlds.csv,2026-05-15T21:54:27,False
silonft,22,,True,,,,,22catchall,False,active,2026-05-15,2026-05-15,SS=hns_ss-export-tld.20251226_20260107_translated_20260117.adapted.csv;HSD=hns_bob_tlds.csv,2026-05-15T21:54:27,False
simfile,22,,True,,,,,22catchall,False,active,2026-05-15,2026-05-15,SS=hns_ss-export-tld.20251226_20260107_translated_20260117.adapted.csv;HSD=hns_bob_tlds.csv,2026-05-15T21:54:27,False
sirgas,22,,True,,,,,22catchall,False,active,2026-05-15,2026-05-15,SS=hns_ss-export-tld.20251226_20260107_translated_20260117.adapted.csv;HSD=hns_bob_tlds.csv,2026-05-15T21:54:27,False
sirwish,22,,True,,,,,22catchall,False,active,2026-05-15,2026-05-15,SS=hns_ss-export-tld.20251226_20260107_translated_20260117.adapted.csv;HSD=hns_bob_tlds.csv,2026-05-15T21:54:27,False
sitalone,22,,True,,,,,22catchall,False,active,2026-05-15,2026-05-15,SS=hns_ss-export-tld.20251226_20260107_translated_20260117.adapted.csv;HSD=hns_bob_tlds.csv,2026-05-15T21:54:27,False
siteologist,22,,True,,,,,22catchall,False,active,2026-05-15,2026-05-15,SS=hns_ss-export-tld.20251226_20260107_translated_20260117.adapted.csv;HSD=hns_bob_tlds.csv,2026-05-15T21:54:27,False
slamfun,22,,True,,,,,22catchall,False,active,2026-05-15,2026-05-15,SS=hns_ss-export-tld.20251226_20260107_translated_20260117.adapted.csv;HSD=hns_bob_tlds.csv,2026-05-15T21:54:27,False
slangular,22,,True,,,,,22catchall,False,active,2026-05-15,2026-05-15,SS=hns_ss-export-tld.20251226_20260107_translated_20260117.adapted.csv;HSD=hns_bob_tlds.csv,2026-05-15T21:54:27,False
slogwood,22,,True,,,,,22catchall,False,active,2026-05-15,2026-05-15,SS=hns_ss-export-tld.20251226_20260107_translated_20260117.adapted.csv;HSD=hns_bob_tlds.csv,2026-05-15T21:54:27,False
slybris,22,,True,,,,,22catchall,False,active,2026-05-15,2026-05-15,SS=hns_ss-export-tld.20251226_20260107_translated_20260117.adapted.csv;HSD=hns_bob_tlds.csv,2026-05-15T21:54:27,False
smash-the-bat,22,,True,,,,,22catchall,False,active,2026-05-15,2026-05-15,SS=hns_ss-export-tld.20251226_20260107_translated_20260117.adapted.csv;HSD=hns_bob_tlds.csv,2026-05-15T21:54:27,False
smokedaddy,22,,True,,,,,22catchall,False,active,2026-05-15,2026-05-15,SS=hns_ss-export-tld.20251226_20260107_translated_20260117.adapted.csv;HSD=hns_bob_tlds.csv,2026-05-15T21:54:27,False
snowboardhire,22,,True,,,,,22catchall,False,active,2026-05-15,2026-05-15,SS=hns_ss-export-tld.20251226_20260107_translated_20260117.adapted.csv;HSD=hns_bob_tlds.csv,2026-05-15T21:54:27,False
snowbrand,22,,True,,,,,22catchall,False,active,2026-05-15,2026-05-15,SS=hns_ss-export-tld.20251226_20260107_translated_20260117.adapted.csv;HSD=hns_bob_tlds.csv,2026-05-15T21:54:27,False
spacemanyang,22,,True,,,,,22catchall,False,active,2026-05-15,2026-05-15,SS=hns_ss-export-tld.20251226_20260107_translated_20260117.adapted.csv;HSD=hns_bob_tlds.csv,2026-05-15T21:54:27,False
spanishdelight,22,,True,,,,,22catchall,False,active,2026-05-15,2026-05-15,SS=hns_ss-export-tld.20251226_20260107_translated_20260117.adapted.csv;HSD=hns_bob_tlds.csv,2026-05-15T21:54:27,False
spasovnica,22,BU lifeguard,True,,,,,22catchall,False,active,2026-05-15,2026-05-15,SS=hns_ss-export-tld.20251226_20260107_translated_20260117.adapted.csv;HSD=hns_bob_tlds.csv,2026-05-15T21:54:27,False
spraca,22,PO runs back,True,,,,,22catchall,False,active,2026-05-15,2026-05-15,SS=hns_ss-export-tld.20251226_20260107_translated_20260117.adapted.csv;HSD=hns_bob_tlds.csv,2026-05-15T21:54:27,False
spreca,22,IT 'wastes',True,,,,,22catchall,False,active,2026-05-15,2026-05-15,SS=hns_ss-export-tld.20251226_20260107_translated_20260117.adapted.csv;HSD=hns_bob_tlds.csv,2026-05-15T21:54:27,False
srebrnik,22,Slovenian silver,True,,,,,22catchall,False,active,2026-05-15,2026-05-15,SS=hns_ss-export-tld.20251226_20260107_translated_20260117.adapted.csv;HSD=hns_bob_tlds.csv,2026-05-15T21:54:27,False
srednje,22,Slovenian 'medium',True,,,,,22catchall,False,active,2026-05-15,2026-05-15,SS=hns_ss-export-tld.20251226_20260107_translated_20260117.adapted.csv;HSD=hns_bob_tlds.csv,2026-05-15T21:54:27,False
statcorner,22,,True,,,,,22catchall,False,active,2026-05-15,2026-05-15,SS=hns_ss-export-tld.20251226_20260107_translated_20260117.adapted.csv;HSD=hns_bob_tlds.csv,2026-05-15T21:54:27,False
stirpiculturist,22,One who devotes themself to the improvement of the breed or stock in animals,True,,,,,22catchall,False,active,2026-05-15,2026-05-15,SS=hns_ss-export-tld.20251226_20260107_translated_20260117.adapted.csv;HSD=hns_bob_tlds.csv,2026-05-15T21:54:27,False
stonerpal,22,,True,,,,,22catchall,False,active,2026-05-15,2026-05-15,SS=hns_ss-export-tld.20251226_20260107_translated_20260117.adapted.csv;HSD=hns_bob_tlds.csv,2026-05-15T21:54:27,False
stonerplay,22,,True,,,,,22catchall,False,active,2026-05-15,2026-05-15,SS=hns_ss-export-tld.20251226_20260107_translated_20260117.adapted.csv;HSD=hns_bob_tlds.csv,2026-05-15T21:54:27,False
stonetype,22,,True,,,,,22catchall,False,active,2026-05-15,2026-05-15,SS=hns_ss-export-tld.20251226_20260107_translated_20260117.adapted.csv;HSD=hns_bob_tlds.csv,2026-05-15T21:54:27,False
subworx,22,,True,,,,,22catchall,False,active,2026-05-15,2026-05-15,SS=hns_ss-export-tld.20251226_20260107_translated_20260117.adapted.csv;HSD=hns_bob_tlds.csv,2026-05-15T21:54:27,False
sunseason,22,,True,,,,,22catchall,False,active,2026-05-15,2026-05-15,SS=hns_ss-export-tld.20251226_20260107_translated_20260117.adapted.csv;HSD=hns_bob_tlds.csv,2026-05-15T21:54:27,False
supernovaremnant,22,,True,,,,,22catchall,False,active,2026-05-15,2026-05-15,SS=hns_ss-export-tld.20251226_20260107_translated_20260117.adapted.csv;HSD=hns_bob_tlds.csv,2026-05-15T21:54:27,False
supersquid,22,,True,,,,,22catchall,False,active,2026-05-15,2026-05-15,SS=hns_ss-export-tld.20251226_20260107_translated_20260117.adapted.csv;HSD=hns_bob_tlds.csv,2026-05-15T21:54:27,False
tablefor2,22,,True,,,,,22catchall,False,active,2026-05-15,2026-05-15,SS=hns_ss-export-tld.20251226_20260107_translated_20260117.adapted.csv;HSD=hns_bob_tlds.csv,2026-05-15T21:54:27,False
tastetomint,22,,True,,,,,22catchall,False,active,2026-05-15,2026-05-15,SS=hns_ss-export-tld.20251226_20260107_translated_20260117.adapted.csv;HSD=hns_bob_tlds.csv,2026-05-15T21:54:27,False
teachaid,22,,True,,,,,22catchall,False,active,2026-05-15,2026-05-15,SS=hns_ss-export-tld.20251226_20260107_translated_20260117.adapted.csv;HSD=hns_bob_tlds.csv,2026-05-15T21:54:27,False
technothink,22,techno-think | tech-no-think,True,,,,,22catchall,False,active,2026-05-15,2026-05-15,SS=hns_ss-export-tld.20251226_20260107_translated_20260117.adapted.csv;HSD=hns_bob_tlds.csv,2026-05-15T21:54:27,False
tentcampers,22,,True,,,,,22catchall,False,active,2026-05-15,2026-05-15,SS=hns_ss-export-tld.20251226_20260107_translated_20260117.adapted.csv;HSD=hns_bob_tlds.csv,2026-05-15T21:54:27,False
thatblockchain,22,,True,,,,,22catchall,False,active,2026-05-15,2026-05-15,SS=hns_ss-export-tld.20251226_20260107_translated_20260117.adapted.csv;HSD=hns_bob_tlds.csv,2026-05-15T21:54:27,False
thegeekchic,22,,True,,,,,22catchall,False,active,2026-05-15,2026-05-15,SS=hns_ss-export-tld.20251226_20260107_translated_20260117.adapted.csv;HSD=hns_bob_tlds.csv,2026-05-15T21:54:27,False
thingtrade,22,,True,,,,,22catchall,False,active,2026-05-15,2026-05-15,SS=hns_ss-export-tld.20251226_20260107_translated_20260117.adapted.csv;HSD=hns_bob_tlds.csv,2026-05-15T21:54:27,False
thousandsuns,22,,True,,,,,22catchall,False,active,2026-05-15,2026-05-15,SS=hns_ss-export-tld.20251226_20260107_translated_20260117.adapted.csv;HSD=hns_bob_tlds.csv,2026-05-15T21:54:27,False
thrillbox,22,,True,,,,,22catchall,False,active,2026-05-15,2026-05-15,SS=hns_ss-export-tld.20251226_20260107_translated_20260117.adapted.csv;HSD=hns_bob_tlds.csv,2026-05-15T21:54:27,False
tiemekangaroodown,22,,True,,,,,22catchall,False,active,2026-05-15,2026-05-15,SS=hns_ss-export-tld.20251226_20260107_translated_20260117.adapted.csv;HSD=hns_bob_tlds.csv,2026-05-15T21:54:27,False
tilava,22,FI 'spacious',True,,,,,22catchall,False,active,2026-05-15,2026-05-15,SS=hns_ss-export-tld.20251226_20260107_translated_20260117.adapted.csv;HSD=hns_bob_tlds.csv,2026-05-15T21:54:27,False
tincanblues,22,,True,,,,,22catchall,False,active,2026-05-15,2026-05-15,SS=hns_ss-export-tld.20251226_20260107_translated_20260117.adapted.csv;HSD=hns_bob_tlds.csv,2026-05-15T21:54:27,False
tiskovac,22,"Czech 'printer' [OR .. a place is situated in Zadar-Knin, Croatia]",True,,,,,22catchall,False,active,2026-05-15,2026-05-15,SS=hns_ss-export-tld.20251226_20260107_translated_20260117.adapted.csv;HSD=hns_bob_tlds.csv,2026-05-15T21:54:27,False
toplot,22,,True,,,,,22catchall,False,active,2026-05-15,2026-05-15,SS=hns_ss-export-tld.20251226_20260107_translated_20260117.adapted.csv;HSD=hns_bob_tlds.csv,2026-05-15T21:54:27,False
toskas,22,,True,,,,,22catchall,False,active,2026-05-15,2026-05-15,SS=hns_ss-export-tld.20251226_20260107_translated_20260117.adapted.csv;HSD=hns_bob_tlds.csv,2026-05-15T21:54:27,False
touchass,22,,True,,,,,22catchall,False,active,2026-05-15,2026-05-15,SS=hns_ss-export-tld.20251226_20260107_translated_20260117.adapted.csv;HSD=hns_bob_tlds.csv,2026-05-15T21:54:27,False
toxinfo,22,,True,,,,,22catchall,False,active,2026-05-15,2026-05-15,SS=hns_ss-export-tld.20251226_20260107_translated_20260117.adapted.csv;HSD=hns_bob_tlds.csv,2026-05-15T21:54:27,False
travelfinds,2222,,True,,,,,22catchall,False,active,2026-05-15,2026-05-15,SS=hns_ss-export-tld.20251226_20260107_translated_20260117.adapted.csv;HSD=hns_bob_tlds.csv,2026-05-15T21:54:27,False
travelzooz,22,,True,,,,,22catchall,False,active,2026-05-15,2026-05-15,SS=hns_ss-export-tld.20251226_20260107_translated_20260117.adapted.csv;HSD=hns_bob_tlds.csv,2026-05-15T21:54:27,False
traviezas,22,SP mischief,True,,,,,22catchall,False,active,2026-05-15,2026-05-15,SS=hns_ss-export-tld.20251226_20260107_translated_20260117.adapted.csv;HSD=hns_bob_tlds.csv,2026-05-15T21:54:27,False
treattrove,22,,True,,,,,22catchall,False,active,2026-05-15,2026-05-15,SS=hns_ss-export-tld.20251226_20260107_translated_20260117.adapted.csv;HSD=hns_bob_tlds.csv,2026-05-15T21:54:27,False
trigolo,22,,True,,,,,22catchall,False,active,2026-05-15,2026-05-15,SS=hns_ss-export-tld.20251226_20260107_translated_20260117.adapted.csv;HSD=hns_bob_tlds.csv,2026-05-15T21:54:27,False
tronaut,22,,True,,,,,22catchall,False,active,2026-05-15,2026-05-15,SS=hns_ss-export-tld.20251226_20260107_translated_20260117.adapted.csv;HSD=hns_bob_tlds.csv,2026-05-15T21:54:27,False
turfcutter,22,,True,,,,,22catchall,False,active,2026-05-15,2026-05-15,SS=hns_ss-export-tld.20251226_20260107_translated_20260117.adapted.csv;HSD=hns_bob_tlds.csv,2026-05-15T21:54:27,False
tweenparty,22,,True,,,,,22catchall,False,active,2026-05-15,2026-05-15,SS=hns_ss-export-tld.20251226_20260107_translated_20260117.adapted.csv;HSD=hns_bob_tlds.csv,2026-05-15T21:54:27,False
twitwise,22,,True,,,,,22catchall,False,active,2026-05-15,2026-05-15,SS=hns_ss-export-tld.20251226_20260107_translated_20260117.adapted.csv;HSD=hns_bob_tlds.csv,2026-05-15T21:54:27,False
twobob,22,,True,,,,,22catchall,False,active,2026-05-15,2026-05-15,SS=hns_ss-export-tld.20251226_20260107_translated_20260117.adapted.csv;HSD=hns_bob_tlds.csv,2026-05-15T21:54:27,False
twoboss,22,,True,,,,,22catchall,False,active,2026-05-15,2026-05-15,SS=hns_ss-export-tld.20251226_20260107_translated_20260117.adapted.csv;HSD=hns_bob_tlds.csv,2026-05-15T21:54:27,False
twofanatics,22,,True,,,,,22catchall,False,active,2026-05-15,2026-05-15,SS=hns_ss-export-tld.20251226_20260107_translated_20260117.adapted.csv;HSD=hns_bob_tlds.csv,2026-05-15T21:54:27,False
twoloan,22,,True,,,,,22catchall,False,active,2026-05-15,2026-05-15,SS=hns_ss-export-tld.20251226_20260107_translated_20260117.adapted.csv;HSD=hns_bob_tlds.csv,2026-05-15T21:54:27,False
ucubit,22,,True,,,,,22catchall,False,active,2026-05-15,2026-05-15,SS=hns_ss-export-tld.20251226_20260107_translated_20260117.adapted.csv;HSD=hns_bob_tlds.csv,2026-05-15T21:54:27,False
understars,22,,True,,,,,22catchall,False,active,2026-05-15,2026-05-15,SS=hns_ss-export-tld.20251226_20260107_translated_20260117.adapted.csv;HSD=hns_bob_tlds.csv,2026-05-15T21:54:27,False
uneidlich,22,,True,,,,,22catchall,False,active,2026-05-15,2026-05-15,SS=hns_ss-export-tld.20251226_20260107_translated_20260117.adapted.csv;HSD=hns_bob_tlds.csv,2026-05-15T21:54:27,False
uniquecapital,22,,True,,,,,22catchall,False,active,2026-05-15,2026-05-15,SS=hns_ss-export-tld.20251226_20260107_translated_20260117.adapted.csv;HSD=hns_bob_tlds.csv,2026-05-15T21:54:27,False
unlipped,22,,True,,,,,22catchall,False,active,2026-05-15,2026-05-15,SS=hns_ss-export-tld.20251226_20260107_translated_20260117.adapted.csv;HSD=hns_bob_tlds.csv,2026-05-15T21:54:27,False
unmoated,22,,True,,,,,22catchall,False,active,2026-05-15,2026-05-15,SS=hns_ss-export-tld.20251226_20260107_translated_20260117.adapted.csv;HSD=hns_bob_tlds.csv,2026-05-15T21:54:27,False
unosquare,22,,True,,,,,22catchall,False,active,2026-05-15,2026-05-15,SS=hns_ss-export-tld.20251226_20260107_translated_20260117.adapted.csv;HSD=hns_bob_tlds.csv,2026-05-15T21:54:27,False
urbanforum,22,,True,,,,,22catchall,False,active,2026-05-15,2026-05-15,SS=hns_ss-export-tld.20251226_20260107_translated_20260117.adapted.csv;HSD=hns_bob_tlds.csv,2026-05-15T21:54:27,False
usdsos,22,US Dollar (USD)  Somali Shilling (SOS) [Notation],True,,,,,22catchall,False,active,2026-05-15,2026-05-15,SS=hns_ss-export-tld.20251226_20260107_translated_20260117.adapted.csv;HSD=hns_bob_tlds.csv,2026-05-15T21:54:27,False
usertrade,22,,True,,,,,22catchall,False,active,2026-05-15,2026-05-15,SS=hns_ss-export-tld.20251226_20260107_translated_20260117.adapted.csv;HSD=hns_bob_tlds.csv,2026-05-15T21:54:27,False
usualcrypto,22,,True,,,,,22catchall,False,active,2026-05-15,2026-05-15,SS=hns_ss-export-tld.20251226_20260107_translated_20260117.adapted.csv;HSD=hns_bob_tlds.csv,2026-05-15T21:54:27,False
vaccinedesk,22,,True,,,,,22catchall,False,active,2026-05-15,2026-05-15,SS=hns_ss-export-tld.20251226_20260107_translated_20260117.adapted.csv;HSD=hns_bob_tlds.csv,2026-05-15T21:54:27,False
vextreme,22,,True,,,,,22catchall,False,active,2026-05-15,2026-05-15,SS=hns_ss-export-tld.20251226_20260107_translated_20260117.adapted.csv;HSD=hns_bob_tlds.csv,2026-05-15T21:54:27,False
voidnft,22,,True,,,,,22catchall,False,active,2026-05-15,2026-05-15,SS=hns_ss-export-tld.20251226_20260107_translated_20260117.adapted.csv;HSD=hns_bob_tlds.csv,2026-05-15T21:54:27,False
vorgeschlagen,22,"DE verb:n suggest, propose, put forward, nominate, propound",True,,,,,22catchall,False,active,2026-05-15,2026-05-15,SS=hns_ss-export-tld.20251226_20260107_translated_20260117.adapted.csv;HSD=hns_bob_tlds.csv,2026-05-15T21:54:27,False
vulpmes,22,,True,,,,,22catchall,False,active,2026-05-15,2026-05-15,SS=hns_ss-export-tld.20251226_20260107_translated_20260117.adapted.csv;HSD=hns_bob_tlds.csv,2026-05-15T21:54:27,False
wafflings,22,,True,,,,,22catchall,False,active,2026-05-15,2026-05-15,SS=hns_ss-export-tld.20251226_20260107_translated_20260117.adapted.csv;HSD=hns_bob_tlds.csv,2026-05-15T21:54:27,False
walkwin,22,,True,,,,,22catchall,False,active,2026-05-15,2026-05-15,SS=hns_ss-export-tld.20251226_20260107_translated_20260117.adapted.csv;HSD=hns_bob_tlds.csv,2026-05-15T21:54:27,False
waytask,22,,True,,,,,22catchall,False,active,2026-05-15,2026-05-15,SS=hns_ss-export-tld.20251226_20260107_translated_20260117.adapted.csv;HSD=hns_bob_tlds.csv,2026-05-15T21:54:27,False
wealthworx,22,,True,,,,,22catchall,False,active,2026-05-15,2026-05-15,SS=hns_ss-export-tld.20251226_20260107_translated_20260117.adapted.csv;HSD=hns_bob_tlds.csv,2026-05-15T21:54:27,False
whackedout,22,,True,,,,,22catchall,False,active,2026-05-15,2026-05-15,SS=hns_ss-export-tld.20251226_20260107_translated_20260117.adapted.csv;HSD=hns_bob_tlds.csv,2026-05-15T21:54:27,False
wikisage,22,,True,,,,,22catchall,False,active,2026-05-15,2026-05-15,SS=hns_ss-export-tld.20251226_20260107_translated_20260117.adapted.csv;HSD=hns_bob_tlds.csv,2026-05-15T21:54:27,False
wildflowrs,22,,True,,,,,22catchall,False,active,2026-05-15,2026-05-15,SS=hns_ss-export-tld.20251226_20260107_translated_20260117.adapted.csv;HSD=hns_bob_tlds.csv,2026-05-15T21:54:27,False
windhide,22,,True,,,,,22catchall,False,active,2026-05-15,2026-05-15,SS=hns_ss-export-tld.20251226_20260107_translated_20260117.adapted.csv;HSD=hns_bob_tlds.csv,2026-05-15T21:54:27,False
windivo,22,,True,,,,,22catchall,False,active,2026-05-15,2026-05-15,SS=hns_ss-export-tld.20251226_20260107_translated_20260117.adapted.csv;HSD=hns_bob_tlds.csv,2026-05-15T21:54:27,False
wondah,22,,True,,,,,22catchall,False,active,2026-05-15,2026-05-15,SS=hns_ss-export-tld.20251226_20260107_translated_20260117.adapted.csv;HSD=hns_bob_tlds.csv,2026-05-15T21:54:27,False
worldbirth,22,,True,,,,,22catchall,False,active,2026-05-15,2026-05-15,SS=hns_ss-export-tld.20251226_20260107_translated_20260117.adapted.csv;HSD=hns_bob_tlds.csv,2026-05-15T21:54:27,False
worldtrail,22,,True,,,,,22catchall,False,active,2026-05-15,2026-05-15,SS=hns_ss-export-tld.20251226_20260107_translated_20260117.adapted.csv;HSD=hns_bob_tlds.csv,2026-05-15T21:54:27,False
ww2gear,22,,True,,,,,22catchall,False,active,2026-05-15,2026-05-15,SS=hns_ss-export-tld.20251226_20260107_translated_20260117.adapted.csv;HSD=hns_bob_tlds.csv,2026-05-15T21:54:27,False
wyciwyg,22,,True,,,,,22catchall,False,active,2026-05-15,2026-05-15,SS=hns_ss-export-tld.20251226_20260107_translated_20260117.adapted.csv;HSD=hns_bob_tlds.csv,2026-05-15T21:54:27,False
xempted,22,,True,,,,,22catchall,False,active,2026-05-15,2026-05-15,SS=hns_ss-export-tld.20251226_20260107_translated_20260117.adapted.csv;HSD=hns_bob_tlds.csv,2026-05-15T21:54:27,False
xn--53h0179n6wabe48i,22,-bee-tea-see-rocket-moon-,True,PUNY_IDNA,🐝☕👀🚀🌑,,,22catchall,False,active,2026-05-15,2026-05-15,SS=hns_ss-export-tld.20251226_20260107_translated_20260117.adapted.csv;HSD=hns_bob_tlds.csv,2026-05-15T21:54:27,False
xrpaustralia,22,,True,,,,,22catchall,False,active,2026-05-15,2026-05-15,SS=hns_ss-export-tld.20251226_20260107_translated_20260117.adapted.csv;HSD=hns_bob_tlds.csv,2026-05-15T21:54:27,False
xscapetour,22,,True,,,,,22catchall,False,active,2026-05-15,2026-05-15,SS=hns_ss-export-tld.20251226_20260107_translated_20260117.adapted.csv;HSD=hns_bob_tlds.csv,2026-05-15T21:54:27,False
xxxxxxxxxxxxxxxxxxxxxxxxxxxxx,22,,True,,,,,22catchall,False,active,2026-05-15,2026-05-15,SS=hns_ss-export-tld.20251226_20260107_translated_20260117.adapted.csv;HSD=hns_bob_tlds.csv,2026-05-15T21:54:27,False
yearnto,22,,True,,,,,22catchall,False,active,2026-05-15,2026-05-15,SS=hns_ss-export-tld.20251226_20260107_translated_20260117.adapted.csv;HSD=hns_bob_tlds.csv,2026-05-15T21:54:27,False
yellowrisk,22,,True,,,,,22catchall,False,active,2026-05-15,2026-05-15,SS=hns_ss-export-tld.20251226_20260107_translated_20260117.adapted.csv;HSD=hns_bob_tlds.csv,2026-05-15T21:54:27,False
yourbestbud,22,,True,,,,,22catchall,False,active,2026-05-15,2026-05-15,SS=hns_ss-export-tld.20251226_20260107_translated_20260117.adapted.csv;HSD=hns_bob_tlds.csv,2026-05-15T21:54:27,False
yourice,22,,True,,,,,22catchall,False,active,2026-05-15,2026-05-15,SS=hns_ss-export-tld.20251226_20260107_translated_20260117.adapted.csv;HSD=hns_bob_tlds.csv,2026-05-15T21:54:27,False
yummyfoodbites,22,,True,,,,,22catchall,False,active,2026-05-15,2026-05-15,SS=hns_ss-export-tld.20251226_20260107_translated_20260117.adapted.csv;HSD=hns_bob_tlds.csv,2026-05-15T21:54:27,False
yz01,22,,True,4C,,,,22catchall,False,active,2026-05-15,2026-05-15,SS=hns_ss-export-tld.20251226_20260107_translated_20260117.adapted.csv;HSD=hns_bob_tlds.csv,2026-05-15T21:54:27,False
zhnsi,22,,True,5L,,,,22catchall,False,active,2026-05-15,2026-05-15,SS=hns_ss-export-tld.20251226_20260107_translated_20260117.adapted.csv;HSD=hns_bob_tlds.csv,2026-05-15T21:54:27,False
ziesar,22,,True,,,,,22catchall,False,active,2026-05-15,2026-05-15,SS=hns_ss-export-tld.20251226_20260107_translated_20260117.adapted.csv;HSD=hns_bob_tlds.csv,2026-05-15T21:54:27,False
catnerd,222,,True,,,,,22catchall,False,active,2026-05-15,2026-05-15,SS=hns_ss-export-tld.20251226_20260107_translated_20260117.adapted.csv;HSD=hns_bob_tlds.csv,2026-05-15T21:54:27,False
catsaga,222,,True,,,,,22catchall,False,active,2026-05-15,2026-05-15,SS=hns_ss-export-tld.20251226_20260107_translated_20260117.adapted.csv;HSD=hns_bob_tlds.csv,2026-05-15T21:54:27,False
funjest,22,,True,,,,,22catchall,False,active,2026-05-15,2026-05-15,SS=hns_ss-export-tld.20251226_20260107_translated_20260117.adapted.csv;HSD=hns_bob_tlds.csv,2026-05-15T21:54:27,False
omgalol,22,,True,,,,,22catchall,False,active,2026-05-15,2026-05-15,SS=hns_ss-export-tld.20251226_20260107_translated_20260117.adapted.csv;HSD=hns_bob_tlds.csv,2026-05-15T21:54:27,False
buggerie,22,,True,,,,,22catchall,False,active,2026-05-15,2026-05-15,SS=hns_ss-export-tld.20251226_20260107_translated_20260117.adapted.csv;HSD=hns_bob_tlds.csv,2026-05-15T21:54:27,False
campingidea,222,,True,,,,,22catchall,False,active,2026-05-15,2026-05-15,SS=hns_ss-export-tld.20251226_20260107_translated_20260117.adapted.csv;HSD=hns_bob_tlds.csv,2026-05-15T21:54:27,False
cheaptutor,22,,True,,,,,22catchall,False,active,2026-05-15,2026-05-15,SS=hns_ss-export-tld.20251226_20260107_translated_20260117.adapted.csv;HSD=hns_bob_tlds.csv,2026-05-15T21:54:27,False
earthdeck,22,,True,,,,,22catchall,False,active,2026-05-15,2026-05-15,SS=hns_ss-export-tld.20251226_20260107_translated_20260117.adapted.csv;HSD=hns_bob_tlds.csv,2026-05-15T21:54:27,False
funnycritters,22,,True,,,,,22catchall,False,active,2026-05-15,2026-05-15,SS=hns_ss-export-tld.20251226_20260107_translated_20260117.adapted.csv;HSD=hns_bob_tlds.csv,2026-05-15T21:54:27,False
furryfrenz,22,,True,,,,,22catchall,False,active,2026-05-15,2026-05-15,SS=hns_ss-export-tld.20251226_20260107_translated_20260117.adapted.csv;HSD=hns_bob_tlds.csv,2026-05-15T21:54:27,False
ganjagrotto,22,,True,,,,,22catchall,False,active,2026-05-15,2026-05-15,SS=hns_ss-export-tld.20251226_20260107_translated_20260117.adapted.csv;HSD=hns_bob_tlds.csv,2026-05-15T21:54:27,False
guruforum,22,,True,,,,,22catchall,False,active,2026-05-15,2026-05-15,SS=hns_ss-export-tld.20251226_20260107_translated_20260117.adapted.csv;HSD=hns_bob_tlds.csv,2026-05-15T21:54:27,False
gurupost,22,,True,,,,,22catchall,False,active,2026-05-15,2026-05-15,SS=hns_ss-export-tld.20251226_20260107_translated_20260117.adapted.csv;HSD=hns_bob_tlds.csv,2026-05-15T21:54:27,False
hazardnews,22,,True,,,,,22catchall,False,active,2026-05-15,2026-05-15,SS=hns_ss-export-tld.20251226_20260107_translated_20260117.adapted.csv;HSD=hns_bob_tlds.csv,2026-05-15T21:54:27,False
jhnsi,22,,True,5L,,,,22catchall,False,active,2026-05-15,2026-05-15,SS=hns_ss-export-tld.20251226_20260107_translated_20260117.adapted.csv;HSD=hns_bob_tlds.csv,2026-05-15T21:54:27,False
khnsi,22,,True,5L,,,,22catchall,False,active,2026-05-15,2026-05-15,SS=hns_ss-export-tld.20251226_20260107_translated_20260117.adapted.csv;HSD=hns_bob_tlds.csv,2026-05-15T21:54:27,False
layawager,22,,True,,,,,22catchall,False,active,2026-05-15,2026-05-15,SS=hns_ss-export-tld.20251226_20260107_translated_20260117.adapted.csv;HSD=hns_bob_tlds.csv,2026-05-15T21:54:27,False
meditateandbreathe,222,,True,,,,,22catchall,False,active,2026-05-15,2026-05-15,SS=hns_ss-export-tld.20251226_20260107_translated_20260117.adapted.csv;HSD=hns_bob_tlds.csv,2026-05-15T21:54:27,False
mhnsi,22,,True,5L,,,,22catchall,False,active,2026-05-15,2026-05-15,SS=hns_ss-export-tld.20251226_20260107_translated_20260117.adapted.csv;HSD=hns_bob_tlds.csv,2026-05-15T21:54:27,False
mindfulnessmatters,22,,True,,,,,22catchall,False,active,2026-05-15,2026-05-15,SS=hns_ss-export-tld.20251226_20260107_translated_20260117.adapted.csv;HSD=hns_bob_tlds.csv,2026-05-15T21:54:27,False
naturecrossroad,22,,True,,,,,22catchall,False,active,2026-05-15,2026-05-15,SS=hns_ss-export-tld.20251226_20260107_translated_20260117.adapted.csv;HSD=hns_bob_tlds.csv,2026-05-15T21:54:27,False
netclown,22,,True,,,,,22catchall,False,active,2026-05-15,2026-05-15,SS=hns_ss-export-tld.20251226_20260107_translated_20260117.adapted.csv;HSD=hns_bob_tlds.csv,2026-05-15T21:54:27,False
nothingmax,22,,True,,,,,22catchall,False,active,2026-05-15,2026-05-15,SS=hns_ss-export-tld.20251226_20260107_translated_20260117.adapted.csv;HSD=hns_bob_tlds.csv,2026-05-15T21:54:27,False
ourspring,22,,True,,,,,22catchall,False,active,2026-05-15,2026-05-15,SS=hns_ss-export-tld.20251226_20260107_translated_20260117.adapted.csv;HSD=hns_bob_tlds.csv,2026-05-15T21:54:27,False
phnsi,22,,True,5L,,,,22catchall,False,active,2026-05-15,2026-05-15,SS=hns_ss-export-tld.20251226_20260107_translated_20260117.adapted.csv;HSD=hns_bob_tlds.csv,2026-05-15T21:54:27,False
reeferparadise,22,,True,,,,,22catchall,False,active,2026-05-15,2026-05-15,SS=hns_ss-export-tld.20251226_20260107_translated_20260117.adapted.csv;HSD=hns_bob_tlds.csv,2026-05-15T21:54:27,False
robocosmic,22,,True,,,,,22catchall,False,active,2026-05-15,2026-05-15,SS=hns_ss-export-tld.20251226_20260107_translated_20260117.adapted.csv;HSD=hns_bob_tlds.csv,2026-05-15T21:54:27,False
scoundrelly,22,,True,,,,,22catchall,False,active,2026-05-15,2026-05-15,SS=hns_ss-export-tld.20251226_20260107_translated_20260117.adapted.csv;HSD=hns_bob_tlds.csv,2026-05-15T21:54:27,False
shopgamer,22,,True,,,,,22catchall,False,active,2026-05-15,2026-05-15,SS=hns_ss-export-tld.20251226_20260107_translated_20260117.adapted.csv;HSD=hns_bob_tlds.csv,2026-05-15T21:54:27,False
stonercards,22,,True,,,,,22catchall,False,active,2026-05-15,2026-05-15,SS=hns_ss-export-tld.20251226_20260107_translated_20260117.adapted.csv;HSD=hns_bob_tlds.csv,2026-05-15T21:54:27,False
toysolar,22,,True,,,,,22catchall,False,active,2026-05-15,2026-05-15,SS=hns_ss-export-tld.20251226_20260107_translated_20260117.adapted.csv;HSD=hns_bob_tlds.csv,2026-05-15T21:54:27,False
uhnsi,22,,True,5L,,,,22catchall,False,active,2026-05-15,2026-05-15,SS=hns_ss-export-tld.20251226_20260107_translated_20260117.adapted.csv;HSD=hns_bob_tlds.csv,2026-05-15T21:54:27,False
unialfa,22,,True,,,,,22catchall,False,active,2026-05-15,2026-05-15,SS=hns_ss-export-tld.20251226_20260107_translated_20260117.adapted.csv;HSD=hns_bob_tlds.csv,2026-05-15T21:54:27,False
vhnsi,22,,True,5L,,,,22catchall,False,active,2026-05-15,2026-05-15,SS=hns_ss-export-tld.20251226_20260107_translated_20260117.adapted.csv;HSD=hns_bob_tlds.csv,2026-05-15T21:54:27,False
lookatmynft,25,,True,,,,,22catchall,False,active,2026-05-15,2026-05-15,SS=hns_ss-export-tld.20251226_20260107_translated_20260117.adapted.csv;HSD=hns_bob_tlds.csv,2026-05-15T21:54:27,False
alphashake,33,,True,,,,,22catchall,False,active,2026-05-15,2026-05-15,SS=hns_ss-export-tld.20251226_20260107_translated_20260117.adapted.csv;HSD=hns_bob_tlds.csv,2026-05-15T21:54:27,False
apefriend,33,,True,,,,,22catchall,False,active,2026-05-15,2026-05-15,SS=hns_ss-export-tld.20251226_20260107_translated_20260117.adapted.csv;HSD=hns_bob_tlds.csv,2026-05-15T21:54:27,False
arsenal-fan,33,,True,,,,,22catchall,False,active,2026-05-15,2026-05-15,SS=hns_ss-export-tld.20251226_20260107_translated_20260117.adapted.csv;HSD=hns_bob_tlds.csv,2026-05-15T21:54:27,False
artgalley,33,,True,,,,,22catchall,False,active,2026-05-15,2026-05-15,SS=hns_ss-export-tld.20251226_20260107_translated_20260117.adapted.csv;HSD=hns_bob_tlds.csv,2026-05-15T21:54:27,False
badburger,33,,True,,,,,22catchall,False,active,2026-05-15,2026-05-15,SS=hns_ss-export-tld.20251226_20260107_translated_20260117.adapted.csv;HSD=hns_bob_tlds.csv,2026-05-15T21:54:27,False
bestauthors,33,,True,,,,,22catchall,False,active,2026-05-15,2026-05-15,SS=hns_ss-export-tld.20251226_20260107_translated_20260117.adapted.csv;HSD=hns_bob_tlds.csv,2026-05-15T21:54:27,False
bicyclegenerator,33,,True,,,,,22catchall,False,active,2026-05-15,2026-05-15,SS=hns_ss-export-tld.20251226_20260107_translated_20260117.adapted.csv;HSD=hns_bob_tlds.csv,2026-05-15T21:54:27,False
bluesartists,33,,True,,,,,22catchall,False,active,2026-05-15,2026-05-15,SS=hns_ss-export-tld.20251226_20260107_translated_20260117.adapted.csv;HSD=hns_bob_tlds.csv,2026-05-15T21:54:27,False
bookcircus,33,,True,,,,,22catchall,False,active,2026-05-15,2026-05-15,SS=hns_ss-export-tld.20251226_20260107_translated_20260117.adapted.csv;HSD=hns_bob_tlds.csv,2026-05-15T21:54:27,False
boundaryrider,33,,True,,,,,22catchall,False,active,2026-05-15,2026-05-15,SS=hns_ss-export-tld.20251226_20260107_translated_20260117.adapted.csv;HSD=hns_bob_tlds.csv,2026-05-15T21:54:27,False
buidlweb3,33,,True,,,,,22catchall,False,active,2026-05-15,2026-05-15,SS=hns_ss-export-tld.20251226_20260107_translated_20260117.adapted.csv;HSD=hns_bob_tlds.csv,2026-05-15T21:54:27,False
campingplay,33,,True,,,,,22catchall,False,active,2026-05-15,2026-05-15,SS=hns_ss-export-tld.20251226_20260107_translated_20260117.adapted.csv;HSD=hns_bob_tlds.csv,2026-05-15T21:54:27,False
coughremedy,33,,True,,,,,22catchall,False,active,2026-05-15,2026-05-15,SS=hns_ss-export-tld.20251226_20260107_translated_20260117.adapted.csv;HSD=hns_bob_tlds.csv,2026-05-15T21:54:27,False
domainand,33,,True,,,,,22catchall,False,active,2026-05-15,2026-05-15,SS=hns_ss-export-tld.20251226_20260107_translated_20260117.adapted.csv;HSD=hns_bob_tlds.csv,2026-05-15T21:54:27,False
drybrushing,33,,True,,,,,22catchall,False,active,2026-05-15,2026-05-15,SS=hns_ss-export-tld.20251226_20260107_translated_20260117.adapted.csv;HSD=hns_bob_tlds.csv,2026-05-15T21:54:27,False
earthround,33,,True,,,,,22catchall,False,active,2026-05-15,2026-05-15,SS=hns_ss-export-tld.20251226_20260107_translated_20260117.adapted.csv;HSD=hns_bob_tlds.csv,2026-05-15T21:54:27,False
eatpallet,33,,True,,,,,22catchall,False,active,2026-05-15,2026-05-15,SS=hns_ss-export-tld.20251226_20260107_translated_20260117.adapted.csv;HSD=hns_bob_tlds.csv,2026-05-15T21:54:27,False
estyled,33,,True,,,,,22catchall,False,active,2026-05-15,2026-05-15,SS=hns_ss-export-tld.20251226_20260107_translated_20260117.adapted.csv;HSD=hns_bob_tlds.csv,2026-05-15T21:54:27,False
exoticsinc,33,,True,,,,,22catchall,False,active,2026-05-15,2026-05-15,SS=hns_ss-export-tld.20251226_20260107_translated_20260117.adapted.csv;HSD=hns_bob_tlds.csv,2026-05-15T21:54:27,False
farmcareer,33,,True,,,,,22catchall,False,active,2026-05-15,2026-05-15,SS=hns_ss-export-tld.20251226_20260107_translated_20260117.adapted.csv;HSD=hns_bob_tlds.csv,2026-05-15T21:54:27,False
finew3b,33,,True,,,,,22catchall,False,active,2026-05-15,2026-05-15,SS=hns_ss-export-tld.20251226_20260107_translated_20260117.adapted.csv;HSD=hns_bob_tlds.csv,2026-05-15T21:54:27,False
flag-waving,33,,True,,,,,22catchall,False,active,2026-05-15,2026-05-15,SS=hns_ss-export-tld.20251226_20260107_translated_20260117.adapted.csv;HSD=hns_bob_tlds.csv,2026-05-15T21:54:27,False
habilito,33,"ES 'enable, qualify'",True,,,,,22catchall,False,active,2026-05-15,2026-05-15,SS=hns_ss-export-tld.20251226_20260107_translated_20260117.adapted.csv;HSD=hns_bob_tlds.csv,2026-05-15T21:54:27,False
hand-worked,33,,True,,,,,22catchall,False,active,2026-05-15,2026-05-15,SS=hns_ss-export-tld.20251226_20260107_translated_20260117.adapted.csv;HSD=hns_bob_tlds.csv,2026-05-15T21:54:27,False
howdoibuy,33,,True,,,,,22catchall,False,active,2026-05-15,2026-05-15,SS=hns_ss-export-tld.20251226_20260107_translated_20260117.adapted.csv;HSD=hns_bob_tlds.csv,2026-05-15T21:54:27,False
humanfact,33,,True,,,,,22catchall,False,active,2026-05-15,2026-05-15,SS=hns_ss-export-tld.20251226_20260107_translated_20260117.adapted.csv;HSD=hns_bob_tlds.csv,2026-05-15T21:54:27,False
inertianft,33,,True,,,,,22catchall,False,active,2026-05-15,2026-05-15,SS=hns_ss-export-tld.20251226_20260107_translated_20260117.adapted.csv;HSD=hns_bob_tlds.csv,2026-05-15T21:54:27,False
kidpolicy,33,,True,,,,,22catchall,False,active,2026-05-15,2026-05-15,SS=hns_ss-export-tld.20251226_20260107_translated_20260117.adapted.csv;HSD=hns_bob_tlds.csv,2026-05-15T21:54:27,False
legoforadults,33,,True,,,,,22catchall,False,active,2026-05-15,2026-05-15,SS=hns_ss-export-tld.20251226_20260107_translated_20260117.adapted.csv;HSD=hns_bob_tlds.csv,2026-05-15T21:54:27,False
lifebets,33,,True,,,,,22catchall,False,active,2026-05-15,2026-05-15,SS=hns_ss-export-tld.20251226_20260107_translated_20260117.adapted.csv;HSD=hns_bob_tlds.csv,2026-05-15T21:54:27,False
litlove,33,,True,,,,,22catchall,False,active,2026-05-15,2026-05-15,SS=hns_ss-export-tld.20251226_20260107_translated_20260117.adapted.csv;HSD=hns_bob_tlds.csv,2026-05-15T21:54:27,False
lovemypen,33,,True,,,,,22catchall,False,active,2026-05-15,2026-05-15,SS=hns_ss-export-tld.20251226_20260107_translated_20260117.adapted.csv;HSD=hns_bob_tlds.csv,2026-05-15T21:54:27,False
mintsilo,33,,True,,,,,22catchall,False,active,2026-05-15,2026-05-15,SS=hns_ss-export-tld.20251226_20260107_translated_20260117.adapted.csv;HSD=hns_bob_tlds.csv,2026-05-15T21:54:27,False
morevote,33,,True,,,,,22catchall,False,active,2026-05-15,2026-05-15,SS=hns_ss-export-tld.20251226_20260107_translated_20260117.adapted.csv;HSD=hns_bob_tlds.csv,2026-05-15T21:54:27,False
musictag,33,,True,,,,,22catchall,False,active,2026-05-15,2026-05-15,SS=hns_ss-export-tld.20251226_20260107_translated_20260117.adapted.csv;HSD=hns_bob_tlds.csv,2026-05-15T21:54:27,False
muskovite,33,,True,,,,,22catchall,False,active,2026-05-15,2026-05-15,SS=hns_ss-export-tld.20251226_20260107_translated_20260117.adapted.csv;HSD=hns_bob_tlds.csv,2026-05-15T21:54:27,False
naturaled,33,natural LED,True,,,,,22catchall,False,active,2026-05-15,2026-05-15,SS=hns_ss-export-tld.20251226_20260107_translated_20260117.adapted.csv;HSD=hns_bob_tlds.csv,2026-05-15T21:54:27,False
natureboat,33,,True,,,,,22catchall,False,active,2026-05-15,2026-05-15,SS=hns_ss-export-tld.20251226_20260107_translated_20260117.adapted.csv;HSD=hns_bob_tlds.csv,2026-05-15T21:54:27,False
newitch,33,new itch | new witch,True,,,,,22catchall,False,active,2026-05-15,2026-05-15,SS=hns_ss-export-tld.20251226_20260107_translated_20260117.adapted.csv;HSD=hns_bob_tlds.csv,2026-05-15T21:54:27,False
nftsgirl,33,,True,,,,,22catchall,False,active,2026-05-15,2026-05-15,SS=hns_ss-export-tld.20251226_20260107_translated_20260117.adapted.csv;HSD=hns_bob_tlds.csv,2026-05-15T21:54:27,False
nuevaitalia,33,"SP 'New Italy' .. Michoacán, Mexico ..OR.. Paraguay",True,,,,,22catchall,False,active,2026-05-15,2026-05-15,SS=hns_ss-export-tld.20251226_20260107_translated_20260117.adapted.csv;HSD=hns_bob_tlds.csv,2026-05-15T21:54:27,False
old-fangled,33,,True,,,,,22catchall,False,active,2026-05-15,2026-05-15,SS=hns_ss-export-tld.20251226_20260107_translated_20260117.adapted.csv;HSD=hns_bob_tlds.csv,2026-05-15T21:54:27,False
passwordsharing,33,,True,,,,,22catchall,False,active,2026-05-15,2026-05-15,SS=hns_ss-export-tld.20251226_20260107_translated_20260117.adapted.csv;HSD=hns_bob_tlds.csv,2026-05-15T21:54:27,False
pdfcloud,33,,True,,,,,22catchall,False,active,2026-05-15,2026-05-15,SS=hns_ss-export-tld.20251226_20260107_translated_20260117.adapted.csv;HSD=hns_bob_tlds.csv,2026-05-15T21:54:27,False
rastamagic,33,,True,,,,,22catchall,False,active,2026-05-15,2026-05-15,SS=hns_ss-export-tld.20251226_20260107_translated_20260117.adapted.csv;HSD=hns_bob_tlds.csv,2026-05-15T21:54:27,False
rched,33,,True,5L,,,,22catchall,False,active,2026-05-15,2026-05-15,SS=hns_ss-export-tld.20251226_20260107_translated_20260117.adapted.csv;HSD=hns_bob_tlds.csv,2026-05-15T21:54:27,False
runeditor,33,,True,,,,,22catchall,False,active,2026-05-15,2026-05-15,SS=hns_ss-export-tld.20251226_20260107_translated_20260117.adapted.csv;HSD=hns_bob_tlds.csv,2026-05-15T21:54:27,False
smartswag,33,,True,,,,,22catchall,False,active,2026-05-15,2026-05-15,SS=hns_ss-export-tld.20251226_20260107_translated_20260117.adapted.csv;HSD=hns_bob_tlds.csv,2026-05-15T21:54:27,False
solardeity,33,,True,,,,,22catchall,False,active,2026-05-15,2026-05-15,SS=hns_ss-export-tld.20251226_20260107_translated_20260117.adapted.csv;HSD=hns_bob_tlds.csv,2026-05-15T21:54:27,False
specialart,33,,True,,,,,22catchall,False,active,2026-05-15,2026-05-15,SS=hns_ss-export-tld.20251226_20260107_translated_20260117.adapted.csv;HSD=hns_bob_tlds.csv,2026-05-15T21:54:27,False
staffmail,33,,True,,,,,22catchall,False,active,2026-05-15,2026-05-15,SS=hns_ss-export-tld.20251226_20260107_translated_20260117.adapted.csv;HSD=hns_bob_tlds.csv,2026-05-15T21:54:27,False
staffpower,33,,True,,,,,22catchall,False,active,2026-05-15,2026-05-15,SS=hns_ss-export-tld.20251226_20260107_translated_20260117.adapted.csv;HSD=hns_bob_tlds.csv,2026-05-15T21:54:27,False
startdomain,33,,True,,,,,22catchall,False,active,2026-05-15,2026-05-15,SS=hns_ss-export-tld.20251226_20260107_translated_20260117.adapted.csv;HSD=hns_bob_tlds.csv,2026-05-15T21:54:27,False
stonerstickers,33,,True,,,,,22catchall,False,active,2026-05-15,2026-05-15,SS=hns_ss-export-tld.20251226_20260107_translated_20260117.adapted.csv;HSD=hns_bob_tlds.csv,2026-05-15T21:54:27,False
sunsetride,33,,True,,,,,22catchall,False,active,2026-05-15,2026-05-15,SS=hns_ss-export-tld.20251226_20260107_translated_20260117.adapted.csv;HSD=hns_bob_tlds.csv,2026-05-15T21:54:27,False
sushiknife,33,,True,,,,,22catchall,False,active,2026-05-15,2026-05-15,SS=hns_ss-export-tld.20251226_20260107_translated_20260117.adapted.csv;HSD=hns_bob_tlds.csv,2026-05-15T21:54:27,False
tao-yin,33,,True,,,,,22catchall,False,active,2026-05-15,2026-05-15,SS=hns_ss-export-tld.20251226_20260107_translated_20260117.adapted.csv;HSD=hns_bob_tlds.csv,2026-05-15T21:54:27,False
theartofwriting,33,,True,,,,,22catchall,False,active,2026-05-15,2026-05-15,SS=hns_ss-export-tld.20251226_20260107_translated_20260117.adapted.csv;HSD=hns_bob_tlds.csv,2026-05-15T21:54:27,False
theriez,33,,True,,,,,22catchall,False,active,2026-05-15,2026-05-15,SS=hns_ss-export-tld.20251226_20260107_translated_20260117.adapted.csv;HSD=hns_bob_tlds.csv,2026-05-15T21:54:27,False
trashforce,33,,True,,,,,22catchall,False,active,2026-05-15,2026-05-15,SS=hns_ss-export-tld.20251226_20260107_translated_20260117.adapted.csv;HSD=hns_bob_tlds.csv,2026-05-15T21:54:27,False
upload69,33,,True,,,,,22catchall,False,active,2026-05-15,2026-05-15,SS=hns_ss-export-tld.20251226_20260107_translated_20260117.adapted.csv;HSD=hns_bob_tlds.csv,2026-05-15T21:54:27,False
w3belf,33,,True,,,,,22catchall,False,active,2026-05-15,2026-05-15,SS=hns_ss-export-tld.20251226_20260107_translated_20260117.adapted.csv;HSD=hns_bob_tlds.csv,2026-05-15T21:54:27,False
webjames,33,,True,,,,,22catchall,False,active,2026-05-15,2026-05-15,SS=hns_ss-export-tld.20251226_20260107_translated_20260117.adapted.csv;HSD=hns_bob_tlds.csv,2026-05-15T21:54:27,False
windandsun,33,,True,,,,,22catchall,False,active,2026-05-15,2026-05-15,SS=hns_ss-export-tld.20251226_20260107_translated_20260117.adapted.csv;HSD=hns_bob_tlds.csv,2026-05-15T21:54:27,False
winnerlife,33,,True,,,,,22catchall,False,active,2026-05-15,2026-05-15,SS=hns_ss-export-tld.20251226_20260107_translated_20260117.adapted.csv;HSD=hns_bob_tlds.csv,2026-05-15T21:54:27,False
word-for-word,33,,True,,,,,22catchall,False,active,2026-05-15,2026-05-15,SS=hns_ss-export-tld.20251226_20260107_translated_20260117.adapted.csv;HSD=hns_bob_tlds.csv,2026-05-15T21:54:27,False
worksolid,33,,True,,,,,22catchall,False,active,2026-05-15,2026-05-15,SS=hns_ss-export-tld.20251226_20260107_translated_20260117.adapted.csv;HSD=hns_bob_tlds.csv,2026-05-15T21:54:27,False
yodelist,33,,True,,,,,22catchall,False,active,2026-05-15,2026-05-15,SS=hns_ss-export-tld.20251226_20260107_translated_20260117.adapted.csv;HSD=hns_bob_tlds.csv,2026-05-15T21:54:27,False
yogaphilosophy,33,,True,,,,,22catchall,False,active,2026-05-15,2026-05-15,SS=hns_ss-export-tld.20251226_20260107_translated_20260117.adapted.csv;HSD=hns_bob_tlds.csv,2026-05-15T21:54:27,False
golfprodirectory,33,,True,,,,,22catchall,False,active,2026-05-15,2026-05-15,SS=hns_ss-export-tld.20251226_20260107_translated_20260117.adapted.csv;HSD=hns_bob_tlds.csv,2026-05-15T21:54:27,False
altcoinfans,44,,True,,,,,22catchall,False,active,2026-05-15,2026-05-15,SS=hns_ss-export-tld.20251226_20260107_translated_20260117.adapted.csv;HSD=hns_bob_tlds.csv,2026-05-15T21:54:27,False
artutor,44,,True,,,,,22catchall,False,active,2026-05-15,2026-05-15,SS=hns_ss-export-tld.20251226_20260107_translated_20260117.adapted.csv;HSD=hns_bob_tlds.csv,2026-05-15T21:54:27,False
birthchip,44,,True,,,,,22catchall,False,active,2026-05-15,2026-05-15,SS=hns_ss-export-tld.20251226_20260107_translated_20260117.adapted.csv;HSD=hns_bob_tlds.csv,2026-05-15T21:54:27,False
bodgi,44,,True,5L,,,,22catchall,False,active,2026-05-15,2026-05-15,SS=hns_ss-export-tld.20251226_20260107_translated_20260117.adapted.csv;HSD=hns_bob_tlds.csv,2026-05-15T21:54:27,False
bruijst,44,Dutch 'fizz',True,,,,,22catchall,False,active,2026-05-15,2026-05-15,SS=hns_ss-export-tld.20251226_20260107_translated_20260117.adapted.csv;HSD=hns_bob_tlds.csv,2026-05-15T21:54:27,False
cafesito,44,ES 'little coffee',True,,,,,22catchall,False,active,2026-05-15,2026-05-15,SS=hns_ss-export-tld.20251226_20260107_translated_20260117.adapted.csv;HSD=hns_bob_tlds.csv,2026-05-15T21:54:27,False
campervanusa,44,,True,,,,,22catchall,False,active,2026-05-15,2026-05-15,SS=hns_ss-export-tld.20251226_20260107_translated_20260117.adapted.csv;HSD=hns_bob_tlds.csv,2026-05-15T21:54:27,False
chaa-khol,44,https://en.wikipedia.org/wiki/Chaa-Kholn Russia .. OR .. a phonetic fire fuel,True,,,,,22catchall,False,active,2026-05-15,2026-05-15,SS=hns_ss-export-tld.20251226_20260107_translated_20260117.adapted.csv;HSD=hns_bob_tlds.csv,2026-05-15T21:54:27,False
chausi,44,"chausi [or chausie] is a cross between a domestic cat and another non-Felis silvestris, the jungle cat found in Asia",True,,,,,22catchall,False,active,2026-05-15,2026-05-15,SS=hns_ss-export-tld.20251226_20260107_translated_20260117.adapted.csv;HSD=hns_bob_tlds.csv,2026-05-15T21:54:27,False
chinavstaiwan,44,,True,,,,,22catchall,False,active,2026-05-15,2026-05-15,SS=hns_ss-export-tld.20251226_20260107_translated_20260117.adapted.csv;HSD=hns_bob_tlds.csv,2026-05-15T21:54:27,False
coderow,44,,True,,,,,22catchall,False,active,2026-05-15,2026-05-15,SS=hns_ss-export-tld.20251226_20260107_translated_20260117.adapted.csv;HSD=hns_bob_tlds.csv,2026-05-15T21:54:27,False
craftskill,44,,True,,,,,22catchall,False,active,2026-05-15,2026-05-15,SS=hns_ss-export-tld.20251226_20260107_translated_20260117.adapted.csv;HSD=hns_bob_tlds.csv,2026-05-15T21:54:27,False
customtax,44,,True,,,,,22catchall,False,active,2026-05-15,2026-05-15,SS=hns_ss-export-tld.20251226_20260107_translated_20260117.adapted.csv;HSD=hns_bob_tlds.csv,2026-05-15T21:54:27,False
dollaryo,44,,True,,,,,22catchall,False,active,2026-05-15,2026-05-15,SS=hns_ss-export-tld.20251226_20260107_translated_20260117.adapted.csv;HSD=hns_bob_tlds.csv,2026-05-15T21:54:27,False
domany,44,do many,True,,,,,22catchall,False,active,2026-05-15,2026-05-15,SS=hns_ss-export-tld.20251226_20260107_translated_20260117.adapted.csv;HSD=hns_bob_tlds.csv,2026-05-15T21:54:27,False
domoslave,44,house [Esperanto] slave,True,,,,,22catchall,False,active,2026-05-15,2026-05-15,SS=hns_ss-export-tld.20251226_20260107_translated_20260117.adapted.csv;HSD=hns_bob_tlds.csv,2026-05-15T21:54:27,False
edibleking,44,,True,,,,,22catchall,False,active,2026-05-15,2026-05-15,SS=hns_ss-export-tld.20251226_20260107_translated_20260117.adapted.csv;HSD=hns_bob_tlds.csv,2026-05-15T21:54:27,False
ehehe,44,,True,5L,,,,22catchall,False,active,2026-05-15,2026-05-15,SS=hns_ss-export-tld.20251226_20260107_translated_20260117.adapted.csv;HSD=hns_bob_tlds.csv,2026-05-15T21:54:27,False
elimits,44,,True,,,,,22catchall,False,active,2026-05-15,2026-05-15,SS=hns_ss-export-tld.20251226_20260107_translated_20260117.adapted.csv;HSD=hns_bob_tlds.csv,2026-05-15T21:54:27,False
ens4you,44,,True,,,,,22catchall,False,active,2026-05-15,2026-05-15,SS=hns_ss-export-tld.20251226_20260107_translated_20260117.adapted.csv;HSD=hns_bob_tlds.csv,2026-05-15T21:54:27,False
eurue,44,List the things that the EU rue!,True,5L,,,,22catchall,False,active,2026-05-15,2026-05-15,SS=hns_ss-export-tld.20251226_20260107_translated_20260117.adapted.csv;HSD=hns_bob_tlds.csv,2026-05-15T21:54:27,False
falcondo,44,"Falconbridge Dominicana S.A. (Falcondo), owned by Americano Nickel Ltd, operates the Falcondo ferronickel mine in the Dominican Republic.",True,,,,,22catchall,False,active,2026-05-15,2026-05-15,SS=hns_ss-export-tld.20251226_20260107_translated_20260117.adapted.csv;HSD=hns_bob_tlds.csv,2026-05-15T21:54:27,False
fastgym,44,,True,,,,,22catchall,False,active,2026-05-15,2026-05-15,SS=hns_ss-export-tld.20251226_20260107_translated_20260117.adapted.csv;HSD=hns_bob_tlds.csv,2026-05-15T21:54:27,False
frozenmeal,44,,True,,,,,22catchall,False,active,2026-05-15,2026-05-15,SS=hns_ss-export-tld.20251226_20260107_translated_20260117.adapted.csv;HSD=hns_bob_tlds.csv,2026-05-15T21:54:27,False
futuredad,44,,True,,,,,22catchall,False,active,2026-05-15,2026-05-15,SS=hns_ss-export-tld.20251226_20260107_translated_20260117.adapted.csv;HSD=hns_bob_tlds.csv,2026-05-15T21:54:27,False
garlicmayo,44,,True,,,,,22catchall,False,active,2026-05-15,2026-05-15,SS=hns_ss-export-tld.20251226_20260107_translated_20260117.adapted.csv;HSD=hns_bob_tlds.csv,2026-05-15T21:54:27,False
gauni,44,Swahili 'gown',True,5L,,,,22catchall,False,active,2026-05-15,2026-05-15,SS=hns_ss-export-tld.20251226_20260107_translated_20260117.adapted.csv;HSD=hns_bob_tlds.csv,2026-05-15T21:54:27,False
hagsdorf,44,Bavarian town,True,,,,,22catchall,False,active,2026-05-15,2026-05-15,SS=hns_ss-export-tld.20251226_20260107_translated_20260117.adapted.csv;HSD=hns_bob_tlds.csv,2026-05-15T21:54:27,False
hongki,44,phonetic 'honky',True,,,,,22catchall,False,active,2026-05-15,2026-05-15,SS=hns_ss-export-tld.20251226_20260107_translated_20260117.adapted.csv;HSD=hns_bob_tlds.csv,2026-05-15T21:54:27,False
instagranddad,44,,True,,,,,22catchall,False,active,2026-05-15,2026-05-15,SS=hns_ss-export-tld.20251226_20260107_translated_20260117.adapted.csv;HSD=hns_bob_tlds.csv,2026-05-15T21:54:27,False
italianization,44,,True,,,,,22catchall,False,active,2026-05-15,2026-05-15,SS=hns_ss-export-tld.20251226_20260107_translated_20260117.adapted.csv;HSD=hns_bob_tlds.csv,2026-05-15T21:54:27,False
kinghaggard,44,https://thelastunicorn.fandom.com/wiki/King_Haggard,True,,,,,22catchall,False,active,2026-05-15,2026-05-15,SS=hns_ss-export-tld.20251226_20260107_translated_20260117.adapted.csv;HSD=hns_bob_tlds.csv,2026-05-15T21:54:27,False
linguisticsai,44,,True,,,,,22catchall,False,active,2026-05-15,2026-05-15,SS=hns_ss-export-tld.20251226_20260107_translated_20260117.adapted.csv;HSD=hns_bob_tlds.csv,2026-05-15T21:54:27,False
mindteam,44,,True,,,,,22catchall,False,active,2026-05-15,2026-05-15,SS=hns_ss-export-tld.20251226_20260107_translated_20260117.adapted.csv;HSD=hns_bob_tlds.csv,2026-05-15T21:54:27,False
namebooks,44,,True,,,,,22catchall,False,active,2026-05-15,2026-05-15,SS=hns_ss-export-tld.20251226_20260107_translated_20260117.adapted.csv;HSD=hns_bob_tlds.csv,2026-05-15T21:54:27,False
nexttip,44,,True,,,,,22catchall,False,active,2026-05-15,2026-05-15,SS=hns_ss-export-tld.20251226_20260107_translated_20260117.adapted.csv;HSD=hns_bob_tlds.csv,2026-05-15T21:54:27,False
nseth,44,,True,5L,,,,22catchall,False,active,2026-05-15,2026-05-15,SS=hns_ss-export-tld.20251226_20260107_translated_20260117.adapted.csv;HSD=hns_bob_tlds.csv,2026-05-15T21:54:27,False
ohforkme,44,,True,,,,,22catchall,False,active,2026-05-15,2026-05-15,SS=hns_ss-export-tld.20251226_20260107_translated_20260117.adapted.csv;HSD=hns_bob_tlds.csv,2026-05-15T21:54:27,False
peacequiet,44,,True,,,,,22catchall,False,active,2026-05-15,2026-05-15,SS=hns_ss-export-tld.20251226_20260107_translated_20260117.adapted.csv;HSD=hns_bob_tlds.csv,2026-05-15T21:54:27,False
price-watch,44,,True,,,,,22catchall,False,active,2026-05-15,2026-05-15,SS=hns_ss-export-tld.20251226_20260107_translated_20260117.adapted.csv;HSD=hns_bob_tlds.csv,2026-05-15T21:54:27,False
r8edu,44,,True,5C,,,,22catchall,False,active,2026-05-15,2026-05-15,SS=hns_ss-export-tld.20251226_20260107_translated_20260117.adapted.csv;HSD=hns_bob_tlds.csv,2026-05-15T21:54:27,False
ruzhdi,44,Albanian 'Rushdie' [https://en.wikipedia.org/wiki/Salman_Rushdie],True,,,,,22catchall,False,active,2026-05-15,2026-05-15,SS=hns_ss-export-tld.20251226_20260107_translated_20260117.adapted.csv;HSD=hns_bob_tlds.csv,2026-05-15T21:54:27,False
s3cr3tz,44,,True,,,,,22catchall,False,active,2026-05-15,2026-05-15,SS=hns_ss-export-tld.20251226_20260107_translated_20260117.adapted.csv;HSD=hns_bob_tlds.csv,2026-05-15T21:54:27,False
selfexpert,44,,True,,,,,22catchall,False,active,2026-05-15,2026-05-15,SS=hns_ss-export-tld.20251226_20260107_translated_20260117.adapted.csv;HSD=hns_bob_tlds.csv,2026-05-15T21:54:27,False
sh1ts,44,,True,5C,,,,22catchall,False,active,2026-05-15,2026-05-15,SS=hns_ss-export-tld.20251226_20260107_translated_20260117.adapted.csv;HSD=hns_bob_tlds.csv,2026-05-15T21:54:27,False
sikpur,44,,True,,,,,22catchall,False,active,2026-05-15,2026-05-15,SS=hns_ss-export-tld.20251226_20260107_translated_20260117.adapted.csv;HSD=hns_bob_tlds.csv,2026-05-15T21:54:27,False
starmoves,44,,True,,,,,22catchall,False,active,2026-05-15,2026-05-15,SS=hns_ss-export-tld.20251226_20260107_translated_20260117.adapted.csv;HSD=hns_bob_tlds.csv,2026-05-15T21:54:27,False
superscalar,44,,True,,,,,22catchall,False,active,2026-05-15,2026-05-15,SS=hns_ss-export-tld.20251226_20260107_translated_20260117.adapted.csv;HSD=hns_bob_tlds.csv,2026-05-15T21:54:27,False
systray,44,,True,,,,,22catchall,False,active,2026-05-15,2026-05-15,SS=hns_ss-export-tld.20251226_20260107_translated_20260117.adapted.csv;HSD=hns_bob_tlds.csv,2026-05-15T21:54:27,False
titlebar,44,,True,,,,,22catchall,False,active,2026-05-15,2026-05-15,SS=hns_ss-export-tld.20251226_20260107_translated_20260117.adapted.csv;HSD=hns_bob_tlds.csv,2026-05-15T21:54:27,False
touchcat,44,,True,,,,,22catchall,False,active,2026-05-15,2026-05-15,SS=hns_ss-export-tld.20251226_20260107_translated_20260117.adapted.csv;HSD=hns_bob_tlds.csv,2026-05-15T21:54:27,False
trans-action,44,,True,,,,,22catchall,False,active,2026-05-15,2026-05-15,SS=hns_ss-export-tld.20251226_20260107_translated_20260117.adapted.csv;HSD=hns_bob_tlds.csv,2026-05-15T21:54:27,False
trappists,44,,True,,,,,22catchall,False,active,2026-05-15,2026-05-15,SS=hns_ss-export-tld.20251226_20260107_translated_20260117.adapted.csv;HSD=hns_bob_tlds.csv,2026-05-15T21:54:27,False
truffledog,44,,True,,,,,22catchall,False,active,2026-05-15,2026-05-15,SS=hns_ss-export-tld.20251226_20260107_translated_20260117.adapted.csv;HSD=hns_bob_tlds.csv,2026-05-15T21:54:27,False
trufflepig,44,,True,,,,,22catchall,False,active,2026-05-15,2026-05-15,SS=hns_ss-export-tld.20251226_20260107_translated_20260117.adapted.csv;HSD=hns_bob_tlds.csv,2026-05-15T21:54:27,False
v101,444,,True,4C,,,,22catchall,False,active,2026-05-15,2026-05-15,SS=hns_ss-export-tld.20251226_20260107_translated_20260117.adapted.csv;HSD=hns_bob_tlds.csv,2026-05-15T21:54:27,False
vuec,444,,True,4L,,,,22catchall,False,active,2026-05-15,2026-05-15,SS=hns_ss-export-tld.20251226_20260107_translated_20260117.adapted.csv;HSD=hns_bob_tlds.csv,2026-05-15T21:54:27,False
walllaw,44,,True,,,,,22catchall,False,active,2026-05-15,2026-05-15,SS=hns_ss-export-tld.20251226_20260107_translated_20260117.adapted.csv;HSD=hns_bob_tlds.csv,2026-05-15T21:54:27,False
wineideal,44,,True,,,,,22catchall,False,active,2026-05-15,2026-05-15,SS=hns_ss-export-tld.20251226_20260107_translated_20260117.adapted.csv;HSD=hns_bob_tlds.csv,2026-05-15T21:54:27,False
xyji,444,,True,4L,,,,22catchall,False,active,2026-05-15,2026-05-15,SS=hns_ss-export-tld.20251226_20260107_translated_20260117.adapted.csv;HSD=hns_bob_tlds.csv,2026-05-15T21:54:27,False
ynmi,444,,True,4L,,,,22catchall,False,active,2026-05-15,2026-05-15,SS=hns_ss-export-tld.20251226_20260107_translated_20260117.adapted.csv;HSD=hns_bob_tlds.csv,2026-05-15T21:54:27,False
yoiu,444,,True,4L,,,,22catchall,False,active,2026-05-15,2026-05-15,SS=hns_ss-export-tld.20251226_20260107_translated_20260117.adapted.csv;HSD=hns_bob_tlds.csv,2026-05-15T21:54:27,False
yphu,444,,True,4L,,,,22catchall,False,active,2026-05-15,2026-05-15,SS=hns_ss-export-tld.20251226_20260107_translated_20260117.adapted.csv;HSD=hns_bob_tlds.csv,2026-05-15T21:54:27,False
zenment,44,,True,,,,,22catchall,False,active,2026-05-15,2026-05-15,SS=hns_ss-export-tld.20251226_20260107_translated_20260117.adapted.csv;HSD=hns_bob_tlds.csv,2026-05-15T21:54:27,False
zvuu,444,,True,4L,,,,22catchall,False,active,2026-05-15,2026-05-15,SS=hns_ss-export-tld.20251226_20260107_translated_20260117.adapted.csv;HSD=hns_bob_tlds.csv,2026-05-15T21:54:27,False
zxif,444,,True,4L,,,,22catchall,False,active,2026-05-15,2026-05-15,SS=hns_ss-export-tld.20251226_20260107_translated_20260117.adapted.csv;HSD=hns_bob_tlds.csv,2026-05-15T21:54:27,False
52-cardpickup,52,,True,,,,,22catchall,False,active,2026-05-15,2026-05-15,SS=hns_ss-export-tld.20251226_20260107_translated_20260117.adapted.csv;HSD=hns_bob_tlds.csv,2026-05-15T21:54:27,False
0level,55,,True,,,,,22catchall,False,active,2026-05-15,2026-05-15,SS=hns_ss-export-tld.20251226_20260107_translated_20260117.adapted.csv;HSD=hns_bob_tlds.csv,2026-05-15T21:54:27,False
abrogating,55,Now abrogating this domain .. care to take it off my hands..?,True,,,,,22catchall,False,active,2026-05-15,2026-05-15,SS=hns_ss-export-tld.20251226_20260107_translated_20260117.adapted.csv;HSD=hns_bob_tlds.csv,2026-05-15T21:54:27,False
agiftforyou,55,,True,,,,,22catchall,False,active,2026-05-15,2026-05-15,SS=hns_ss-export-tld.20251226_20260107_translated_20260117.adapted.csv;HSD=hns_bob_tlds.csv,2026-05-15T21:54:27,False
airpaper,55,,True,,,,,22catchall,False,active,2026-05-15,2026-05-15,SS=hns_ss-export-tld.20251226_20260107_translated_20260117.adapted.csv;HSD=hns_bob_tlds.csv,2026-05-15T21:54:27,False
aklame,55,Haitian Creole 'acclaimed',True,,,,,22catchall,False,active,2026-05-15,2026-05-15,SS=hns_ss-export-tld.20251226_20260107_translated_20260117.adapted.csv;HSD=hns_bob_tlds.csv,2026-05-15T21:54:27,False
artofzoo,55,,True,,,,,22catchall,False,active,2026-05-15,2026-05-15,SS=hns_ss-export-tld.20251226_20260107_translated_20260117.adapted.csv;HSD=hns_bob_tlds.csv,2026-05-15T21:54:27,False
asianeye,55,,True,,,,,22catchall,False,active,2026-05-15,2026-05-15,SS=hns_ss-export-tld.20251226_20260107_translated_20260117.adapted.csv;HSD=hns_bob_tlds.csv,2026-05-15T21:54:27,False
asiansupplies,555,,True,,,,,22catchall,False,active,2026-05-15,2026-05-15,SS=hns_ss-export-tld.20251226_20260107_translated_20260117.adapted.csv;HSD=hns_bob_tlds.csv,2026-05-15T21:54:27,False
astrodawn,55,,True,,,,,22catchall,False,active,2026-05-15,2026-05-15,SS=hns_ss-export-tld.20251226_20260107_translated_20260117.adapted.csv;HSD=hns_bob_tlds.csv,2026-05-15T21:54:27,False
bardish,55,,True,,,,,22catchall,False,active,2026-05-15,2026-05-15,SS=hns_ss-export-tld.20251226_20260107_translated_20260117.adapted.csv;HSD=hns_bob_tlds.csv,2026-05-15T21:54:27,False
bestdishes,55,,True,,,,,22catchall,False,active,2026-05-15,2026-05-15,SS=hns_ss-export-tld.20251226_20260107_translated_20260117.adapted.csv;HSD=hns_bob_tlds.csv,2026-05-15T21:54:27,False
betquit,55,,True,,,,,22catchall,False,active,2026-05-15,2026-05-15,SS=hns_ss-export-tld.20251226_20260107_translated_20260117.adapted.csv;HSD=hns_bob_tlds.csv,2026-05-15T21:54:27,False
bidonart,55,,True,,,,,22catchall,False,active,2026-05-15,2026-05-15,SS=hns_ss-export-tld.20251226_20260107_translated_20260117.adapted.csv;HSD=hns_bob_tlds.csv,2026-05-15T21:54:27,False
bigbog,55,,True,,,,,22catchall,False,active,2026-05-15,2026-05-15,SS=hns_ss-export-tld.20251226_20260107_translated_20260117.adapted.csv;HSD=hns_bob_tlds.csv,2026-05-15T21:54:27,False
bmxmag,55,,True,,,,,22catchall,False,active,2026-05-15,2026-05-15,SS=hns_ss-export-tld.20251226_20260107_translated_20260117.adapted.csv;HSD=hns_bob_tlds.csv,2026-05-15T21:54:27,False
bokowen,55,Polish sideways,True,,,,,22catchall,False,active,2026-05-15,2026-05-15,SS=hns_ss-export-tld.20251226_20260107_translated_20260117.adapted.csv;HSD=hns_bob_tlds.csv,2026-05-15T21:54:27,False
bongaverse,55,,True,,,,,22catchall,False,active,2026-05-15,2026-05-15,SS=hns_ss-export-tld.20251226_20260107_translated_20260117.adapted.csv;HSD=hns_bob_tlds.csv,2026-05-15T21:54:27,False
brokenigger,55,broke nigger | broken nigger,True,,,,,22catchall,False,active,2026-05-15,2026-05-15,SS=hns_ss-export-tld.20251226_20260107_translated_20260117.adapted.csv;HSD=hns_bob_tlds.csv,2026-05-15T21:54:27,False
buxcard,55,,True,,,,,22catchall,False,active,2026-05-15,2026-05-15,SS=hns_ss-export-tld.20251226_20260107_translated_20260117.adapted.csv;HSD=hns_bob_tlds.csv,2026-05-15T21:54:27,False
cafespice,55,,True,,,,,22catchall,False,active,2026-05-15,2026-05-15,SS=hns_ss-export-tld.20251226_20260107_translated_20260117.adapted.csv;HSD=hns_bob_tlds.csv,2026-05-15T21:54:27,False
calligraphyart,55,,True,,,,,22catchall,False,active,2026-05-15,2026-05-15,SS=hns_ss-export-tld.20251226_20260107_translated_20260117.adapted.csv;HSD=hns_bob_tlds.csv,2026-05-15T21:54:27,False
campersusa,555,,True,,,,,22catchall,False,active,2026-05-15,2026-05-15,SS=hns_ss-export-tld.20251226_20260107_translated_20260117.adapted.csv;HSD=hns_bob_tlds.csv,2026-05-15T21:54:27,False
catsnames,5,,True,,,,,22catchall,False,active,2026-05-15,2026-05-15,SS=hns_ss-export-tld.20251226_20260107_translated_20260117.adapted.csv;HSD=hns_bob_tlds.csv,2026-05-15T21:54:27,False
cdtab,55,,True,5L,,,,22catchall,False,active,2026-05-15,2026-05-15,SS=hns_ss-export-tld.20251226_20260107_translated_20260117.adapted.csv;HSD=hns_bob_tlds.csv,2026-05-15T21:54:27,False
chocolatecup,55,,True,,,,,22catchall,False,active,2026-05-15,2026-05-15,SS=hns_ss-export-tld.20251226_20260107_translated_20260117.adapted.csv;HSD=hns_bob_tlds.csv,2026-05-15T21:54:27,False
clickpower,55,,True,,,,,22catchall,False,active,2026-05-15,2026-05-15,SS=hns_ss-export-tld.20251226_20260107_translated_20260117.adapted.csv;HSD=hns_bob_tlds.csv,2026-05-15T21:54:27,False
crohnsquiz,55,,True,,,,,22catchall,False,active,2026-05-15,2026-05-15,SS=hns_ss-export-tld.20251226_20260107_translated_20260117.adapted.csv;HSD=hns_bob_tlds.csv,2026-05-15T21:54:27,False
dadgets,55,,True,,,,,22catchall,False,active,2026-05-15,2026-05-15,SS=hns_ss-export-tld.20251226_20260107_translated_20260117.adapted.csv;HSD=hns_bob_tlds.csv,2026-05-15T21:54:27,False
dadsofdiy,55,,True,,,,,22catchall,False,active,2026-05-15,2026-05-15,SS=hns_ss-export-tld.20251226_20260107_translated_20260117.adapted.csv;HSD=hns_bob_tlds.csv,2026-05-15T21:54:27,False
darkwebai,55,,True,,,,,22catchall,False,active,2026-05-15,2026-05-15,SS=hns_ss-export-tld.20251226_20260107_translated_20260117.adapted.csv;HSD=hns_bob_tlds.csv,2026-05-15T21:54:27,False
de-jour,55,,True,,,,,22catchall,False,active,2026-05-15,2026-05-15,SS=hns_ss-export-tld.20251226_20260107_translated_20260117.adapted.csv;HSD=hns_bob_tlds.csv,2026-05-15T21:54:27,False
digitrail,55,,True,,,,,22catchall,False,active,2026-05-15,2026-05-15,SS=hns_ss-export-tld.20251226_20260107_translated_20260117.adapted.csv;HSD=hns_bob_tlds.csv,2026-05-15T21:54:27,False
diplomatwallet,55,,True,,,,,22catchall,False,active,2026-05-15,2026-05-15,SS=hns_ss-export-tld.20251226_20260107_translated_20260117.adapted.csv;HSD=hns_bob_tlds.csv,2026-05-15T21:54:27,False
djgigs,55,,True,,,,,22catchall,False,active,2026-05-15,2026-05-15,SS=hns_ss-export-tld.20251226_20260107_translated_20260117.adapted.csv;HSD=hns_bob_tlds.csv,2026-05-15T21:54:27,False
domain-gallery,55,,True,,,,,22catchall,False,active,2026-05-15,2026-05-15,SS=hns_ss-export-tld.20251226_20260107_translated_20260117.adapted.csv;HSD=hns_bob_tlds.csv,2026-05-15T21:54:27,False
domainssl,55,,True,,,,,22catchall,False,active,2026-05-15,2026-05-15,SS=hns_ss-export-tld.20251226_20260107_translated_20260117.adapted.csv;HSD=hns_bob_tlds.csv,2026-05-15T21:54:27,False
dugolaz,55,Croatian 'long-distance',True,,,,,22catchall,False,active,2026-05-15,2026-05-15,SS=hns_ss-export-tld.20251226_20260107_translated_20260117.adapted.csv;HSD=hns_bob_tlds.csv,2026-05-15T21:54:27,False
ecotraders,55,,True,,,,,22catchall,False,active,2026-05-15,2026-05-15,SS=hns_ss-export-tld.20251226_20260107_translated_20260117.adapted.csv;HSD=hns_bob_tlds.csv,2026-05-15T21:54:27,False
ecoutility,55,,True,,,,,22catchall,False,active,2026-05-15,2026-05-15,SS=hns_ss-export-tld.20251226_20260107_translated_20260117.adapted.csv;HSD=hns_bob_tlds.csv,2026-05-15T21:54:27,False
egosurf,55,,True,,,,,22catchall,False,active,2026-05-15,2026-05-15,SS=hns_ss-export-tld.20251226_20260107_translated_20260117.adapted.csv;HSD=hns_bob_tlds.csv,2026-05-15T21:54:27,False
ensninjas,55,,True,,,,,22catchall,False,active,2026-05-15,2026-05-15,SS=hns_ss-export-tld.20251226_20260107_translated_20260117.adapted.csv;HSD=hns_bob_tlds.csv,2026-05-15T21:54:27,False
eth-degen,55,,True,,,,,22catchall,False,active,2026-05-15,2026-05-15,SS=hns_ss-export-tld.20251226_20260107_translated_20260117.adapted.csv;HSD=hns_bob_tlds.csv,2026-05-15T21:54:27,False
euroflag,55,,True,,,,,22catchall,False,active,2026-05-15,2026-05-15,SS=hns_ss-export-tld.20251226_20260107_translated_20260117.adapted.csv;HSD=hns_bob_tlds.csv,2026-05-15T21:54:27,False
ezhot,55,,True,5L,,,,22catchall,False,active,2026-05-15,2026-05-15,SS=hns_ss-export-tld.20251226_20260107_translated_20260117.adapted.csv;HSD=hns_bob_tlds.csv,2026-05-15T21:54:27,False
firemama,55,,True,,,,,22catchall,False,active,2026-05-15,2026-05-15,SS=hns_ss-export-tld.20251226_20260107_translated_20260117.adapted.csv;HSD=hns_bob_tlds.csv,2026-05-15T21:54:27,False
fishroe,55,,False,,,,,22catchall,False,active,2026-05-15,2026-05-15,SS=hns_ss-export-tld.20251226_20260107_translated_20260117.adapted.csv;HSD=hns_bob_tlds.csv,2026-05-15T21:54:27,False
flipyeah,55,,True,,,,,22catchall,False,active,2026-05-15,2026-05-15,SS=hns_ss-export-tld.20251226_20260107_translated_20260117.adapted.csv;HSD=hns_bob_tlds.csv,2026-05-15T21:54:27,False
folkbook,55,,True,,,,,22catchall,False,active,2026-05-15,2026-05-15,SS=hns_ss-export-tld.20251226_20260107_translated_20260117.adapted.csv;HSD=hns_bob_tlds.csv,2026-05-15T21:54:27,False
freeworlddomains,55,,True,,,,,22catchall,False,active,2026-05-15,2026-05-15,SS=hns_ss-export-tld.20251226_20260107_translated_20260117.adapted.csv;HSD=hns_bob_tlds.csv,2026-05-15T21:54:27,False
gelded,55,,True,,,,,22catchall,False,active,2026-05-15,2026-05-15,SS=hns_ss-export-tld.20251226_20260107_translated_20260117.adapted.csv;HSD=hns_bob_tlds.csv,2026-05-15T21:54:27,False
globe-trot,55,,True,,,,,22catchall,False,active,2026-05-15,2026-05-15,SS=hns_ss-export-tld.20251226_20260107_translated_20260117.adapted.csv;HSD=hns_bob_tlds.csv,2026-05-15T21:54:27,False
grabac,55,ES 'record',True,,,,,22catchall,False,active,2026-05-15,2026-05-15,SS=hns_ss-export-tld.20251226_20260107_translated_20260117.adapted.csv;HSD=hns_bob_tlds.csv,2026-05-15T21:54:27,False
grandchat,55,,True,,,,,22catchall,False,active,2026-05-15,2026-05-15,SS=hns_ss-export-tld.20251226_20260107_translated_20260117.adapted.csv;HSD=hns_bob_tlds.csv,2026-05-15T21:54:27,False
guypics,555,,True,,,,,22catchall,False,active,2026-05-15,2026-05-15,SS=hns_ss-export-tld.20251226_20260107_translated_20260117.adapted.csv;HSD=hns_bob_tlds.csv,2026-05-15T21:54:27,False
handyear,55,,True,,,,,22catchall,False,active,2026-05-15,2026-05-15,SS=hns_ss-export-tld.20251226_20260107_translated_20260117.adapted.csv;HSD=hns_bob_tlds.csv,2026-05-15T21:54:27,False
herba-life,55,,True,,,,,22catchall,False,active,2026-05-15,2026-05-15,SS=hns_ss-export-tld.20251226_20260107_translated_20260117.adapted.csv;HSD=hns_bob_tlds.csv,2026-05-15T21:54:27,False
humantax,55,,True,,,,,22catchall,False,active,2026-05-15,2026-05-15,SS=hns_ss-export-tld.20251226_20260107_translated_20260117.adapted.csv;HSD=hns_bob_tlds.csv,2026-05-15T21:54:27,False
ifeelhappyandexcited,55,,True,,,,,22catchall,False,active,2026-05-15,2026-05-15,SS=hns_ss-export-tld.20251226_20260107_translated_20260117.adapted.csv;HSD=hns_bob_tlds.csv,2026-05-15T21:54:27,False
indexpenny,55,,True,,,,,22catchall,False,active,2026-05-15,2026-05-15,SS=hns_ss-export-tld.20251226_20260107_translated_20260117.adapted.csv;HSD=hns_bob_tlds.csv,2026-05-15T21:54:27,False
isurgir,55,PT 'arise',True,,,,,22catchall,False,active,2026-05-15,2026-05-15,SS=hns_ss-export-tld.20251226_20260107_translated_20260117.adapted.csv;HSD=hns_bob_tlds.csv,2026-05-15T21:54:27,False
j33z,555,,True,4C,,,,22catchall,False,active,2026-05-15,2026-05-15,SS=hns_ss-export-tld.20251226_20260107_translated_20260117.adapted.csv;HSD=hns_bob_tlds.csv,2026-05-15T21:54:27,False
loanwhale,55,,True,,,,,22catchall,False,active,2026-05-15,2026-05-15,SS=hns_ss-export-tld.20251226_20260107_translated_20260117.adapted.csv;HSD=hns_bob_tlds.csv,2026-05-15T21:54:27,False
logicz,55,,True,,,,,22catchall,False,active,2026-05-15,2026-05-15,SS=hns_ss-export-tld.20251226_20260107_translated_20260117.adapted.csv;HSD=hns_bob_tlds.csv,2026-05-15T21:54:27,False
londonbuildings,55,,True,,,,,22catchall,False,active,2026-05-15,2026-05-15,SS=hns_ss-export-tld.20251226_20260107_translated_20260117.adapted.csv;HSD=hns_bob_tlds.csv,2026-05-15T21:54:27,False
lovecatz,555,,True,,,,,22catchall,False,active,2026-05-15,2026-05-15,SS=hns_ss-export-tld.20251226_20260107_translated_20260117.adapted.csv;HSD=hns_bob_tlds.csv,2026-05-15T21:54:27,False
manxiety,55,,True,,,,,22catchall,False,active,2026-05-15,2026-05-15,SS=hns_ss-export-tld.20251226_20260107_translated_20260117.adapted.csv;HSD=hns_bob_tlds.csv,2026-05-15T21:54:27,False
menumap,55,,True,,,,,22catchall,False,active,2026-05-15,2026-05-15,SS=hns_ss-export-tld.20251226_20260107_translated_20260117.adapted.csv;HSD=hns_bob_tlds.csv,2026-05-15T21:54:27,False
moneyisdead,55,,True,,,,,22catchall,False,active,2026-05-15,2026-05-15,SS=hns_ss-export-tld.20251226_20260107_translated_20260117.adapted.csv;HSD=hns_bob_tlds.csv,2026-05-15T21:54:27,False
monophagy,55,feeding on a single type of food,True,,,,,22catchall,False,active,2026-05-15,2026-05-15,SS=hns_ss-export-tld.20251226_20260107_translated_20260117.adapted.csv;HSD=hns_bob_tlds.csv,2026-05-15T21:54:27,False
myaym,55,my aim,True,5L,,,,22catchall,False,active,2026-05-15,2026-05-15,SS=hns_ss-export-tld.20251226_20260107_translated_20260117.adapted.csv;HSD=hns_bob_tlds.csv,2026-05-15T21:54:27,False
mycatisfat,55,,True,,,,,22catchall,False,active,2026-05-15,2026-05-15,SS=hns_ss-export-tld.20251226_20260107_translated_20260117.adapted.csv;HSD=hns_bob_tlds.csv,2026-05-15T21:54:27,False
mynfteam,55,,True,,,,,22catchall,False,active,2026-05-15,2026-05-15,SS=hns_ss-export-tld.20251226_20260107_translated_20260117.adapted.csv;HSD=hns_bob_tlds.csv,2026-05-15T21:54:27,False
mysite21,55,,True,,,,,22catchall,False,active,2026-05-15,2026-05-15,SS=hns_ss-export-tld.20251226_20260107_translated_20260117.adapted.csv;HSD=hns_bob_tlds.csv,2026-05-15T21:54:27,False
nationalcostume,55,,True,,,,,22catchall,False,active,2026-05-15,2026-05-15,SS=hns_ss-export-tld.20251226_20260107_translated_20260117.adapted.csv;HSD=hns_bob_tlds.csv,2026-05-15T21:54:27,False
neversaygoodbye,55,,True,,,,,22catchall,False,active,2026-05-15,2026-05-15,SS=hns_ss-export-tld.20251226_20260107_translated_20260117.adapted.csv;HSD=hns_bob_tlds.csv,2026-05-15T21:54:27,False
nextceo,55,,True,,,,,22catchall,False,active,2026-05-15,2026-05-15,SS=hns_ss-export-tld.20251226_20260107_translated_20260117.adapted.csv;HSD=hns_bob_tlds.csv,2026-05-15T21:54:27,False
nftaccepted,55,,True,,,,,22catchall,False,active,2026-05-15,2026-05-15,SS=hns_ss-export-tld.20251226_20260107_translated_20260117.adapted.csv;HSD=hns_bob_tlds.csv,2026-05-15T21:54:27,False
nicesync,55,,True,,,,,22catchall,False,active,2026-05-15,2026-05-15,SS=hns_ss-export-tld.20251226_20260107_translated_20260117.adapted.csv;HSD=hns_bob_tlds.csv,2026-05-15T21:54:27,False
nonphixion,55,,True,,,,,22catchall,False,active,2026-05-15,2026-05-15,SS=hns_ss-export-tld.20251226_20260107_translated_20260117.adapted.csv;HSD=hns_bob_tlds.csv,2026-05-15T21:54:27,False
notold,555,[see also ‘oldog’],True,,,,,22catchall,False,active,2026-05-15,2026-05-15,SS=hns_ss-export-tld.20251226_20260107_translated_20260117.adapted.csv;HSD=hns_bob_tlds.csv,2026-05-15T21:54:27,False
ofenau,55,of English Australian,True,,,,,22catchall,False,active,2026-05-15,2026-05-15,SS=hns_ss-export-tld.20251226_20260107_translated_20260117.adapted.csv;HSD=hns_bob_tlds.csv,2026-05-15T21:54:27,False
oldnerd,55,,True,,,,,22catchall,False,active,2026-05-15,2026-05-15,SS=hns_ss-export-tld.20251226_20260107_translated_20260117.adapted.csv;HSD=hns_bob_tlds.csv,2026-05-15T21:54:27,False
outrick,55,,True,,,,,22catchall,False,active,2026-05-15,2026-05-15,SS=hns_ss-export-tld.20251226_20260107_translated_20260117.adapted.csv;HSD=hns_bob_tlds.csv,2026-05-15T21:54:27,False
overearn,55,,True,,,,,22catchall,False,active,2026-05-15,2026-05-15,SS=hns_ss-export-tld.20251226_20260107_translated_20260117.adapted.csv;HSD=hns_bob_tlds.csv,2026-05-15T21:54:27,False
pairoff,55,,True,,,,,22catchall,False,active,2026-05-15,2026-05-15,SS=hns_ss-export-tld.20251226_20260107_translated_20260117.adapted.csv;HSD=hns_bob_tlds.csv,2026-05-15T21:54:27,False
petcows,55,,True,,,,,22catchall,False,active,2026-05-15,2026-05-15,SS=hns_ss-export-tld.20251226_20260107_translated_20260117.adapted.csv;HSD=hns_bob_tlds.csv,2026-05-15T21:54:27,False
phoenixed,55,,True,,,,,22catchall,False,active,2026-05-15,2026-05-15,SS=hns_ss-export-tld.20251226_20260107_translated_20260117.adapted.csv;HSD=hns_bob_tlds.csv,2026-05-15T21:54:27,False
pixelogic,55,,True,,,,,22catchall,False,active,2026-05-15,2026-05-15,SS=hns_ss-export-tld.20251226_20260107_translated_20260117.adapted.csv;HSD=hns_bob_tlds.csv,2026-05-15T21:54:27,False
poddrezanj,55,Slovenian 'undercuts',True,,,,,22catchall,False,active,2026-05-15,2026-05-15,SS=hns_ss-export-tld.20251226_20260107_translated_20260117.adapted.csv;HSD=hns_bob_tlds.csv,2026-05-15T21:54:27,False
pornosession,55,,True,,,,,22catchall,False,active,2026-05-15,2026-05-15,SS=hns_ss-export-tld.20251226_20260107_translated_20260117.adapted.csv;HSD=hns_bob_tlds.csv,2026-05-15T21:54:27,False
ratetable,55,,True,,,,,22catchall,False,active,2026-05-15,2026-05-15,SS=hns_ss-export-tld.20251226_20260107_translated_20260117.adapted.csv;HSD=hns_bob_tlds.csv,2026-05-15T21:54:27,False
readabl,55,,True,,,,,22catchall,False,active,2026-05-15,2026-05-15,SS=hns_ss-export-tld.20251226_20260107_translated_20260117.adapted.csv;HSD=hns_bob_tlds.csv,2026-05-15T21:54:27,False
rebelnomad,55,,True,,,,,22catchall,False,active,2026-05-15,2026-05-15,SS=hns_ss-export-tld.20251226_20260107_translated_20260117.adapted.csv;HSD=hns_bob_tlds.csv,2026-05-15T21:54:27,False
resourcio,55,,True,,,,,22catchall,False,active,2026-05-15,2026-05-15,SS=hns_ss-export-tld.20251226_20260107_translated_20260117.adapted.csv;HSD=hns_bob_tlds.csv,2026-05-15T21:54:27,False
rhymetime,555,,True,,,,,22catchall,False,active,2026-05-15,2026-05-15,SS=hns_ss-export-tld.20251226_20260107_translated_20260117.adapted.csv;HSD=hns_bob_tlds.csv,2026-05-15T21:54:27,False
rob-u,55,,True,5C,,,,22catchall,False,active,2026-05-15,2026-05-15,SS=hns_ss-export-tld.20251226_20260107_translated_20260117.adapted.csv;HSD=hns_bob_tlds.csv,2026-05-15T21:54:27,False
seooptimise,55,,True,,,,,22catchall,False,active,2026-05-15,2026-05-15,SS=hns_ss-export-tld.20251226_20260107_translated_20260117.adapted.csv;HSD=hns_bob_tlds.csv,2026-05-15T21:54:27,False
seospy,55,,True,,,,,22catchall,False,active,2026-05-15,2026-05-15,SS=hns_ss-export-tld.20251226_20260107_translated_20260117.adapted.csv;HSD=hns_bob_tlds.csv,2026-05-15T21:54:27,False
seosy,55,,True,5L,,,,22catchall,False,active,2026-05-15,2026-05-15,SS=hns_ss-export-tld.20251226_20260107_translated_20260117.adapted.csv;HSD=hns_bob_tlds.csv,2026-05-15T21:54:27,False
seriouspizza,55,,True,,,,,22catchall,False,active,2026-05-15,2026-05-15,SS=hns_ss-export-tld.20251226_20260107_translated_20260117.adapted.csv;HSD=hns_bob_tlds.csv,2026-05-15T21:54:27,False
showing-off,55,,True,,,,,22catchall,False,active,2026-05-15,2026-05-15,SS=hns_ss-export-tld.20251226_20260107_translated_20260117.adapted.csv;HSD=hns_bob_tlds.csv,2026-05-15T21:54:27,False
smileyapp,55,,True,,,,,22catchall,False,active,2026-05-15,2026-05-15,SS=hns_ss-export-tld.20251226_20260107_translated_20260117.adapted.csv;HSD=hns_bob_tlds.csv,2026-05-15T21:54:27,False
sokolice,55,Croatian falcons,True,,,,,22catchall,False,active,2026-05-15,2026-05-15,SS=hns_ss-export-tld.20251226_20260107_translated_20260117.adapted.csv;HSD=hns_bob_tlds.csv,2026-05-15T21:54:27,False
soundgem,55,,True,,,,,22catchall,False,active,2026-05-15,2026-05-15,SS=hns_ss-export-tld.20251226_20260107_translated_20260117.adapted.csv;HSD=hns_bob_tlds.csv,2026-05-15T21:54:27,False
spacexstock,55,,True,,,,,22catchall,False,active,2026-05-15,2026-05-15,SS=hns_ss-export-tld.20251226_20260107_translated_20260117.adapted.csv;HSD=hns_bob_tlds.csv,2026-05-15T21:54:27,False
spamsite,55,,True,,,,,22catchall,False,active,2026-05-15,2026-05-15,SS=hns_ss-export-tld.20251226_20260107_translated_20260117.adapted.csv;HSD=hns_bob_tlds.csv,2026-05-15T21:54:27,False
stardiets,55,,True,,,,,22catchall,False,active,2026-05-15,2026-05-15,SS=hns_ss-export-tld.20251226_20260107_translated_20260117.adapted.csv;HSD=hns_bob_tlds.csv,2026-05-15T21:54:27,False
startyourblockchain,55,,True,,,,,22catchall,False,active,2026-05-15,2026-05-15,SS=hns_ss-export-tld.20251226_20260107_translated_20260117.adapted.csv;HSD=hns_bob_tlds.csv,2026-05-15T21:54:27,False
stoicslime,55,,True,,,,,22catchall,False,active,2026-05-15,2026-05-15,SS=hns_ss-export-tld.20251226_20260107_translated_20260117.adapted.csv;HSD=hns_bob_tlds.csv,2026-05-15T21:54:27,False
sumjet,55,some jet .. pick your airline [and its cost] !,True,,,,,22catchall,False,active,2026-05-15,2026-05-15,SS=hns_ss-export-tld.20251226_20260107_translated_20260117.adapted.csv;HSD=hns_bob_tlds.csv,2026-05-15T21:54:27,False
sunrub,55,,True,,,,,22catchall,False,active,2026-05-15,2026-05-15,SS=hns_ss-export-tld.20251226_20260107_translated_20260117.adapted.csv;HSD=hns_bob_tlds.csv,2026-05-15T21:54:27,False
surjan,55,,True,,,,,22catchall,False,active,2026-05-15,2026-05-15,SS=hns_ss-export-tld.20251226_20260107_translated_20260117.adapted.csv;HSD=hns_bob_tlds.csv,2026-05-15T21:54:27,False
suryayoga,55,,True,,,,,22catchall,False,active,2026-05-15,2026-05-15,SS=hns_ss-export-tld.20251226_20260107_translated_20260117.adapted.csv;HSD=hns_bob_tlds.csv,2026-05-15T21:54:27,False
tablista,55,"ES 'surfer, windsurfer'",True,,,,,22catchall,False,active,2026-05-15,2026-05-15,SS=hns_ss-export-tld.20251226_20260107_translated_20260117.adapted.csv;HSD=hns_bob_tlds.csv,2026-05-15T21:54:27,False
targetbow,55,,True,,,,,22catchall,False,active,2026-05-15,2026-05-15,SS=hns_ss-export-tld.20251226_20260107_translated_20260117.adapted.csv;HSD=hns_bob_tlds.csv,2026-05-15T21:54:27,False
techxpert,55,,True,,,,,22catchall,False,active,2026-05-15,2026-05-15,SS=hns_ss-export-tld.20251226_20260107_translated_20260117.adapted.csv;HSD=hns_bob_tlds.csv,2026-05-15T21:54:27,False
territoriums,55,plural - The land around or within the boundaries of a town; territory [latin],True,,,,,22catchall,False,active,2026-05-15,2026-05-15,SS=hns_ss-export-tld.20251226_20260107_translated_20260117.adapted.csv;HSD=hns_bob_tlds.csv,2026-05-15T21:54:27,False
theworldisawonderfulplace,55,,True,,,,,22catchall,False,active,2026-05-15,2026-05-15,SS=hns_ss-export-tld.20251226_20260107_translated_20260117.adapted.csv;HSD=hns_bob_tlds.csv,2026-05-15T21:54:27,False
tiedyes,55,,True,,,,,22catchall,False,active,2026-05-15,2026-05-15,SS=hns_ss-export-tld.20251226_20260107_translated_20260117.adapted.csv;HSD=hns_bob_tlds.csv,2026-05-15T21:54:27,False
timelineapp,55,,True,,,,,22catchall,False,active,2026-05-15,2026-05-15,SS=hns_ss-export-tld.20251226_20260107_translated_20260117.adapted.csv;HSD=hns_bob_tlds.csv,2026-05-15T21:54:27,False
todaydate,55,,True,,,,,22catchall,False,active,2026-05-15,2026-05-15,SS=hns_ss-export-tld.20251226_20260107_translated_20260117.adapted.csv;HSD=hns_bob_tlds.csv,2026-05-15T21:54:27,False
trickhorse,55,,True,,,,,22catchall,False,active,2026-05-15,2026-05-15,SS=hns_ss-export-tld.20251226_20260107_translated_20260117.adapted.csv;HSD=hns_bob_tlds.csv,2026-05-15T21:54:27,False
u-rob,55,,True,5C,,,,22catchall,False,active,2026-05-15,2026-05-15,SS=hns_ss-export-tld.20251226_20260107_translated_20260117.adapted.csv;HSD=hns_bob_tlds.csv,2026-05-15T21:54:27,False
usahere,55,,True,,,,,22catchall,False,active,2026-05-15,2026-05-15,SS=hns_ss-export-tld.20251226_20260107_translated_20260117.adapted.csv;HSD=hns_bob_tlds.csv,2026-05-15T21:54:27,False
vapenight,55,,True,,,,,22catchall,False,active,2026-05-15,2026-05-15,SS=hns_ss-export-tld.20251226_20260107_translated_20260117.adapted.csv;HSD=hns_bob_tlds.csv,2026-05-15T21:54:27,False
voicewords,55,,True,,,,,22catchall,False,active,2026-05-15,2026-05-15,SS=hns_ss-export-tld.20251226_20260107_translated_20260117.adapted.csv;HSD=hns_bob_tlds.csv,2026-05-15T21:54:27,False
wikimanual,55,,True,,,,,22catchall,False,active,2026-05-15,2026-05-15,SS=hns_ss-export-tld.20251226_20260107_translated_20260117.adapted.csv;HSD=hns_bob_tlds.csv,2026-05-15T21:54:27,False
wildnite,55,,True,,,,,22catchall,False,active,2026-05-15,2026-05-15,SS=hns_ss-export-tld.20251226_20260107_translated_20260117.adapted.csv;HSD=hns_bob_tlds.csv,2026-05-15T21:54:27,False
wokegeek,55,,True,,,,,22catchall,False,active,2026-05-15,2026-05-15,SS=hns_ss-export-tld.20251226_20260107_translated_20260117.adapted.csv;HSD=hns_bob_tlds.csv,2026-05-15T21:54:27,False
xn--11bug7bu8bwg8ang,55,,True,"PUNY_IDNA,Hindi",स्केटबोर्ड,Devanagari (Hindi),skateboard,22catchall,False,active,2026-05-15,2026-05-15,SS=hns_ss-export-tld.20251226_20260107_translated_20260117.adapted.csv;HSD=hns_bob_tlds.csv,2026-05-15T21:54:27,False
zillionnaire,55,,True,,,,,22catchall,False,active,2026-05-15,2026-05-15,SS=hns_ss-export-tld.20251226_20260107_translated_20260117.adapted.csv;HSD=hns_bob_tlds.csv,2026-05-15T21:54:27,False
aievolves,55,,True,,,,,22catchall,False,active,2026-05-15,2026-05-15,SS=hns_ss-export-tld.20251226_20260107_translated_20260117.adapted.csv;HSD=hns_bob_tlds.csv,2026-05-15T21:54:27,False
darkchi,55,,True,,,,,22catchall,False,active,2026-05-15,2026-05-15,SS=hns_ss-export-tld.20251226_20260107_translated_20260117.adapted.csv;HSD=hns_bob_tlds.csv,2026-05-15T21:54:27,False
digitaldwellers,55,,True,,,,,22catchall,False,active,2026-05-15,2026-05-15,SS=hns_ss-export-tld.20251226_20260107_translated_20260117.adapted.csv;HSD=hns_bob_tlds.csv,2026-05-15T21:54:27,False
farmingfriends,55,,True,,,,,22catchall,False,active,2026-05-15,2026-05-15,SS=hns_ss-export-tld.20251226_20260107_translated_20260117.adapted.csv;HSD=hns_bob_tlds.csv,2026-05-15T21:54:27,False
onlyscam,55,,True,,,,,22catchall,False,active,2026-05-15,2026-05-15,SS=hns_ss-export-tld.20251226_20260107_translated_20260117.adapted.csv;HSD=hns_bob_tlds.csv,2026-05-15T21:54:27,False
astronews,66,,True,,,,,22catchall,False,active,2026-05-15,2026-05-15,SS=hns_ss-export-tld.20251226_20260107_translated_20260117.adapted.csv;HSD=hns_bob_tlds.csv,2026-05-15T21:54:27,False
hourdefi,66,,True,,,,,22catchall,False,active,2026-05-15,2026-05-15,SS=hns_ss-export-tld.20251226_20260107_translated_20260117.adapted.csv;HSD=hns_bob_tlds.csv,2026-05-15T21:54:27,False
privacyapp,66,,True,,,,,22catchall,False,active,2026-05-15,2026-05-15,SS=hns_ss-export-tld.20251226_20260107_translated_20260117.adapted.csv;HSD=hns_bob_tlds.csv,2026-05-15T21:54:27,False
sys-admin,66,,True,,,,,22catchall,False,active,2026-05-15,2026-05-15,SS=hns_ss-export-tld.20251226_20260107_translated_20260117.adapted.csv;HSD=hns_bob_tlds.csv,2026-05-15T21:54:27,False
villagemart,66,,True,,,,,22catchall,False,active,2026-05-15,2026-05-15,SS=hns_ss-export-tld.20251226_20260107_translated_20260117.adapted.csv;HSD=hns_bob_tlds.csv,2026-05-15T21:54:27,False
webfintech,68,,True,,,,,22catchall,False,active,2026-05-15,2026-05-15,SS=hns_ss-export-tld.20251226_20260107_translated_20260117.adapted.csv;HSD=hns_bob_tlds.csv,2026-05-15T21:54:27,False
geigers,69,,True,,,,,22catchall,False,active,2026-05-15,2026-05-15,SS=hns_ss-export-tld.20251226_20260107_translated_20260117.adapted.csv;HSD=hns_bob_tlds.csv,2026-05-15T21:54:27,False
kiitana,69,,True,,,,,22catchall,False,active,2026-05-15,2026-05-15,SS=hns_ss-export-tld.20251226_20260107_translated_20260117.adapted.csv;HSD=hns_bob_tlds.csv,2026-05-15T21:54:27,False
pedrose,69,,True,,,,,22catchall,False,active,2026-05-15,2026-05-15,SS=hns_ss-export-tld.20251226_20260107_translated_20260117.adapted.csv;HSD=hns_bob_tlds.csv,2026-05-15T21:54:27,False
abau,77,,True,4L,,,,22catchall,False,active,2026-05-15,2026-05-15,SS=hns_ss-export-tld.20251226_20260107_translated_20260117.adapted.csv;HSD=hns_bob_tlds.csv,2026-05-15T21:54:27,False
apes3d,77,,True,,,,,22catchall,False,active,2026-05-15,2026-05-15,SS=hns_ss-export-tld.20251226_20260107_translated_20260117.adapted.csv;HSD=hns_bob_tlds.csv,2026-05-15T21:54:27,False
dijeron,77,SP 'they said',True,,,,,22catchall,False,active,2026-05-15,2026-05-15,SS=hns_ss-export-tld.20251226_20260107_translated_20260117.adapted.csv;HSD=hns_bob_tlds.csv,2026-05-15T21:54:27,False
ephemerama,77,,True,,,,,22catchall,False,active,2026-05-15,2026-05-15,SS=hns_ss-export-tld.20251226_20260107_translated_20260117.adapted.csv;HSD=hns_bob_tlds.csv,2026-05-15T21:54:27,False
happyplant,77,,True,,,,,22catchall,False,active,2026-05-15,2026-05-15,SS=hns_ss-export-tld.20251226_20260107_translated_20260117.adapted.csv;HSD=hns_bob_tlds.csv,2026-05-15T21:54:27,False
hungerburg,77,,True,,,,,22catchall,False,active,2026-05-15,2026-05-15,SS=hns_ss-export-tld.20251226_20260107_translated_20260117.adapted.csv;HSD=hns_bob_tlds.csv,2026-05-15T21:54:27,False
mufin,77,phonetic 'muffin',True,5L,,,,22catchall,False,active,2026-05-15,2026-05-15,SS=hns_ss-export-tld.20251226_20260107_translated_20260117.adapted.csv;HSD=hns_bob_tlds.csv,2026-05-15T21:54:27,False
pirateradioship,77,,True,,,,,22catchall,False,active,2026-05-15,2026-05-15,SS=hns_ss-export-tld.20251226_20260107_translated_20260117.adapted.csv;HSD=hns_bob_tlds.csv,2026-05-15T21:54:27,False
romanroad,77,,True,,,,,22catchall,False,active,2026-05-15,2026-05-15,SS=hns_ss-export-tld.20251226_20260107_translated_20260117.adapted.csv;HSD=hns_bob_tlds.csv,2026-05-15T21:54:27,False
salezy,77,,True,,,,,22catchall,False,active,2026-05-15,2026-05-15,SS=hns_ss-export-tld.20251226_20260107_translated_20260117.adapted.csv;HSD=hns_bob_tlds.csv,2026-05-15T21:54:27,False
web3dot0,77,,True,,,,,22catchall,False,active,2026-05-15,2026-05-15,SS=hns_ss-export-tld.20251226_20260107_translated_20260117.adapted.csv;HSD=hns_bob_tlds.csv,2026-05-15T21:54:27,False
chingoje,80,"A park in Iringa, Tanzania; or Spanish 'shit' (by Ggl-Transl8).",True,,,,,22catchall,False,active,2026-05-15,2026-05-15,SS=hns_ss-export-tld.20251226_20260107_translated_20260117.adapted.csv;HSD=hns_bob_tlds.csv,2026-05-15T21:54:27,False
giss888,88,,True,,,,,22catchall,False,active,2026-05-15,2026-05-15,SS=hns_ss-export-tld.20251226_20260107_translated_20260117.adapted.csv;HSD=hns_bob_tlds.csv,2026-05-15T21:54:27,False
it-hub,88,,True,,,,,22catchall,False,active,2026-05-15,2026-05-15,SS=hns_ss-export-tld.20251226_20260107_translated_20260117.adapted.csv;HSD=hns_bob_tlds.csv,2026-05-15T21:54:27,False
musketeerscharacters,88,,True,,,,,22catchall,False,active,2026-05-15,2026-05-15,SS=hns_ss-export-tld.20251226_20260107_translated_20260117.adapted.csv;HSD=hns_bob_tlds.csv,2026-05-15T21:54:27,False
nftvisa,88,,True,,,,,22catchall,False,active,2026-05-15,2026-05-15,SS=hns_ss-export-tld.20251226_20260107_translated_20260117.adapted.csv;HSD=hns_bob_tlds.csv,2026-05-15T21:54:27,False
r8eth,88,,True,5C,,,,22catchall,False,active,2026-05-15,2026-05-15,SS=hns_ss-export-tld.20251226_20260107_translated_20260117.adapted.csv;HSD=hns_bob_tlds.csv,2026-05-15T21:54:27,False
xn--45qa42l6w6e,88,CHZH ‘880’,True,"PUNY_IDNA,CJK",八百八十,Chinese/Japanese/Korean,eight hundred and eighty,22catchall,False,active,2026-05-15,2026-05-15,SS=hns_ss-export-tld.20251226_20260107_translated_20260117.adapted.csv;HSD=hns_bob_tlds.csv,2026-05-15T21:54:27,False
xn--8ov0180g,88,,True,"PUNY_IDNA,CJK",🧧有,Chinese/Japanese/Korean,🧧Yes,22catchall,False,active,2026-05-15,2026-05-15,SS=hns_ss-export-tld.20251226_20260107_translated_20260117.adapted.csv;HSD=hns_bob_tlds.csv,2026-05-15T21:54:27,False
xn--g77ha6ab282g,88,,True,PUNY_IDNA,🇨🇳🤝🇨🇳,"Letters + REGIONAL INDICATOR SYMBOL LETTER C, REGIONAL INDICATOR SYMBOL LETTER N, HANDSHAKE, REGIONAL INDICATOR SYMBOL LETTER C, REGIONAL INDICATOR SYMBOL LETTER N",,22catchall,False,active,2026-05-15,2026-05-15,SS=hns_ss-export-tld.20251226_20260107_translated_20260117.adapted.csv;HSD=hns_bob_tlds.csv,2026-05-15T21:54:27,False
caioxo,90,"Portuguese, caio: ENGLISH, fall ..n'get well soon' or 'kiss it better' :-) n",True,,,,,22catchall,False,active,2026-05-15,2026-05-15,SS=hns_ss-export-tld.20251226_20260107_translated_20260117.adapted.csv;HSD=hns_bob_tlds.csv,2026-05-15T21:54:27,False
000acr,99,x.000's of acres [for sale],True,,,,,22catchall,False,active,2026-05-15,2026-05-15,SS=hns_ss-export-tld.20251226_20260107_translated_20260117.adapted.csv;HSD=hns_bob_tlds.csv,2026-05-15T21:54:27,False
btcsimilar,99,,True,,,,,22catchall,False,active,2026-05-15,2026-05-15,SS=hns_ss-export-tld.20251226_20260107_translated_20260117.adapted.csv;HSD=hns_bob_tlds.csv,2026-05-15T21:54:27,False
coinpush,99,,True,,,,,22catchall,False,active,2026-05-15,2026-05-15,SS=hns_ss-export-tld.20251226_20260107_translated_20260117.adapted.csv;HSD=hns_bob_tlds.csv,2026-05-15T21:54:27,False
dongi,99,Put on a gi [JP martial arts suit].,True,5L,,,,22catchall,False,active,2026-05-15,2026-05-15,SS=hns_ss-export-tld.20251226_20260107_translated_20260117.adapted.csv;HSD=hns_bob_tlds.csv,2026-05-15T21:54:27,False
hamuk,99,phonetic 'hammock',True,5L,,,,22catchall,False,active,2026-05-15,2026-05-15,SS=hns_ss-export-tld.20251226_20260107_translated_20260117.adapted.csv;HSD=hns_bob_tlds.csv,2026-05-15T21:54:27,False
rommany,99,,True,,,,,22catchall,False,active,2026-05-15,2026-05-15,SS=hns_ss-export-tld.20251226_20260107_translated_20260117.adapted.csv;HSD=hns_bob_tlds.csv,2026-05-15T21:54:27,False
skichains,99,,True,,,,,22catchall,False,active,2026-05-15,2026-05-15,SS=hns_ss-export-tld.20251226_20260107_translated_20260117.adapted.csv;HSD=hns_bob_tlds.csv,2026-05-15T21:54:27,False
retyped,100,"Whether it be re-styled, or put in a new format some other way, this would seem a most useful name.",True,,,,,22catchall,False,active,2026-05-15,2026-05-15,SS=hns_ss-export-tld.20251226_20260107_translated_20260117.adapted.csv;HSD=hns_bob_tlds.csv,2026-05-15T21:54:27,False
24680,111,,True,5D,,,,22catchall,False,active,2026-05-15,2026-05-15,SS=hns_ss-export-tld.20251226_20260107_translated_20260117.adapted.csv;HSD=hns_bob_tlds.csv,2026-05-15T21:54:27,False
247w3,111,,True,5C,,,,22catchall,False,active,2026-05-15,2026-05-15,SS=hns_ss-export-tld.20251226_20260107_translated_20260117.adapted.csv;HSD=hns_bob_tlds.csv,2026-05-15T21:54:27,False
aac1,444,,True,4C,,,,22catchall,False,active,2026-05-15,2026-05-15,SS=hns_ss-export-tld.20251226_20260107_translated_20260117.adapted.csv;HSD=hns_bob_tlds.csv,2026-05-15T21:54:27,False
adh4,444,"Of course, anyone ADHD will hav realised the fourth letter is 'D' lol :-) !",True,4C,,,,22catchall,False,active,2026-05-15,2026-05-15,SS=hns_ss-export-tld.20251226_20260107_translated_20260117.adapted.csv;HSD=hns_bob_tlds.csv,2026-05-15T21:54:27,False
adu0,444,a Duo,True,4C,,,,22catchall,False,active,2026-05-15,2026-05-15,SS=hns_ss-export-tld.20251226_20260107_translated_20260117.adapted.csv;HSD=hns_bob_tlds.csv,2026-05-15T21:54:27,False
afo0,444,a Foo was 'ere :-),True,4C,,,,22catchall,False,active,2026-05-15,2026-05-15,SS=hns_ss-export-tld.20251226_20260107_translated_20260117.adapted.csv;HSD=hns_bob_tlds.csv,2026-05-15T21:54:27,False
andudu,111,".. and doodoo .. well, wot a load of ..........!",True,,,,,22catchall,False,active,2026-05-15,2026-05-15,SS=hns_ss-export-tld.20251226_20260107_translated_20260117.adapted.csv;HSD=hns_bob_tlds.csv,2026-05-15T21:54:27,False
apktech,111,,True,,,,,22catchall,False,active,2026-05-15,2026-05-15,SS=hns_ss-export-tld.20251226_20260107_translated_20260117.adapted.csv;HSD=hns_bob_tlds.csv,2026-05-15T21:54:27,False
ask8ball,111,,True,,,,,22catchall,False,active,2026-05-15,2026-05-15,SS=hns_ss-export-tld.20251226_20260107_translated_20260117.adapted.csv;HSD=hns_bob_tlds.csv,2026-05-15T21:54:27,False
bloodbone,111,,True,,,,,22catchall,False,active,2026-05-15,2026-05-15,SS=hns_ss-export-tld.20251226_20260107_translated_20260117.adapted.csv;HSD=hns_bob_tlds.csv,2026-05-15T21:54:27,False
boredaip,111,Mis-spell ‘bored ape’,True,,,,,22catchall,False,active,2026-05-15,2026-05-15,SS=hns_ss-export-tld.20251226_20260107_translated_20260117.adapted.csv;HSD=hns_bob_tlds.csv,2026-05-15T21:54:27,False
btcstockpile,111,,True,,,,,22catchall,False,active,2026-05-15,2026-05-15,SS=hns_ss-export-tld.20251226_20260107_translated_20260117.adapted.csv;HSD=hns_bob_tlds.csv,2026-05-15T21:54:27,False
bytecoinbroker,111,,True,,,,,22catchall,False,active,2026-05-15,2026-05-15,SS=hns_ss-export-tld.20251226_20260107_translated_20260117.adapted.csv;HSD=hns_bob_tlds.csv,2026-05-15T21:54:27,False
carbonita,111,ES 'carbonite',True,,,,,22catchall,False,active,2026-05-15,2026-05-15,SS=hns_ss-export-tld.20251226_20260107_translated_20260117.adapted.csv;HSD=hns_bob_tlds.csv,2026-05-15T21:54:27,False
carwifi,111,,True,,,,,22catchall,False,active,2026-05-15,2026-05-15,SS=hns_ss-export-tld.20251226_20260107_translated_20260117.adapted.csv;HSD=hns_bob_tlds.csv,2026-05-15T21:54:27,False
coolary,111,a Studio on Scratch,True,,,,,22catchall,False,active,2026-05-15,2026-05-15,SS=hns_ss-export-tld.20251226_20260107_translated_20260117.adapted.csv;HSD=hns_bob_tlds.csv,2026-05-15T21:54:27,False
cryptmonk,111,,True,,,,,22catchall,False,active,2026-05-15,2026-05-15,SS=hns_ss-export-tld.20251226_20260107_translated_20260117.adapted.csv;HSD=hns_bob_tlds.csv,2026-05-15T21:54:27,False
dairygoats,111,,True,,,,,22catchall,False,active,2026-05-15,2026-05-15,SS=hns_ss-export-tld.20251226_20260107_translated_20260117.adapted.csv;HSD=hns_bob_tlds.csv,2026-05-15T21:54:27,False
degenzoo,111,,True,,,,,22catchall,False,active,2026-05-15,2026-05-15,SS=hns_ss-export-tld.20251226_20260107_translated_20260117.adapted.csv;HSD=hns_bob_tlds.csv,2026-05-15T21:54:27,False
dianuevo,111,SP 'new day'.,True,,,,,22catchall,False,active,2026-05-15,2026-05-15,SS=hns_ss-export-tld.20251226_20260107_translated_20260117.adapted.csv;HSD=hns_bob_tlds.csv,2026-05-15T21:54:27,False
dicts,11111,dictionaries  dictates,True,5L,,,,22catchall,False,active,2026-05-15,2026-05-15,SS=hns_ss-export-tld.20251226_20260107_translated_20260117.adapted.csv;HSD=hns_bob_tlds.csv,2026-05-15T21:54:27,False
dints,11111,,True,5L,,,,22catchall,False,active,2026-05-15,2026-05-15,SS=hns_ss-export-tld.20251226_20260107_translated_20260117.adapted.csv;HSD=hns_bob_tlds.csv,2026-05-15T21:54:27,False
dipso,111,Slang: Disparaging and Offensive. a habitual drinker of alcohol who is frequently intoxicated; a dipsomaniac,True,5L,,,,22catchall,False,active,2026-05-15,2026-05-15,SS=hns_ss-export-tld.20251226_20260107_translated_20260117.adapted.csv;HSD=hns_bob_tlds.csv,2026-05-15T21:54:27,False
fomomofos,111,,True,,,,,22catchall,False,active,2026-05-15,2026-05-15,SS=hns_ss-export-tld.20251226_20260107_translated_20260117.adapted.csv;HSD=hns_bob_tlds.csv,2026-05-15T21:54:27,False
fruitandveg,111,,False,,,,,22catchall,False,active,2026-05-15,2026-05-15,SS=hns_ss-export-tld.20251226_20260107_translated_20260117.adapted.csv;HSD=hns_bob_tlds.csv,2026-05-15T21:54:27,False
getbtcx,111,,True,,,,,22catchall,False,active,2026-05-15,2026-05-15,SS=hns_ss-export-tld.20251226_20260107_translated_20260117.adapted.csv;HSD=hns_bob_tlds.csv,2026-05-15T21:54:27,False
gostilij,111,Slovenian 'inns',True,,,,,22catchall,False,active,2026-05-15,2026-05-15,SS=hns_ss-export-tld.20251226_20260107_translated_20260117.adapted.csv;HSD=hns_bob_tlds.csv,2026-05-15T21:54:27,False
grandmoon,111,,True,,,,,22catchall,False,active,2026-05-15,2026-05-15,SS=hns_ss-export-tld.20251226_20260107_translated_20260117.adapted.csv;HSD=hns_bob_tlds.csv,2026-05-15T21:54:27,False
illionth,111,,True,,,,,22catchall,False,active,2026-05-15,2026-05-15,SS=hns_ss-export-tld.20251226_20260107_translated_20260117.adapted.csv;HSD=hns_bob_tlds.csv,2026-05-15T21:54:27,False
ladyriders,111,,True,,,,,22catchall,False,active,2026-05-15,2026-05-15,SS=hns_ss-export-tld.20251226_20260107_translated_20260117.adapted.csv;HSD=hns_bob_tlds.csv,2026-05-15T21:54:27,False
laydee,111,Mis-spell ‘lady’,True,,,,,22catchall,False,active,2026-05-15,2026-05-15,SS=hns_ss-export-tld.20251226_20260107_translated_20260117.adapted.csv;HSD=hns_bob_tlds.csv,2026-05-15T21:54:27,False
letterers,1111,,True,,,,,22catchall,False,active,2026-05-15,2026-05-15,SS=hns_ss-export-tld.20251226_20260107_translated_20260117.adapted.csv;HSD=hns_bob_tlds.csv,2026-05-15T21:54:27,False
lustfullove,111,,True,,,,,22catchall,False,active,2026-05-15,2026-05-15,SS=hns_ss-export-tld.20251226_20260107_translated_20260117.adapted.csv;HSD=hns_bob_tlds.csv,2026-05-15T21:54:27,False
monkeydojo,111,,True,,,,,22catchall,False,active,2026-05-15,2026-05-15,SS=hns_ss-export-tld.20251226_20260107_translated_20260117.adapted.csv;HSD=hns_bob_tlds.csv,2026-05-15T21:54:27,False
moremart,111,,True,,,,,22catchall,False,active,2026-05-15,2026-05-15,SS=hns_ss-export-tld.20251226_20260107_translated_20260117.adapted.csv;HSD=hns_bob_tlds.csv,2026-05-15T21:54:27,False
moreshop,111,,True,,,,,22catchall,False,active,2026-05-15,2026-05-15,SS=hns_ss-export-tld.20251226_20260107_translated_20260117.adapted.csv;HSD=hns_bob_tlds.csv,2026-05-15T21:54:27,False
n-u-d-e,111,,True,,,,,22catchall,False,active,2026-05-15,2026-05-15,SS=hns_ss-export-tld.20251226_20260107_translated_20260117.adapted.csv;HSD=hns_bob_tlds.csv,2026-05-15T21:54:27,False
netreq,111,,True,,,,,22catchall,False,active,2026-05-15,2026-05-15,SS=hns_ss-export-tld.20251226_20260107_translated_20260117.adapted.csv;HSD=hns_bob_tlds.csv,2026-05-15T21:54:27,False
nudetoken,111,,True,,,,,22catchall,False,active,2026-05-15,2026-05-15,SS=hns_ss-export-tld.20251226_20260107_translated_20260117.adapted.csv;HSD=hns_bob_tlds.csv,2026-05-15T21:54:27,False
nuevosanjuan,111,"The _centre_ of the Americas lol .. central Central America, Panama",True,,,,,22catchall,False,active,2026-05-15,2026-05-15,SS=hns_ss-export-tld.20251226_20260107_translated_20260117.adapted.csv;HSD=hns_bob_tlds.csv,2026-05-15T21:54:27,False
oldog,555,[see also ‘notold’],True,5L,,,,22catchall,False,active,2026-05-15,2026-05-15,SS=hns_ss-export-tld.20251226_20260107_translated_20260117.adapted.csv;HSD=hns_bob_tlds.csv,2026-05-15T21:54:27,False
oneuni,111,,True,,,,,22catchall,False,active,2026-05-15,2026-05-15,SS=hns_ss-export-tld.20251226_20260107_translated_20260117.adapted.csv;HSD=hns_bob_tlds.csv,2026-05-15T21:54:27,False
openuser,111,,True,,,,,22catchall,False,active,2026-05-15,2026-05-15,SS=hns_ss-export-tld.20251226_20260107_translated_20260117.adapted.csv;HSD=hns_bob_tlds.csv,2026-05-15T21:54:27,False
personise,111,,True,,,,,22catchall,False,active,2026-05-15,2026-05-15,SS=hns_ss-export-tld.20251226_20260107_translated_20260117.adapted.csv;HSD=hns_bob_tlds.csv,2026-05-15T21:54:27,False
punxart,111,,True,,,,,22catchall,False,active,2026-05-15,2026-05-15,SS=hns_ss-export-tld.20251226_20260107_translated_20260117.adapted.csv;HSD=hns_bob_tlds.csv,2026-05-15T21:54:27,False
seisan,111,,True,,,,,22catchall,False,active,2026-05-15,2026-05-15,SS=hns_ss-export-tld.20251226_20260107_translated_20260117.adapted.csv;HSD=hns_bob_tlds.csv,2026-05-15T21:54:27,False
sitesite,111,the.sitesite,True,,,,,22catchall,False,active,2026-05-15,2026-05-15,SS=hns_ss-export-tld.20251226_20260107_translated_20260117.adapted.csv;HSD=hns_bob_tlds.csv,2026-05-15T21:54:27,False
solaje,111,ES solace,True,,,,,22catchall,False,active,2026-05-15,2026-05-15,SS=hns_ss-export-tld.20251226_20260107_translated_20260117.adapted.csv;HSD=hns_bob_tlds.csv,2026-05-15T21:54:27,False
sorde,111,IT deaf,True,5L,,,,22catchall,False,active,2026-05-15,2026-05-15,SS=hns_ss-export-tld.20251226_20260107_translated_20260117.adapted.csv;HSD=hns_bob_tlds.csv,2026-05-15T21:54:27,False
sosici,111,SOS ici FR] - 'Help here!' .. ALSO a place in Croatia,True,,,,,22catchall,False,active,2026-05-15,2026-05-15,SS=hns_ss-export-tld.20251226_20260107_translated_20260117.adapted.csv;HSD=hns_bob_tlds.csv,2026-05-15T21:54:27,False
spued,111,spewed,True,5L,,,,22catchall,False,active,2026-05-15,2026-05-15,SS=hns_ss-export-tld.20251226_20260107_translated_20260117.adapted.csv;HSD=hns_bob_tlds.csv,2026-05-15T21:54:27,False
srebrnica,111,https://en.wikipedia.org/wiki/Srebrenica,True,,,,,22catchall,False,active,2026-05-15,2026-05-15,SS=hns_ss-export-tld.20251226_20260107_translated_20260117.adapted.csv;HSD=hns_bob_tlds.csv,2026-05-15T21:54:27,False
theeightfoldpath,111,,True,,,,,22catchall,False,active,2026-05-15,2026-05-15,SS=hns_ss-export-tld.20251226_20260107_translated_20260117.adapted.csv;HSD=hns_bob_tlds.csv,2026-05-15T21:54:27,False
tkoin,111,tko [total knockout] coin,True,5L,,,,22catchall,False,active,2026-05-15,2026-05-15,SS=hns_ss-export-tld.20251226_20260107_translated_20260117.adapted.csv;HSD=hns_bob_tlds.csv,2026-05-15T21:54:27,False
token-wallet,111,,True,,,,,22catchall,False,active,2026-05-15,2026-05-15,SS=hns_ss-export-tld.20251226_20260107_translated_20260117.adapted.csv;HSD=hns_bob_tlds.csv,2026-05-15T21:54:27,False
torosbravos,111,,True,,,,,22catchall,False,active,2026-05-15,2026-05-15,SS=hns_ss-export-tld.20251226_20260107_translated_20260117.adapted.csv;HSD=hns_bob_tlds.csv,2026-05-15T21:54:27,False
tribalsite,111,,True,,,,,22catchall,False,active,2026-05-15,2026-05-15,SS=hns_ss-export-tld.20251226_20260107_translated_20260117.adapted.csv;HSD=hns_bob_tlds.csv,2026-05-15T21:54:27,False
trigerd,111,,True,,,,,22catchall,False,active,2026-05-15,2026-05-15,SS=hns_ss-export-tld.20251226_20260107_translated_20260117.adapted.csv;HSD=hns_bob_tlds.csv,2026-05-15T21:54:27,False
tro1,444,,True,4C,,,,22catchall,False,active,2026-05-15,2026-05-15,SS=hns_ss-export-tld.20251226_20260107_translated_20260117.adapted.csv;HSD=hns_bob_tlds.csv,2026-05-15T21:54:27,False
unhodl,111,,True,,,,,22catchall,False,active,2026-05-15,2026-05-15,SS=hns_ss-export-tld.20251226_20260107_translated_20260117.adapted.csv;HSD=hns_bob_tlds.csv,2026-05-15T21:54:27,False
usualstory,111,,True,,,,,22catchall,False,active,2026-05-15,2026-05-15,SS=hns_ss-export-tld.20251226_20260107_translated_20260117.adapted.csv;HSD=hns_bob_tlds.csv,2026-05-15T21:54:27,False
webpager,111,,True,,,,,22catchall,False,active,2026-05-15,2026-05-15,SS=hns_ss-export-tld.20251226_20260107_translated_20260117.adapted.csv;HSD=hns_bob_tlds.csv,2026-05-15T21:54:27,False
wholegoods,111,,True,,,,,22catchall,False,active,2026-05-15,2026-05-15,SS=hns_ss-export-tld.20251226_20260107_translated_20260117.adapted.csv;HSD=hns_bob_tlds.csv,2026-05-15T21:54:27,False
wildfermentation,111,,True,,,,,22catchall,False,active,2026-05-15,2026-05-15,SS=hns_ss-export-tld.20251226_20260107_translated_20260117.adapted.csv;HSD=hns_bob_tlds.csv,2026-05-15T21:54:27,False
wildplaces,1111,,True,,,,,22catchall,False,active,2026-05-15,2026-05-15,SS=hns_ss-export-tld.20251226_20260107_translated_20260117.adapted.csv;HSD=hns_bob_tlds.csv,2026-05-15T21:54:27,False
windoors,111,,True,,,,,22catchall,False,active,2026-05-15,2026-05-15,SS=hns_ss-export-tld.20251226_20260107_translated_20260117.adapted.csv;HSD=hns_bob_tlds.csv,2026-05-15T21:54:27,False
windowr,111,,True,,,,,22catchall,False,active,2026-05-15,2026-05-15,SS=hns_ss-export-tld.20251226_20260107_translated_20260117.adapted.csv;HSD=hns_bob_tlds.csv,2026-05-15T21:54:27,False
galacticnode,111,,True,,,,,22catchall,False,active,2026-05-15,2026-05-15,SS=hns_ss-export-tld.20251226_20260107_translated_20260117.adapted.csv;HSD=hns_bob_tlds.csv,2026-05-15T21:54:27,False
hnsbandana,111,,True,,,,,22catchall,False,active,2026-05-15,2026-05-15,SS=hns_ss-export-tld.20251226_20260107_translated_20260117.adapted.csv;HSD=hns_bob_tlds.csv,2026-05-15T21:54:27,False
jpgking,222,,True,,,,,22catchall,False,active,2026-05-15,2026-05-15,SS=hns_ss-export-tld.20251226_20260107_translated_20260117.adapted.csv;HSD=hns_bob_tlds.csv,2026-05-15T21:54:27,False
cryptominersgroup,111,,True,,,,,22catchall,False,active,2026-05-15,2026-05-15,SS=hns_ss-export-tld.20251226_20260107_translated_20260117.adapted.csv;HSD=hns_bob_tlds.csv,2026-05-15T21:54:27,False
seochecker,222,,True,,,,,22catchall,False,active,2026-05-15,2026-05-15,SS=hns_ss-export-tld.20251226_20260107_translated_20260117.adapted.csv;HSD=hns_bob_tlds.csv,2026-05-15T21:54:27,False
cryptostep,222,,True,,,,,22catchall,False,active,2026-05-15,2026-05-15,SS=hns_ss-export-tld.20251226_20260107_translated_20260117.adapted.csv;HSD=hns_bob_tlds.csv,2026-05-15T21:54:27,False
cryptoyet,222,,True,,,,,22catchall,False,active,2026-05-15,2026-05-15,SS=hns_ss-export-tld.20251226_20260107_translated_20260117.adapted.csv;HSD=hns_bob_tlds.csv,2026-05-15T21:54:27,False
cryptostill,222,,True,,,,,22catchall,False,active,2026-05-15,2026-05-15,SS=hns_ss-export-tld.20251226_20260107_translated_20260117.adapted.csv;HSD=hns_bob_tlds.csv,2026-05-15T21:54:27,False
0x00club,222,,True,,,,,22catchall,False,active,2026-05-15,2026-05-15,SS=hns_ss-export-tld.20251226_20260107_translated_20260117.adapted.csv;HSD=hns_bob_tlds.csv,2026-05-15T21:54:27,False
13572468,222,odd+even,True,,,,,22catchall,False,active,2026-05-15,2026-05-15,SS=hns_ss-export-tld.20251226_20260107_translated_20260117.adapted.csv;HSD=hns_bob_tlds.csv,2026-05-15T21:54:27,False
aiguides,222,,True,,,,,22catchall,False,active,2026-05-15,2026-05-15,SS=hns_ss-export-tld.20251226_20260107_translated_20260117.adapted.csv;HSD=hns_bob_tlds.csv,2026-05-15T21:54:27,False
aiquery,222,,True,,,,,22catchall,False,active,2026-05-15,2026-05-15,SS=hns_ss-export-tld.20251226_20260107_translated_20260117.adapted.csv;HSD=hns_bob_tlds.csv,2026-05-15T21:54:27,False
asktheinternet,222,,True,,,,,22catchall,False,active,2026-05-15,2026-05-15,SS=hns_ss-export-tld.20251226_20260107_translated_20260117.adapted.csv;HSD=hns_bob_tlds.csv,2026-05-15T21:54:27,False
bagaco,222,bag a co [grab a company]  PT 'brandy',True,,,,,22catchall,False,active,2026-05-15,2026-05-15,SS=hns_ss-export-tld.20251226_20260107_translated_20260117.adapted.csv;HSD=hns_bob_tlds.csv,2026-05-15T21:54:27,False
beefprice,222,,True,,,,,22catchall,False,active,2026-05-15,2026-05-15,SS=hns_ss-export-tld.20251226_20260107_translated_20260117.adapted.csv;HSD=hns_bob_tlds.csv,2026-05-15T21:54:27,False
campingholiday,2222,,True,,,,,22catchall,False,active,2026-05-15,2026-05-15,SS=hns_ss-export-tld.20251226_20260107_translated_20260117.adapted.csv;HSD=hns_bob_tlds.csv,2026-05-15T21:54:27,False
canadaworkvisa,222,,True,,,,,22catchall,False,active,2026-05-15,2026-05-15,SS=hns_ss-export-tld.20251226_20260107_translated_20260117.adapted.csv;HSD=hns_bob_tlds.csv,2026-05-15T21:54:27,False
daory,222,,True,5L,,,,22catchall,False,active,2026-05-15,2026-05-15,SS=hns_ss-export-tld.20251226_20260107_translated_20260117.adapted.csv;HSD=hns_bob_tlds.csv,2026-05-15T21:54:27,False
dopego,222,ES 'i hit' | PT 'of the caught',True,,,,,22catchall,False,active,2026-05-15,2026-05-15,SS=hns_ss-export-tld.20251226_20260107_translated_20260117.adapted.csv;HSD=hns_bob_tlds.csv,2026-05-15T21:54:27,False
drugdex,222,,True,,,,,22catchall,False,active,2026-05-15,2026-05-15,SS=hns_ss-export-tld.20251226_20260107_translated_20260117.adapted.csv;HSD=hns_bob_tlds.csv,2026-05-15T21:54:27,False
enspartners,222,,True,,,,,22catchall,False,active,2026-05-15,2026-05-15,SS=hns_ss-export-tld.20251226_20260107_translated_20260117.adapted.csv;HSD=hns_bob_tlds.csv,2026-05-15T21:54:27,False
espan,222,[short Español] |Enhanced Switched Port Analyzer (Cisco) | Electronic and Small Press Authors' Network (Romance Writers of America),True,5L,,,,22catchall,False,active,2026-05-15,2026-05-15,SS=hns_ss-export-tld.20251226_20260107_translated_20260117.adapted.csv;HSD=hns_bob_tlds.csv,2026-05-15T21:54:27,False
everyai,222,,True,,,,,22catchall,False,active,2026-05-15,2026-05-15,SS=hns_ss-export-tld.20251226_20260107_translated_20260117.adapted.csv;HSD=hns_bob_tlds.csv,2026-05-15T21:54:27,False
freshraw,222,,True,,,,,22catchall,False,active,2026-05-15,2026-05-15,SS=hns_ss-export-tld.20251226_20260107_translated_20260117.adapted.csv;HSD=hns_bob_tlds.csv,2026-05-15T21:54:27,False
fux4,222,,True,4C,,,,22catchall,False,active,2026-05-15,2026-05-15,SS=hns_ss-export-tld.20251226_20260107_translated_20260117.adapted.csv;HSD=hns_bob_tlds.csv,2026-05-15T21:54:27,False
geekle,222,,True,,,,,22catchall,False,active,2026-05-15,2026-05-15,SS=hns_ss-export-tld.20251226_20260107_translated_20260117.adapted.csv;HSD=hns_bob_tlds.csv,2026-05-15T21:54:27,False
geometra,222,IN 'geometrician' | genus of moths,True,,,,,22catchall,False,active,2026-05-15,2026-05-15,SS=hns_ss-export-tld.20251226_20260107_translated_20260117.adapted.csv;HSD=hns_bob_tlds.csv,2026-05-15T21:54:27,False
how2code,222,,True,,,,,22catchall,False,active,2026-05-15,2026-05-15,SS=hns_ss-export-tld.20251226_20260107_translated_20260117.adapted.csv;HSD=hns_bob_tlds.csv,2026-05-15T21:54:27,False
kelime,222,,True,,,,,22catchall,False,active,2026-05-15,2026-05-15,SS=hns_ss-export-tld.20251226_20260107_translated_20260117.adapted.csv;HSD=hns_bob_tlds.csv,2026-05-15T21:54:27,False
kwyt,222,[quit/e],True,4L,,,,22catchall,False,active,2026-05-15,2026-05-15,SS=hns_ss-export-tld.20251226_20260107_translated_20260117.adapted.csv;HSD=hns_bob_tlds.csv,2026-05-15T21:54:27,False
liikunta,222,"Finnish noun: exercise, movement, physical education",True,,,,,22catchall,False,active,2026-05-15,2026-05-15,SS=hns_ss-export-tld.20251226_20260107_translated_20260117.adapted.csv;HSD=hns_bob_tlds.csv,2026-05-15T21:54:27,False
linuks,222,Mis-spell ‘linux’,True,,,,,22catchall,False,active,2026-05-15,2026-05-15,SS=hns_ss-export-tld.20251226_20260107_translated_20260117.adapted.csv;HSD=hns_bob_tlds.csv,2026-05-15T21:54:27,False
lostbtc,222,,True,,,,,22catchall,False,active,2026-05-15,2026-05-15,SS=hns_ss-export-tld.20251226_20260107_translated_20260117.adapted.csv;HSD=hns_bob_tlds.csv,2026-05-15T21:54:27,False
luffas,222,,True,,,,,22catchall,False,active,2026-05-15,2026-05-15,SS=hns_ss-export-tld.20251226_20260107_translated_20260117.adapted.csv;HSD=hns_bob_tlds.csv,2026-05-15T21:54:27,False
lunarai,222,,True,,,,,22catchall,False,active,2026-05-15,2026-05-15,SS=hns_ss-export-tld.20251226_20260107_translated_20260117.adapted.csv;HSD=hns_bob_tlds.csv,2026-05-15T21:54:27,False
lunarphase,2222,,True,,,,,22catchall,False,active,2026-05-15,2026-05-15,SS=hns_ss-export-tld.20251226_20260107_translated_20260117.adapted.csv;HSD=hns_bob_tlds.csv,2026-05-15T21:54:27,False
marihuanna,222,Mis-spell ‘marijuana’,True,,,,,22catchall,False,active,2026-05-15,2026-05-15,SS=hns_ss-export-tld.20251226_20260107_translated_20260117.adapted.csv;HSD=hns_bob_tlds.csv,2026-05-15T21:54:27,False
melbourneit,222,,True,,,,,22catchall,False,active,2026-05-15,2026-05-15,SS=hns_ss-export-tld.20251226_20260107_translated_20260117.adapted.csv;HSD=hns_bob_tlds.csv,2026-05-15T21:54:27,False
mintila,222,Mintila Hot Chocolate (Tequila Mint),True,,,,,22catchall,False,active,2026-05-15,2026-05-15,SS=hns_ss-export-tld.20251226_20260107_translated_20260117.adapted.csv;HSD=hns_bob_tlds.csv,2026-05-15T21:54:27,False
monki,222,Mis-spell ‘monkey’,True,5L,,,,22catchall,False,active,2026-05-15,2026-05-15,SS=hns_ss-export-tld.20251226_20260107_translated_20260117.adapted.csv;HSD=hns_bob_tlds.csv,2026-05-15T21:54:27,False
nastyuk,222,nasty yuk | nasty UK,True,,,,,22catchall,False,active,2026-05-15,2026-05-15,SS=hns_ss-export-tld.20251226_20260107_translated_20260117.adapted.csv;HSD=hns_bob_tlds.csv,2026-05-15T21:54:27,False
nowhat,222,"Now What!? | No, What?",True,,,,,22catchall,False,active,2026-05-15,2026-05-15,SS=hns_ss-export-tld.20251226_20260107_translated_20260117.adapted.csv;HSD=hns_bob_tlds.csv,2026-05-15T21:54:27,False
photofacts,222,,False,,,,,22catchall,False,active,2026-05-15,2026-05-15,SS=hns_ss-export-tld.20251226_20260107_translated_20260117.adapted.csv;HSD=hns_bob_tlds.csv,2026-05-15T21:54:27,False
planshe,222,plan-she | plans-he,True,,,,,22catchall,False,active,2026-05-15,2026-05-15,SS=hns_ss-export-tld.20251226_20260107_translated_20260117.adapted.csv;HSD=hns_bob_tlds.csv,2026-05-15T21:54:27,False
ryougae,222,,True,,,,,22catchall,False,active,2026-05-15,2026-05-15,SS=hns_ss-export-tld.20251226_20260107_translated_20260117.adapted.csv;HSD=hns_bob_tlds.csv,2026-05-15T21:54:27,False
salespipe,222,,True,,,,,22catchall,False,active,2026-05-15,2026-05-15,SS=hns_ss-export-tld.20251226_20260107_translated_20260117.adapted.csv;HSD=hns_bob_tlds.csv,2026-05-15T21:54:27,False
salesweb,222,,True,,,,,22catchall,False,active,2026-05-15,2026-05-15,SS=hns_ss-export-tld.20251226_20260107_translated_20260117.adapted.csv;HSD=hns_bob_tlds.csv,2026-05-15T21:54:27,False
sayut,222,,True,5L,,,,22catchall,False,active,2026-05-15,2026-05-15,SS=hns_ss-export-tld.20251226_20260107_translated_20260117.adapted.csv;HSD=hns_bob_tlds.csv,2026-05-15T21:54:27,False
schaerme,222,DE 'scare',True,,,,,22catchall,False,active,2026-05-15,2026-05-15,SS=hns_ss-export-tld.20251226_20260107_translated_20260117.adapted.csv;HSD=hns_bob_tlds.csv,2026-05-15T21:54:27,False
seoguy,222,,True,,,,,22catchall,False,active,2026-05-15,2026-05-15,SS=hns_ss-export-tld.20251226_20260107_translated_20260117.adapted.csv;HSD=hns_bob_tlds.csv,2026-05-15T21:54:27,False
solici,222,ES 'I requested',True,,,,,22catchall,False,active,2026-05-15,2026-05-15,SS=hns_ss-export-tld.20251226_20260107_translated_20260117.adapted.csv;HSD=hns_bob_tlds.csv,2026-05-15T21:54:27,False
spellmaster,222,,True,,,,,22catchall,False,active,2026-05-15,2026-05-15,SS=hns_ss-export-tld.20251226_20260107_translated_20260117.adapted.csv;HSD=hns_bob_tlds.csv,2026-05-15T21:54:27,False
sportcritic,222,,True,,,,,22catchall,False,active,2026-05-15,2026-05-15,SS=hns_ss-export-tld.20251226_20260107_translated_20260117.adapted.csv;HSD=hns_bob_tlds.csv,2026-05-15T21:54:27,False
ucorps,222,,True,,,,,22catchall,False,active,2026-05-15,2026-05-15,SS=hns_ss-export-tld.20251226_20260107_translated_20260117.adapted.csv;HSD=hns_bob_tlds.csv,2026-05-15T21:54:27,False
vrdrift,222,,True,,,,,22catchall,False,active,2026-05-15,2026-05-15,SS=hns_ss-export-tld.20251226_20260107_translated_20260117.adapted.csv;HSD=hns_bob_tlds.csv,2026-05-15T21:54:27,False
wildwallaby,222,,True,,,,,22catchall,False,active,2026-05-15,2026-05-15,SS=hns_ss-export-tld.20251226_20260107_translated_20260117.adapted.csv;HSD=hns_bob_tlds.csv,2026-05-15T21:54:27,False
xhack,222,,True,5L,,,,22catchall,False,active,2026-05-15,2026-05-15,SS=hns_ss-export-tld.20251226_20260107_translated_20260117.adapted.csv;HSD=hns_bob_tlds.csv,2026-05-15T21:54:27,False
xn--5gqr5yss2a,222,CHZH ‘ding rice,True,"PUNY_IDNA,CJK",丁大米,Chinese/Japanese/Korean,Ding rice,22catchall,False,active,2026-05-15,2026-05-15,SS=hns_ss-export-tld.20251226_20260107_translated_20260117.adapted.csv;HSD=hns_bob_tlds.csv,2026-05-15T21:54:27,False
xn--e77hibw7p,222,,False,PUNY_IDNA,🖕🇦🇺,"Letters + REVERSED HAND WITH MIDDLE FINGER EXTENDED, REGIONAL INDICATOR SYMBOL LETTER A, REGIONAL INDICATOR SYMBOL LETTER U",,22catchall,False,active,2026-05-15,2026-05-15,SS=hns_ss-export-tld.20251226_20260107_translated_20260117.adapted.csv;HSD=hns_bob_tlds.csv,2026-05-15T21:54:27,False
hnsxai,2222,,True,,,,,22catchall,False,active,2026-05-15,2026-05-15,SS=hns_ss-export-tld.20251226_20260107_translated_20260117.adapted.csv;HSD=hns_bob_tlds.csv,2026-05-15T21:54:27,False
trustate,2222,,True,,,,,22catchall,False,active,2026-05-15,2026-05-15,SS=hns_ss-export-tld.20251226_20260107_translated_20260117.adapted.csv;HSD=hns_bob_tlds.csv,2026-05-15T21:54:27,False
hnssparkly,111,...pprreettttyy..... :D,True,,,,,22catchall,False,active,2026-05-15,2026-05-15,SS=hns_ss-export-tld.20251226_20260107_translated_20260117.adapted.csv;HSD=hns_bob_tlds.csv,2026-05-15T21:54:27,False
divergentcapital,111,,True,,,,,22catchall,False,active,2026-05-15,2026-05-15,SS=hns_ss-export-tld.20251226_20260107_translated_20260117.adapted.csv;HSD=hns_bob_tlds.csv,2026-05-15T21:54:27,False
bullride,333,,True,,,,,22catchall,False,active,2026-05-15,2026-05-15,SS=hns_ss-export-tld.20251226_20260107_translated_20260117.adapted.csv;HSD=hns_bob_tlds.csv,2026-05-15T21:54:27,False
choffee,333,,True,,,,,22catchall,False,active,2026-05-15,2026-05-15,SS=hns_ss-export-tld.20251226_20260107_translated_20260117.adapted.csv;HSD=hns_bob_tlds.csv,2026-05-15T21:54:27,False
codesk,333,,True,,,,,22catchall,False,active,2026-05-15,2026-05-15,SS=hns_ss-export-tld.20251226_20260107_translated_20260117.adapted.csv;HSD=hns_bob_tlds.csv,2026-05-15T21:54:27,False
cryptoblue,333,,True,,,,,22catchall,False,active,2026-05-15,2026-05-15,SS=hns_ss-export-tld.20251226_20260107_translated_20260117.adapted.csv;HSD=hns_bob_tlds.csv,2026-05-15T21:54:27,False
cryptofact,333,,True,,,,,22catchall,False,active,2026-05-15,2026-05-15,SS=hns_ss-export-tld.20251226_20260107_translated_20260117.adapted.csv;HSD=hns_bob_tlds.csv,2026-05-15T21:54:27,False
cryptotaoist,333,,True,,,,,22catchall,False,active,2026-05-15,2026-05-15,SS=hns_ss-export-tld.20251226_20260107_translated_20260117.adapted.csv;HSD=hns_bob_tlds.csv,2026-05-15T21:54:27,False
cryptotype,333,,True,,,,,22catchall,False,active,2026-05-15,2026-05-15,SS=hns_ss-export-tld.20251226_20260107_translated_20260117.adapted.csv;HSD=hns_bob_tlds.csv,2026-05-15T21:54:27,False
emilitary,333,,True,,,,,22catchall,False,active,2026-05-15,2026-05-15,SS=hns_ss-export-tld.20251226_20260107_translated_20260117.adapted.csv;HSD=hns_bob_tlds.csv,2026-05-15T21:54:27,False
fingerspelling,333,"Representation of the letters of a writing system, and sometimes numeral systems, using only the hands.",True,,,,,22catchall,False,active,2026-05-15,2026-05-15,SS=hns_ss-export-tld.20251226_20260107_translated_20260117.adapted.csv;HSD=hns_bob_tlds.csv,2026-05-15T21:54:27,False
froots,333,[fruits],True,,,,,22catchall,False,active,2026-05-15,2026-05-15,SS=hns_ss-export-tld.20251226_20260107_translated_20260117.adapted.csv;HSD=hns_bob_tlds.csv,2026-05-15T21:54:27,False
recorrio,3333,"ES 'toured, verb: travel, walk, tour'",True,,,,,22catchall,False,active,2026-05-15,2026-05-15,SS=hns_ss-export-tld.20251226_20260107_translated_20260117.adapted.csv;HSD=hns_bob_tlds.csv,2026-05-15T21:54:27,False
smallwhale,333,,True,,,,,22catchall,False,active,2026-05-15,2026-05-15,SS=hns_ss-export-tld.20251226_20260107_translated_20260117.adapted.csv;HSD=hns_bob_tlds.csv,2026-05-15T21:54:27,False
tekko,333,,True,5L,,,,22catchall,False,active,2026-05-15,2026-05-15,SS=hns_ss-export-tld.20251226_20260107_translated_20260117.adapted.csv;HSD=hns_bob_tlds.csv,2026-05-15T21:54:27,False
thenbtc,333,,True,,,,,22catchall,False,active,2026-05-15,2026-05-15,SS=hns_ss-export-tld.20251226_20260107_translated_20260117.adapted.csv;HSD=hns_bob_tlds.csv,2026-05-15T21:54:27,False
xn--00w46q,333,CHZH ‘white’,True,"PUNY_IDNA,CJK",浮白,Chinese/Japanese/Korean,white,22catchall,False,active,2026-05-15,2026-05-15,SS=hns_ss-export-tld.20251226_20260107_translated_20260117.adapted.csv;HSD=hns_bob_tlds.csv,2026-05-15T21:54:27,False
paleohns,111,want to list early registered names..?,True,,,,,22catchall,False,active,2026-05-15,2026-05-15,SS=hns_ss-export-tld.20251226_20260107_translated_20260117.adapted.csv;HSD=hns_bob_tlds.csv,2026-05-15T21:54:27,False
xn--ehq95fexb6w6e,360,CHZH ‘360’,True,"PUNY_IDNA,CJK",三百六十,Chinese/Japanese/Korean,three hundred and sixty,22catchall,False,active,2026-05-15,2026-05-15,SS=hns_ss-export-tld.20251226_20260107_translated_20260117.adapted.csv;HSD=hns_bob_tlds.csv,2026-05-15T21:54:27,False
xn--ehq0m06e,365,CHZH ‘3 6 5’,True,"PUNY_IDNA,CJK",三六五,Chinese/Japanese/Korean,three six five,22catchall,False,active,2026-05-15,2026-05-15,SS=hns_ss-export-tld.20251226_20260107_translated_20260117.adapted.csv;HSD=hns_bob_tlds.csv,2026-05-15T21:54:27,False
4zen,444,,True,4C,,,,22catchall,False,active,2026-05-15,2026-05-15,SS=hns_ss-export-tld.20251226_20260107_translated_20260117.adapted.csv;HSD=hns_bob_tlds.csv,2026-05-15T21:54:27,False
bangaroo,444,Just don't ask awkward questions.......!,True,,,,,22catchall,False,active,2026-05-15,2026-05-15,SS=hns_ss-export-tld.20251226_20260107_translated_20260117.adapted.csv;HSD=hns_bob_tlds.csv,2026-05-15T21:54:27,False
bestcoins,444,,True,,,,,22catchall,False,active,2026-05-15,2026-05-15,SS=hns_ss-export-tld.20251226_20260107_translated_20260117.adapted.csv;HSD=hns_bob_tlds.csv,2026-05-15T21:54:27,False
branchise,444,,True,,,,,22catchall,False,active,2026-05-15,2026-05-15,SS=hns_ss-export-tld.20251226_20260107_translated_20260117.adapted.csv;HSD=hns_bob_tlds.csv,2026-05-15T21:54:27,False
btcprincess,444,,True,,,,,22catchall,False,active,2026-05-15,2026-05-15,SS=hns_ss-export-tld.20251226_20260107_translated_20260117.adapted.csv;HSD=hns_bob_tlds.csv,2026-05-15T21:54:27,False
buildmake,444,,True,,,,,22catchall,False,active,2026-05-15,2026-05-15,SS=hns_ss-export-tld.20251226_20260107_translated_20260117.adapted.csv;HSD=hns_bob_tlds.csv,2026-05-15T21:54:27,False
crooksncastles,444,https://crooksncastles.com/pages/about-us,True,,,,,22catchall,False,active,2026-05-15,2026-05-15,SS=hns_ss-export-tld.20251226_20260107_translated_20260117.adapted.csv;HSD=hns_bob_tlds.csv,2026-05-15T21:54:27,False
dogevote,444,,True,,,,,22catchall,False,active,2026-05-15,2026-05-15,SS=hns_ss-export-tld.20251226_20260107_translated_20260117.adapted.csv;HSD=hns_bob_tlds.csv,2026-05-15T21:54:27,False
gehort,444,"DE verb - belong, pertain, appertain, deserve",True,,,,,22catchall,False,active,2026-05-15,2026-05-15,SS=hns_ss-export-tld.20251226_20260107_translated_20260117.adapted.csv;HSD=hns_bob_tlds.csv,2026-05-15T21:54:27,False
glucklich,444,"DE adjective - happy, lucky, fortunate .. adverb - happily, by luck, through luck",True,,,,,22catchall,False,active,2026-05-15,2026-05-15,SS=hns_ss-export-tld.20251226_20260107_translated_20260117.adapted.csv;HSD=hns_bob_tlds.csv,2026-05-15T21:54:27,False
kittenberg,444,A town in Bavaria .. or a _very_ large young cat!,True,,,,,22catchall,False,active,2026-05-15,2026-05-15,SS=hns_ss-export-tld.20251226_20260107_translated_20260117.adapted.csv;HSD=hns_bob_tlds.csv,2026-05-15T21:54:27,False
multitrip,444,,True,,,,,22catchall,False,active,2026-05-15,2026-05-15,SS=hns_ss-export-tld.20251226_20260107_translated_20260117.adapted.csv;HSD=hns_bob_tlds.csv,2026-05-15T21:54:27,False
nfteggsurprise,444,,True,,,,,22catchall,False,active,2026-05-15,2026-05-15,SS=hns_ss-export-tld.20251226_20260107_translated_20260117.adapted.csv;HSD=hns_bob_tlds.csv,2026-05-15T21:54:27,False
photodojo,444,,True,,,,,22catchall,False,active,2026-05-15,2026-05-15,SS=hns_ss-export-tld.20251226_20260107_translated_20260117.adapted.csv;HSD=hns_bob_tlds.csv,2026-05-15T21:54:27,False
smarthing,444,,True,,,,,22catchall,False,active,2026-05-15,2026-05-15,SS=hns_ss-export-tld.20251226_20260107_translated_20260117.adapted.csv;HSD=hns_bob_tlds.csv,2026-05-15T21:54:27,False
space1999,444,,True,,,,,22catchall,False,active,2026-05-15,2026-05-15,SS=hns_ss-export-tld.20251226_20260107_translated_20260117.adapted.csv;HSD=hns_bob_tlds.csv,2026-05-15T21:54:27,False
touristmaps,4444,,False,,,,,22catchall,False,active,2026-05-15,2026-05-15,SS=hns_ss-export-tld.20251226_20260107_translated_20260117.adapted.csv;HSD=hns_bob_tlds.csv,2026-05-15T21:54:27,False
tradebody,444,,True,,,,,22catchall,False,active,2026-05-15,2026-05-15,SS=hns_ss-export-tld.20251226_20260107_translated_20260117.adapted.csv;HSD=hns_bob_tlds.csv,2026-05-15T21:54:27,False
truffledoge,444,,True,,,,,22catchall,False,active,2026-05-15,2026-05-15,SS=hns_ss-export-tld.20251226_20260107_translated_20260117.adapted.csv;HSD=hns_bob_tlds.csv,2026-05-15T21:54:27,False
tsmo,444,,True,4L,,,,22catchall,False,active,2026-05-15,2026-05-15,SS=hns_ss-export-tld.20251226_20260107_translated_20260117.adapted.csv;HSD=hns_bob_tlds.csv,2026-05-15T21:54:27,False
typecasting,444,,True,,,,,22catchall,False,active,2026-05-15,2026-05-15,SS=hns_ss-export-tld.20251226_20260107_translated_20260117.adapted.csv;HSD=hns_bob_tlds.csv,2026-05-15T21:54:27,False
universalearning,444,,True,,,,,22catchall,False,active,2026-05-15,2026-05-15,SS=hns_ss-export-tld.20251226_20260107_translated_20260117.adapted.csv;HSD=hns_bob_tlds.csv,2026-05-15T21:54:27,False
up-skill,444,,True,,,,,22catchall,False,active,2026-05-15,2026-05-15,SS=hns_ss-export-tld.20251226_20260107_translated_20260117.adapted.csv;HSD=hns_bob_tlds.csv,2026-05-15T21:54:27,False
byiv,4444,by intravenous | In Vitro | _many_ [https://acronyms.thefreedictionary.com/IV],True,4L,,,,22catchall,False,active,2026-05-15,2026-05-15,SS=hns_ss-export-tld.20251226_20260107_translated_20260117.adapted.csv;HSD=hns_bob_tlds.csv,2026-05-15T21:54:27,False
cyav,4444,cyber-audiovisual | Community Youth Against Violence,True,4L,,,,22catchall,False,active,2026-05-15,2026-05-15,SS=hns_ss-export-tld.20251226_20260107_translated_20260117.adapted.csv;HSD=hns_bob_tlds.csv,2026-05-15T21:54:27,False
cyez,4444,cyber-easy | sighs,True,4L,,,,22catchall,False,active,2026-05-15,2026-05-15,SS=hns_ss-export-tld.20251226_20260107_translated_20260117.adapted.csv;HSD=hns_bob_tlds.csv,2026-05-15T21:54:27,False
cyok,4444,cyber is good!,True,4L,,,,22catchall,False,active,2026-05-15,2026-05-15,SS=hns_ss-export-tld.20251226_20260107_translated_20260117.adapted.csv;HSD=hns_bob_tlds.csv,2026-05-15T21:54:27,False
cyup,4444,cyber-up,True,4L,,,,22catchall,False,active,2026-05-15,2026-05-15,SS=hns_ss-export-tld.20251226_20260107_translated_20260117.adapted.csv;HSD=hns_bob_tlds.csv,2026-05-15T21:54:27,False
deow,4444,remove pain [de-'ow'] - 'healing',True,4L,,,,22catchall,False,active,2026-05-15,2026-05-15,SS=hns_ss-export-tld.20251226_20260107_translated_20260117.adapted.csv;HSD=hns_bob_tlds.csv,2026-05-15T21:54:27,False
dlem,4444,4char meld[rev],True,4L,,,,22catchall,False,active,2026-05-15,2026-05-15,SS=hns_ss-export-tld.20251226_20260107_translated_20260117.adapted.csv;HSD=hns_bob_tlds.csv,2026-05-15T21:54:27,False
dlim,4444,,True,4L,,,,22catchall,False,active,2026-05-15,2026-05-15,SS=hns_ss-export-tld.20251226_20260107_translated_20260117.adapted.csv;HSD=hns_bob_tlds.csv,2026-05-15T21:54:27,False
ebbk,4444,bigfat ebook [or .. tide goes out a kay lol],True,4L,,,,22catchall,False,active,2026-05-15,2026-05-15,SS=hns_ss-export-tld.20251226_20260107_translated_20260117.adapted.csv;HSD=hns_bob_tlds.csv,2026-05-15T21:54:27,False
fuij,4444,,True,4L,,,,22catchall,False,active,2026-05-15,2026-05-15,SS=hns_ss-export-tld.20251226_20260107_translated_20260117.adapted.csv;HSD=hns_bob_tlds.csv,2026-05-15T21:54:27,False
hsuh,4444,4char hush[rev],True,4L,,,,22catchall,False,active,2026-05-15,2026-05-15,SS=hns_ss-export-tld.20251226_20260107_translated_20260117.adapted.csv;HSD=hns_bob_tlds.csv,2026-05-15T21:54:27,False
hsum,4444,4char mush[rev] -drive the dog-team backwards | Health Sciences University of Mongolia,True,4L,,,,22catchall,False,active,2026-05-15,2026-05-15,SS=hns_ss-export-tld.20251226_20260107_translated_20260117.adapted.csv;HSD=hns_bob_tlds.csv,2026-05-15T21:54:27,False
icav,4444,,True,4L,,,,22catchall,False,active,2026-05-15,2026-05-15,SS=hns_ss-export-tld.20251226_20260107_translated_20260117.adapted.csv;HSD=hns_bob_tlds.csv,2026-05-15T21:54:27,False
idrt,4444,,True,4L,,,,22catchall,False,active,2026-05-15,2026-05-15,SS=hns_ss-export-tld.20251226_20260107_translated_20260117.adapted.csv;HSD=hns_bob_tlds.csv,2026-05-15T21:54:27,False
ijtv,4444,ijit tv [idiot tevevision],True,4L,,,,22catchall,False,active,2026-05-15,2026-05-15,SS=hns_ss-export-tld.20251226_20260107_translated_20260117.adapted.csv;HSD=hns_bob_tlds.csv,2026-05-15T21:54:27,False
jond,4444,,True,4L,,,,22catchall,False,active,2026-05-15,2026-05-15,SS=hns_ss-export-tld.20251226_20260107_translated_20260117.adapted.csv;HSD=hns_bob_tlds.csv,2026-05-15T21:54:27,False
kihk,4444,kick,True,4L,,,,22catchall,False,active,2026-05-15,2026-05-15,SS=hns_ss-export-tld.20251226_20260107_translated_20260117.adapted.csv;HSD=hns_bob_tlds.csv,2026-05-15T21:54:27,False
kkno,4444,,True,4L,,,,22catchall,False,active,2026-05-15,2026-05-15,SS=hns_ss-export-tld.20251226_20260107_translated_20260117.adapted.csv;HSD=hns_bob_tlds.csv,2026-05-15T21:54:27,False
klib,4444,,True,4L,,,,22catchall,False,active,2026-05-15,2026-05-15,SS=hns_ss-export-tld.20251226_20260107_translated_20260117.adapted.csv;HSD=hns_bob_tlds.csv,2026-05-15T21:54:27,False
krif,4444,,True,4L,,,,22catchall,False,active,2026-05-15,2026-05-15,SS=hns_ss-export-tld.20251226_20260107_translated_20260117.adapted.csv;HSD=hns_bob_tlds.csv,2026-05-15T21:54:27,False
kvhz,4444,4char electrical notation [KiloVolt Hertz],True,4L,,,,22catchall,False,active,2026-05-15,2026-05-15,SS=hns_ss-export-tld.20251226_20260107_translated_20260117.adapted.csv;HSD=hns_bob_tlds.csv,2026-05-15T21:54:27,False
mbkf,4444,,True,4L,,,,22catchall,False,active,2026-05-15,2026-05-15,SS=hns_ss-export-tld.20251226_20260107_translated_20260117.adapted.csv;HSD=hns_bob_tlds.csv,2026-05-15T21:54:27,False
mdud,4444,,True,4L,,,,22catchall,False,active,2026-05-15,2026-05-15,SS=hns_ss-export-tld.20251226_20260107_translated_20260117.adapted.csv;HSD=hns_bob_tlds.csv,2026-05-15T21:54:27,False
mdue,4444,,True,4L,,,,22catchall,False,active,2026-05-15,2026-05-15,SS=hns_ss-export-tld.20251226_20260107_translated_20260117.adapted.csv;HSD=hns_bob_tlds.csv,2026-05-15T21:54:27,False
mfir,4444,,True,4L,,,,22catchall,False,active,2026-05-15,2026-05-15,SS=hns_ss-export-tld.20251226_20260107_translated_20260117.adapted.csv;HSD=hns_bob_tlds.csv,2026-05-15T21:54:27,False
mgwu,4444,,True,4L,,,,22catchall,False,active,2026-05-15,2026-05-15,SS=hns_ss-export-tld.20251226_20260107_translated_20260117.adapted.csv;HSD=hns_bob_tlds.csv,2026-05-15T21:54:27,False
mjob,4444,,True,4L,,,,22catchall,False,active,2026-05-15,2026-05-15,SS=hns_ss-export-tld.20251226_20260107_translated_20260117.adapted.csv;HSD=hns_bob_tlds.csv,2026-05-15T21:54:27,False
mjoe,4444,,True,4L,,,,22catchall,False,active,2026-05-15,2026-05-15,SS=hns_ss-export-tld.20251226_20260107_translated_20260117.adapted.csv;HSD=hns_bob_tlds.csv,2026-05-15T21:54:27,False
mjox,4444,,True,4L,,,,22catchall,False,active,2026-05-15,2026-05-15,SS=hns_ss-export-tld.20251226_20260107_translated_20260117.adapted.csv;HSD=hns_bob_tlds.csv,2026-05-15T21:54:27,False
mmft,4444,,True,4L,,,,22catchall,False,active,2026-05-15,2026-05-15,SS=hns_ss-export-tld.20251226_20260107_translated_20260117.adapted.csv;HSD=hns_bob_tlds.csv,2026-05-15T21:54:27,False
mmkm,4444,,True,4L,,,,22catchall,False,active,2026-05-15,2026-05-15,SS=hns_ss-export-tld.20251226_20260107_translated_20260117.adapted.csv;HSD=hns_bob_tlds.csv,2026-05-15T21:54:27,False
mnab,4444,,True,4L,,,,22catchall,False,active,2026-05-15,2026-05-15,SS=hns_ss-export-tld.20251226_20260107_translated_20260117.adapted.csv;HSD=hns_bob_tlds.csv,2026-05-15T21:54:27,False
mnap,4444,,True,4L,,,,22catchall,False,active,2026-05-15,2026-05-15,SS=hns_ss-export-tld.20251226_20260107_translated_20260117.adapted.csv;HSD=hns_bob_tlds.csv,2026-05-15T21:54:27,False
moaj,4444,,True,4L,,,,22catchall,False,active,2026-05-15,2026-05-15,SS=hns_ss-export-tld.20251226_20260107_translated_20260117.adapted.csv;HSD=hns_bob_tlds.csv,2026-05-15T21:54:27,False
mrnu,4444,,True,4L,,,,22catchall,False,active,2026-05-15,2026-05-15,SS=hns_ss-export-tld.20251226_20260107_translated_20260117.adapted.csv;HSD=hns_bob_tlds.csv,2026-05-15T21:54:27,False
mwho,4444,,True,4L,,,,22catchall,False,active,2026-05-15,2026-05-15,SS=hns_ss-export-tld.20251226_20260107_translated_20260117.adapted.csv;HSD=hns_bob_tlds.csv,2026-05-15T21:54:27,False
mxes,4444,,True,4L,,,,22catchall,False,active,2026-05-15,2026-05-15,SS=hns_ss-export-tld.20251226_20260107_translated_20260117.adapted.csv;HSD=hns_bob_tlds.csv,2026-05-15T21:54:27,False
mxfb,4444,,True,4L,,,,22catchall,False,active,2026-05-15,2026-05-15,SS=hns_ss-export-tld.20251226_20260107_translated_20260117.adapted.csv;HSD=hns_bob_tlds.csv,2026-05-15T21:54:27,False
nvem,4444,envy 'em,True,4L,,,,22catchall,False,active,2026-05-15,2026-05-15,SS=hns_ss-export-tld.20251226_20260107_translated_20260117.adapted.csv;HSD=hns_bob_tlds.csv,2026-05-15T21:54:27,False
nvyr,4444,,True,4L,,,,22catchall,False,active,2026-05-15,2026-05-15,SS=hns_ss-export-tld.20251226_20260107_translated_20260117.adapted.csv;HSD=hns_bob_tlds.csv,2026-05-15T21:54:27,False
nzhs,4444,,True,4L,,,,22catchall,False,active,2026-05-15,2026-05-15,SS=hns_ss-export-tld.20251226_20260107_translated_20260117.adapted.csv;HSD=hns_bob_tlds.csv,2026-05-15T21:54:27,False
onoo,4444,oooohh nooo...!n Get ttps://www.namebase.io/domains/00no too!,True,4L,,,,22catchall,False,active,2026-05-15,2026-05-15,SS=hns_ss-export-tld.20251226_20260107_translated_20260117.adapted.csv;HSD=hns_bob_tlds.csv,2026-05-15T21:54:27,False
orgm,4444,orgasm,True,4L,,,,22catchall,False,active,2026-05-15,2026-05-15,SS=hns_ss-export-tld.20251226_20260107_translated_20260117.adapted.csv;HSD=hns_bob_tlds.csv,2026-05-15T21:54:27,False
orgq,4444,orgy queue,True,4L,,,,22catchall,False,active,2026-05-15,2026-05-15,SS=hns_ss-export-tld.20251226_20260107_translated_20260117.adapted.csv;HSD=hns_bob_tlds.csv,2026-05-15T21:54:27,False
oyic,4444,,True,4L,,,,22catchall,False,active,2026-05-15,2026-05-15,SS=hns_ss-export-tld.20251226_20260107_translated_20260117.adapted.csv;HSD=hns_bob_tlds.csv,2026-05-15T21:54:27,False
pept,4444,"excited, 'pepped' | Philippine Educational Placement Test",True,4L,,,,22catchall,False,active,2026-05-15,2026-05-15,SS=hns_ss-export-tld.20251226_20260107_translated_20260117.adapted.csv;HSD=hns_bob_tlds.csv,2026-05-15T21:54:27,False
pesk,4444,,True,4L,,,,22catchall,False,active,2026-05-15,2026-05-15,SS=hns_ss-export-tld.20251226_20260107_translated_20260117.adapted.csv;HSD=hns_bob_tlds.csv,2026-05-15T21:54:27,False
peuu,4444,,True,4L,,,,22catchall,False,active,2026-05-15,2026-05-15,SS=hns_ss-export-tld.20251226_20260107_translated_20260117.adapted.csv;HSD=hns_bob_tlds.csv,2026-05-15T21:54:27,False
pivt,4444,,True,4L,,,,22catchall,False,active,2026-05-15,2026-05-15,SS=hns_ss-export-tld.20251226_20260107_translated_20260117.adapted.csv;HSD=hns_bob_tlds.csv,2026-05-15T21:54:27,False
pyot,4444,pik-ur-own-talentteamtimetrash | Put Yourself Out There | Print Your Own Tee | magpie | piebald horse,True,4L,,,,22catchall,False,active,2026-05-15,2026-05-15,SS=hns_ss-export-tld.20251226_20260107_translated_20260117.adapted.csv;HSD=hns_bob_tlds.csv,2026-05-15T21:54:27,False
qsks,4444,q asks .. asks questions,True,4L,,,,22catchall,False,active,2026-05-15,2026-05-15,SS=hns_ss-export-tld.20251226_20260107_translated_20260117.adapted.csv;HSD=hns_bob_tlds.csv,2026-05-15T21:54:27,False
qsld,4444,qld sld,True,4L,,,,22catchall,False,active,2026-05-15,2026-05-15,SS=hns_ss-export-tld.20251226_20260107_translated_20260117.adapted.csv;HSD=hns_bob_tlds.csv,2026-05-15T21:54:27,False
rrbt,4444,,True,4L,,,,22catchall,False,active,2026-05-15,2026-05-15,SS=hns_ss-export-tld.20251226_20260107_translated_20260117.adapted.csv;HSD=hns_bob_tlds.csv,2026-05-15T21:54:27,False
ryoc,4444,RuleRun Your Own Country | Roll Your Own CandyCigarettes,True,4L,,,,22catchall,False,active,2026-05-15,2026-05-15,SS=hns_ss-export-tld.20251226_20260107_translated_20260117.adapted.csv;HSD=hns_bob_tlds.csv,2026-05-15T21:54:27,False
sayy,4444,,True,4L,,,,22catchall,False,active,2026-05-15,2026-05-15,SS=hns_ss-export-tld.20251226_20260107_translated_20260117.adapted.csv;HSD=hns_bob_tlds.csv,2026-05-15T21:54:27,False
shev,4444,,True,4L,,,,22catchall,False,active,2026-05-15,2026-05-15,SS=hns_ss-export-tld.20251226_20260107_translated_20260117.adapted.csv;HSD=hns_bob_tlds.csv,2026-05-15T21:54:27,False
shif,4444,,True,4L,,,,22catchall,False,active,2026-05-15,2026-05-15,SS=hns_ss-export-tld.20251226_20260107_translated_20260117.adapted.csv;HSD=hns_bob_tlds.csv,2026-05-15T21:54:27,False
snrz,4444,,True,4L,,,,22catchall,False,active,2026-05-15,2026-05-15,SS=hns_ss-export-tld.20251226_20260107_translated_20260117.adapted.csv;HSD=hns_bob_tlds.csv,2026-05-15T21:54:27,False
snse,4444,,True,4L,,,,22catchall,False,active,2026-05-15,2026-05-15,SS=hns_ss-export-tld.20251226_20260107_translated_20260117.adapted.csv;HSD=hns_bob_tlds.csv,2026-05-15T21:54:27,False
tdld,4444,,True,4L,,,,22catchall,False,active,2026-05-15,2026-05-15,SS=hns_ss-export-tld.20251226_20260107_translated_20260117.adapted.csv;HSD=hns_bob_tlds.csv,2026-05-15T21:54:27,False
tlid,4444,4char 'Top-Level ID',True,4L,,,,22catchall,False,active,2026-05-15,2026-05-15,SS=hns_ss-export-tld.20251226_20260107_translated_20260117.adapted.csv;HSD=hns_bob_tlds.csv,2026-05-15T21:54:27,False
trrz,4444,,True,4L,,,,22catchall,False,active,2026-05-15,2026-05-15,SS=hns_ss-export-tld.20251226_20260107_translated_20260117.adapted.csv;HSD=hns_bob_tlds.csv,2026-05-15T21:54:27,False
tsmr,4444,,True,4L,,,,22catchall,False,active,2026-05-15,2026-05-15,SS=hns_ss-export-tld.20251226_20260107_translated_20260117.adapted.csv;HSD=hns_bob_tlds.csv,2026-05-15T21:54:27,False
tsmy,4444,,True,4L,,,,22catchall,False,active,2026-05-15,2026-05-15,SS=hns_ss-export-tld.20251226_20260107_translated_20260117.adapted.csv;HSD=hns_bob_tlds.csv,2026-05-15T21:54:27,False
tvea,4444,,True,4L,,,,22catchall,False,active,2026-05-15,2026-05-15,SS=hns_ss-export-tld.20251226_20260107_translated_20260117.adapted.csv;HSD=hns_bob_tlds.csv,2026-05-15T21:54:27,False
tvem,4444,,True,4L,,,,22catchall,False,active,2026-05-15,2026-05-15,SS=hns_ss-export-tld.20251226_20260107_translated_20260117.adapted.csv;HSD=hns_bob_tlds.csv,2026-05-15T21:54:27,False
tvew,4444,,True,4L,,,,22catchall,False,active,2026-05-15,2026-05-15,SS=hns_ss-export-tld.20251226_20260107_translated_20260117.adapted.csv;HSD=hns_bob_tlds.csv,2026-05-15T21:54:27,False
tyob,4444,,True,4L,,,,22catchall,False,active,2026-05-15,2026-05-15,SS=hns_ss-export-tld.20251226_20260107_translated_20260117.adapted.csv;HSD=hns_bob_tlds.csv,2026-05-15T21:54:27,False
ubjw,4444,You BE JW,True,4L,,,,22catchall,False,active,2026-05-15,2026-05-15,SS=hns_ss-export-tld.20251226_20260107_translated_20260117.adapted.csv;HSD=hns_bob_tlds.csv,2026-05-15T21:54:27,False
uddl,4444,p.uddl/ | m.uddl/ | bef.uddle/ | c.uddl/ | h.uddl/,True,4L,,,,22catchall,False,active,2026-05-15,2026-05-15,SS=hns_ss-export-tld.20251226_20260107_translated_20260117.adapted.csv;HSD=hns_bob_tlds.csv,2026-05-15T21:54:27,False
wayy,4444,,True,4L,,,,22catchall,False,active,2026-05-15,2026-05-15,SS=hns_ss-export-tld.20251226_20260107_translated_20260117.adapted.csv;HSD=hns_bob_tlds.csv,2026-05-15T21:54:27,False
weof,4444,,True,4L,,,,22catchall,False,active,2026-05-15,2026-05-15,SS=hns_ss-export-tld.20251226_20260107_translated_20260117.adapted.csv;HSD=hns_bob_tlds.csv,2026-05-15T21:54:27,False
wija,4444,ouija [board],True,4L,,,,22catchall,False,active,2026-05-15,2026-05-15,SS=hns_ss-export-tld.20251226_20260107_translated_20260117.adapted.csv;HSD=hns_bob_tlds.csv,2026-05-15T21:54:27,False
xdag,4444,,True,4L,,,,22catchall,False,active,2026-05-15,2026-05-15,SS=hns_ss-export-tld.20251226_20260107_translated_20260117.adapted.csv;HSD=hns_bob_tlds.csv,2026-05-15T21:54:27,False
xehn,4444,,True,4L,,,,22catchall,False,active,2026-05-15,2026-05-15,SS=hns_ss-export-tld.20251226_20260107_translated_20260117.adapted.csv;HSD=hns_bob_tlds.csv,2026-05-15T21:54:27,False
xleg,4444,4char 'cross-leg',True,4L,,,,22catchall,False,active,2026-05-15,2026-05-15,SS=hns_ss-export-tld.20251226_20260107_translated_20260117.adapted.csv;HSD=hns_bob_tlds.csv,2026-05-15T21:54:27,False
dyeing,444,Color/colour your life!! :-),True,,,,,22catchall,False,active,2026-05-15,2026-05-15,SS=hns_ss-export-tld.20251226_20260107_translated_20260117.adapted.csv;HSD=hns_bob_tlds.csv,2026-05-15T21:54:27,False
sunrisehns,222,For all things new in Handshake.......,True,,,,,22catchall,False,active,2026-05-15,2026-05-15,SS=hns_ss-export-tld.20251226_20260107_translated_20260117.adapted.csv;HSD=hns_bob_tlds.csv,2026-05-15T21:54:27,False
aussiemuscle,555,,True,,,,,22catchall,False,active,2026-05-15,2026-05-15,SS=hns_ss-export-tld.20251226_20260107_translated_20260117.adapted.csv;HSD=hns_bob_tlds.csv,2026-05-15T21:54:27,False
australianmuscle,555,,True,,,,,22catchall,False,active,2026-05-15,2026-05-15,SS=hns_ss-export-tld.20251226_20260107_translated_20260117.adapted.csv;HSD=hns_bob_tlds.csv,2026-05-15T21:54:27,False
bighandshake,555,,True,,,,,22catchall,False,active,2026-05-15,2026-05-15,SS=hns_ss-export-tld.20251226_20260107_translated_20260117.adapted.csv;HSD=hns_bob_tlds.csv,2026-05-15T21:54:27,False
bosseye,555,In jamaica this word means looking or waiting for a bus; in trinidad it means looking or wanting to get punched [urbandictionary].,True,,,,,22catchall,False,active,2026-05-15,2026-05-15,SS=hns_ss-export-tld.20251226_20260107_translated_20260117.adapted.csv;HSD=hns_bob_tlds.csv,2026-05-15T21:54:27,False
cantori,555,IT 'singers',True,,,,,22catchall,False,active,2026-05-15,2026-05-15,SS=hns_ss-export-tld.20251226_20260107_translated_20260117.adapted.csv;HSD=hns_bob_tlds.csv,2026-05-15T21:54:27,False
catspaws,555,,True,,,,,22catchall,False,active,2026-05-15,2026-05-15,SS=hns_ss-export-tld.20251226_20260107_translated_20260117.adapted.csv;HSD=hns_bob_tlds.csv,2026-05-15T21:54:27,False
coinbeg,555,,True,,,,,22catchall,False,active,2026-05-15,2026-05-15,SS=hns_ss-export-tld.20251226_20260107_translated_20260117.adapted.csv;HSD=hns_bob_tlds.csv,2026-05-15T21:54:27,False
countme,555,,True,,,,,22catchall,False,active,2026-05-15,2026-05-15,SS=hns_ss-export-tld.20251226_20260107_translated_20260117.adapted.csv;HSD=hns_bob_tlds.csv,2026-05-15T21:54:27,False
dunyasi,555,"Azerbaijani, Javanese, Kyrgyz, Malay, Sundanese, Swahili, Tajik, Turkish, Turkmen, Uzbek .. 'world [is]'",True,,,,,22catchall,False,active,2026-05-15,2026-05-15,SS=hns_ss-export-tld.20251226_20260107_translated_20260117.adapted.csv;HSD=hns_bob_tlds.csv,2026-05-15T21:54:27,False
gamifies,555,,True,,,,,22catchall,False,active,2026-05-15,2026-05-15,SS=hns_ss-export-tld.20251226_20260107_translated_20260117.adapted.csv;HSD=hns_bob_tlds.csv,2026-05-15T21:54:27,False
godupdates,555,,True,,,,,22catchall,False,active,2026-05-15,2026-05-15,SS=hns_ss-export-tld.20251226_20260107_translated_20260117.adapted.csv;HSD=hns_bob_tlds.csv,2026-05-15T21:54:27,False
handshakeoasis,555,,True,,,,,22catchall,False,active,2026-05-15,2026-05-15,SS=hns_ss-export-tld.20251226_20260107_translated_20260117.adapted.csv;HSD=hns_bob_tlds.csv,2026-05-15T21:54:27,False
hergear,555,,True,,,,,22catchall,False,active,2026-05-15,2026-05-15,SS=hns_ss-export-tld.20251226_20260107_translated_20260117.adapted.csv;HSD=hns_bob_tlds.csv,2026-05-15T21:54:27,False
highfivehandshake,555,,True,,,,,22catchall,False,active,2026-05-15,2026-05-15,SS=hns_ss-export-tld.20251226_20260107_translated_20260117.adapted.csv;HSD=hns_bob_tlds.csv,2026-05-15T21:54:27,False
indiair,555,,True,,,,,22catchall,False,active,2026-05-15,2026-05-15,SS=hns_ss-export-tld.20251226_20260107_translated_20260117.adapted.csv;HSD=hns_bob_tlds.csv,2026-05-15T21:54:27,False
kanggaru,555,Malay 'kangaroo',True,,,,,22catchall,False,active,2026-05-15,2026-05-15,SS=hns_ss-export-tld.20251226_20260107_translated_20260117.adapted.csv;HSD=hns_bob_tlds.csv,2026-05-15T21:54:27,False
kittenbach,555,"Town in Styria, Austria .. or a very musical young cat!",True,,,,,22catchall,False,active,2026-05-15,2026-05-15,SS=hns_ss-export-tld.20251226_20260107_translated_20260117.adapted.csv;HSD=hns_bob_tlds.csv,2026-05-15T21:54:27,False
maskdoge,555,,True,,,,,22catchall,False,active,2026-05-15,2026-05-15,SS=hns_ss-export-tld.20251226_20260107_translated_20260117.adapted.csv;HSD=hns_bob_tlds.csv,2026-05-15T21:54:27,False
nowhandshake,555,,True,,,,,22catchall,False,active,2026-05-15,2026-05-15,SS=hns_ss-export-tld.20251226_20260107_translated_20260117.adapted.csv;HSD=hns_bob_tlds.csv,2026-05-15T21:54:27,False
ny-us,555,,True,5C,,,,22catchall,False,active,2026-05-15,2026-05-15,SS=hns_ss-export-tld.20251226_20260107_translated_20260117.adapted.csv;HSD=hns_bob_tlds.csv,2026-05-15T21:54:27,False
rememe,555,,True,,,,,22catchall,False,active,2026-05-15,2026-05-15,SS=hns_ss-export-tld.20251226_20260107_translated_20260117.adapted.csv;HSD=hns_bob_tlds.csv,2026-05-15T21:54:27,False
shopdaily,555,,True,,,,,22catchall,False,active,2026-05-15,2026-05-15,SS=hns_ss-export-tld.20251226_20260107_translated_20260117.adapted.csv;HSD=hns_bob_tlds.csv,2026-05-15T21:54:27,False
slowtravel,555,,True,,,,,22catchall,False,active,2026-05-15,2026-05-15,SS=hns_ss-export-tld.20251226_20260107_translated_20260117.adapted.csv;HSD=hns_bob_tlds.csv,2026-05-15T21:54:27,False
sname,555,,True,5L,,,,22catchall,False,active,2026-05-15,2026-05-15,SS=hns_ss-export-tld.20251226_20260107_translated_20260117.adapted.csv;HSD=hns_bob_tlds.csv,2026-05-15T21:54:27,False
solhus,555,NordicScandanavian 'solar house',True,,,,,22catchall,False,active,2026-05-15,2026-05-15,SS=hns_ss-export-tld.20251226_20260107_translated_20260117.adapted.csv;HSD=hns_bob_tlds.csv,2026-05-15T21:54:27,False
wildcaughtfish,555,,True,,,,,22catchall,False,active,2026-05-15,2026-05-15,SS=hns_ss-export-tld.20251226_20260107_translated_20260117.adapted.csv;HSD=hns_bob_tlds.csv,2026-05-15T21:54:27,False
xbbq,555,,True,4L,,,,22catchall,False,active,2026-05-15,2026-05-15,SS=hns_ss-export-tld.20251226_20260107_translated_20260117.adapted.csv;HSD=hns_bob_tlds.csv,2026-05-15T21:54:27,False
handshaketothemoon,555,,True,,,,,22catchall,False,active,2026-05-15,2026-05-15,SS=hns_ss-export-tld.20251226_20260107_translated_20260117.adapted.csv;HSD=hns_bob_tlds.csv,2026-05-15T21:54:27,False
6gun,666,,True,4C,,,,22catchall,False,active,2026-05-15,2026-05-15,SS=hns_ss-export-tld.20251226_20260107_translated_20260117.adapted.csv;HSD=hns_bob_tlds.csv,2026-05-15T21:54:27,False
btc_archive,666,,True,,,,,22catchall,False,active,2026-05-15,2026-05-15,SS=hns_ss-export-tld.20251226_20260107_translated_20260117.adapted.csv;HSD=hns_bob_tlds.csv,2026-05-15T21:54:27,False
darkbet,666,,True,,,,,22catchall,False,active,2026-05-15,2026-05-15,SS=hns_ss-export-tld.20251226_20260107_translated_20260117.adapted.csv;HSD=hns_bob_tlds.csv,2026-05-15T21:54:27,False
cryptopersia,777,,True,,,,,22catchall,False,active,2026-05-15,2026-05-15,SS=hns_ss-export-tld.20251226_20260107_translated_20260117.adapted.csv;HSD=hns_bob_tlds.csv,2026-05-15T21:54:27,False
hodlbag,777,,True,,,,,22catchall,False,active,2026-05-15,2026-05-15,SS=hns_ss-export-tld.20251226_20260107_translated_20260117.adapted.csv;HSD=hns_bob_tlds.csv,2026-05-15T21:54:27,False
lifeview,7777,,True,,,,,22catchall,False,active,2026-05-15,2026-05-15,SS=hns_ss-export-tld.20251226_20260107_translated_20260117.adapted.csv;HSD=hns_bob_tlds.csv,2026-05-15T21:54:27,False
s-e-l-l,777,,True,,,,,22catchall,False,active,2026-05-15,2026-05-15,SS=hns_ss-export-tld.20251226_20260107_translated_20260117.adapted.csv;HSD=hns_bob_tlds.csv,2026-05-15T21:54:27,False
tacoify,777,,True,,,,,22catchall,False,active,2026-05-15,2026-05-15,SS=hns_ss-export-tld.20251226_20260107_translated_20260117.adapted.csv;HSD=hns_bob_tlds.csv,2026-05-15T21:54:27,False
tacoverse,777,,True,,,,,22catchall,False,active,2026-05-15,2026-05-15,SS=hns_ss-export-tld.20251226_20260107_translated_20260117.adapted.csv;HSD=hns_bob_tlds.csv,2026-05-15T21:54:27,False
ate88,888,,True,5C,,,,22catchall,False,active,2026-05-15,2026-05-15,SS=hns_ss-export-tld.20251226_20260107_translated_20260117.adapted.csv;HSD=hns_bob_tlds.csv,2026-05-15T21:54:27,False
chinarang,888,,True,,,,,22catchall,False,active,2026-05-15,2026-05-15,SS=hns_ss-export-tld.20251226_20260107_translated_20260117.adapted.csv;HSD=hns_bob_tlds.csv,2026-05-15T21:54:27,False
chinarati,888,,True,,,,,22catchall,False,active,2026-05-15,2026-05-15,SS=hns_ss-export-tld.20251226_20260107_translated_20260117.adapted.csv;HSD=hns_bob_tlds.csv,2026-05-15T21:54:27,False
chinesewine,888,,True,,,,,22catchall,False,active,2026-05-15,2026-05-15,SS=hns_ss-export-tld.20251226_20260107_translated_20260117.adapted.csv;HSD=hns_bob_tlds.csv,2026-05-15T21:54:27,False
cryptoasians,888,,True,,,,,22catchall,False,active,2026-05-15,2026-05-15,SS=hns_ss-export-tld.20251226_20260107_translated_20260117.adapted.csv;HSD=hns_bob_tlds.csv,2026-05-15T21:54:27,False
darkdweb,888,,True,,,,,22catchall,False,active,2026-05-15,2026-05-15,SS=hns_ss-export-tld.20251226_20260107_translated_20260117.adapted.csv;HSD=hns_bob_tlds.csv,2026-05-15T21:54:27,False
ethyk,888,,True,5L,,,,22catchall,False,active,2026-05-15,2026-05-15,SS=hns_ss-export-tld.20251226_20260107_translated_20260117.adapted.csv;HSD=hns_bob_tlds.csv,2026-05-15T21:54:27,False
moongoat,888,Gone to the Moon as Greatest Of All Time !!,True,,,,,22catchall,False,active,2026-05-15,2026-05-15,SS=hns_ss-export-tld.20251226_20260107_translated_20260117.adapted.csv;HSD=hns_bob_tlds.csv,2026-05-15T21:54:27,False
secretspot,888,,True,,,,,22catchall,False,active,2026-05-15,2026-05-15,SS=hns_ss-export-tld.20251226_20260107_translated_20260117.adapted.csv;HSD=hns_bob_tlds.csv,2026-05-15T21:54:27,False
surfas,888,Mis-spell ‘surfers’,True,,,,,22catchall,False,active,2026-05-15,2026-05-15,SS=hns_ss-export-tld.20251226_20260107_translated_20260117.adapted.csv;HSD=hns_bob_tlds.csv,2026-05-15T21:54:27,False
methusala,969,1HNS for the years he's said to have lived :-),True,,,,,22catchall,False,active,2026-05-15,2026-05-15,SS=hns_ss-export-tld.20251226_20260107_translated_20260117.adapted.csv;HSD=hns_bob_tlds.csv,2026-05-15T21:54:27,False
boassa,999,PT 'goodness',True,,,,,22catchall,False,active,2026-05-15,2026-05-15,SS=hns_ss-export-tld.20251226_20260107_translated_20260117.adapted.csv;HSD=hns_bob_tlds.csv,2026-05-15T21:54:27,False
cloudcannabis,999,,True,,,,,22catchall,False,active,2026-05-15,2026-05-15,SS=hns_ss-export-tld.20251226_20260107_translated_20260117.adapted.csv;HSD=hns_bob_tlds.csv,2026-05-15T21:54:27,False
holistichns,999,,True,,,,,22catchall,False,active,2026-05-15,2026-05-15,SS=hns_ss-export-tld.20251226_20260107_translated_20260117.adapted.csv;HSD=hns_bob_tlds.csv,2026-05-15T21:54:27,False
kittenegg,999,Imagine it :-) !!,True,,,,,22catchall,False,active,2026-05-15,2026-05-15,SS=hns_ss-export-tld.20251226_20260107_translated_20260117.adapted.csv;HSD=hns_bob_tlds.csv,2026-05-15T21:54:27,False
precrowd,999,,True,,,,,22catchall,False,active,2026-05-15,2026-05-15,SS=hns_ss-export-tld.20251226_20260107_translated_20260117.adapted.csv;HSD=hns_bob_tlds.csv,2026-05-15T21:54:27,False
minerz,1010,Mis-spell ‘miners’,True,,,,,22catchall,False,active,2026-05-15,2026-05-15,SS=hns_ss-export-tld.20251226_20260107_translated_20260117.adapted.csv;HSD=hns_bob_tlds.csv,2026-05-15T21:54:27,False
1000words,1111,Just picture it .....!,True,,,,,22catchall,False,active,2026-05-15,2026-05-15,SS=hns_ss-export-tld.20251226_20260107_translated_20260117.adapted.csv;HSD=hns_bob_tlds.csv,2026-05-15T21:54:27,False
diyshed,1111,,True,,,,,22catchall,False,active,2026-05-15,2026-05-15,SS=hns_ss-export-tld.20251226_20260107_translated_20260117.adapted.csv;HSD=hns_bob_tlds.csv,2026-05-15T21:54:27,False
xn--15q26v,1111,CHZH ‘all seasons’,True,"PUNY_IDNA,CJK",全季,Chinese/Japanese/Korean,All seasons,22catchall,False,active,2026-05-15,2026-05-15,SS=hns_ss-export-tld.20251226_20260107_translated_20260117.adapted.csv;HSD=hns_bob_tlds.csv,2026-05-15T21:54:27,False
googlez,1234,,True,,,,,22catchall,False,active,2026-05-15,2026-05-15,SS=hns_ss-export-tld.20251226_20260107_translated_20260117.adapted.csv;HSD=hns_bob_tlds.csv,2026-05-15T21:54:27,False
hucx,4444,,True,4L,,,,22catchall,False,active,2026-05-15,2026-05-15,SS=hns_ss-export-tld.20251226_20260107_translated_20260117.adapted.csv;HSD=hns_bob_tlds.csv,2026-05-15T21:54:27,False
cilk,4444,,True,4L,,,,22catchall,False,active,2026-05-15,2026-05-15,SS=hns_ss-export-tld.20251226_20260107_translated_20260117.adapted.csv;HSD=hns_bob_tlds.csv,2026-05-15T21:54:27,False
theforks,1234.5678,If you really need to give a mate something special....!,True,,,,,22catchall,False,active,2026-05-15,2026-05-15,SS=hns_ss-export-tld.20251226_20260107_translated_20260117.adapted.csv;HSD=hns_bob_tlds.csv,2026-05-15T21:54:27,False
movenft,1111,,True,,,,,22catchall,False,active,2026-05-15,2026-05-15,SS=hns_ss-export-tld.20251226_20260107_translated_20260117.adapted.csv;HSD=hns_bob_tlds.csv,2026-05-15T21:54:27,False
blockcorp,1111,,True,,,,,22catchall,False,active,2026-05-15,2026-05-15,SS=hns_ss-export-tld.20251226_20260107_translated_20260117.adapted.csv;HSD=hns_bob_tlds.csv,2026-05-15T21:54:27,False
cryptoshoot,2222,,True,,,,,22catchall,False,active,2026-05-15,2026-05-15,SS=hns_ss-export-tld.20251226_20260107_translated_20260117.adapted.csv;HSD=hns_bob_tlds.csv,2026-05-15T21:54:27,False
andata,2222,and data [OR .. IT 'gone'],True,,,,,22catchall,False,active,2026-05-15,2026-05-15,SS=hns_ss-export-tld.20251226_20260107_translated_20260117.adapted.csv;HSD=hns_bob_tlds.csv,2026-05-15T21:54:27,False
dolea,2222,ES 'it hurts',True,5L,,,,22catchall,False,active,2026-05-15,2026-05-15,SS=hns_ss-export-tld.20251226_20260107_translated_20260117.adapted.csv;HSD=hns_bob_tlds.csv,2026-05-15T21:54:27,False
tobut,2222,"to say 'but...' [OR.. Uzbek 'coffin' .. OR .. a populated place in the municipality of Lopare, Bosnia and Herzegovina]",True,5L,,,,22catchall,False,active,2026-05-15,2026-05-15,SS=hns_ss-export-tld.20251226_20260107_translated_20260117.adapted.csv;HSD=hns_bob_tlds.csv,2026-05-15T21:54:27,False
holistique,3333,FR 'holistic'.,True,,,,,22catchall,False,active,2026-05-15,2026-05-15,SS=hns_ss-export-tld.20251226_20260107_translated_20260117.adapted.csv;HSD=hns_bob_tlds.csv,2026-05-15T21:54:27,False
elgoogle,3190.0913,,True,,,,,22catchall,False,active,2026-05-15,2026-05-15,SS=hns_ss-export-tld.20251226_20260107_translated_20260117.adapted.csv;HSD=hns_bob_tlds.csv,2026-05-15T21:54:27,False
xn--4gqra70b,3210,CHZH ‘3 2 1’,True,"PUNY_IDNA,CJK",三二一,Chinese/Japanese/Korean,three two one,22catchall,False,active,2026-05-15,2026-05-15,SS=hns_ss-export-tld.20251226_20260107_translated_20260117.adapted.csv;HSD=hns_bob_tlds.csv,2026-05-15T21:54:27,False
bootos,3333,boot OS,True,,,,,22catchall,False,active,2026-05-15,2026-05-15,SS=hns_ss-export-tld.20251226_20260107_translated_20260117.adapted.csv;HSD=hns_bob_tlds.csv,2026-05-15T21:54:27,False
daycrypto,2222,,True,,,,,22catchall,False,active,2026-05-15,2026-05-15,SS=hns_ss-export-tld.20251226_20260107_translated_20260117.adapted.csv;HSD=hns_bob_tlds.csv,2026-05-15T21:54:27,False
10100111001,7331,binary of 1337 decimal [leet = elite],True,,,,,22catchall,False,active,2026-05-15,2026-05-15,SS=hns_ss-export-tld.20251226_20260107_translated_20260117.adapted.csv;HSD=hns_bob_tlds.csv,2026-05-15T21:54:27,False
carribeanislands,11111,,True,,,,,22catchall,False,active,2026-05-15,2026-05-15,SS=hns_ss-export-tld.20251226_20260107_translated_20260117.adapted.csv;HSD=hns_bob_tlds.csv,2026-05-15T21:54:27,False
xn--2me,55555,,True,PUNY_IDNA,ᕤ,Letters + CANADIAN SYLLABICS THO,lie,22catchall,False,active,2026-05-15,2026-05-15,SS=hns_ss-export-tld.20251226_20260107_translated_20260117.adapted.csv;HSD=hns_bob_tlds.csv,2026-05-15T21:54:27,False
xn--5p9hga,111111,,True,PUNY_IDNA,🤝🤠,"Letters + HANDSHAKE, FACE WITH COWBOY HAT",,22catchall,False,active,2026-05-15,2026-05-15,SS=hns_ss-export-tld.20251226_20260107_translated_20260117.adapted.csv;HSD=hns_bob_tlds.csv,2026-05-15T21:54:27,False
xn--45q11cm41a,888888,,True,"PUNY_IDNA,CJK",八卦掌,Chinese/Japanese/Korean,Baguazhang,22catchall,False,active,2026-05-15,2026-05-15,SS=hns_ss-export-tld.20251226_20260107_translated_20260117.adapted.csv;HSD=hns_bob_tlds.csv,2026-05-15T21:54:27,False
0-me,,,False,4C,,,,22catchall,False,active,2026-05-15,2026-05-15,SS=hns_ss-export-tld.20251226_20260107_translated_20260117.adapted.csv;HSD=hns_bob_tlds.csv,2026-05-15T21:54:27,False
0000ac,,,False,,,,,k1f,False,active,2026-05-15,2026-05-15,SS=hns_ss-export-tld.20251226_20260107_translated_20260117.adapted.csv;HSD=hns_bob_tlds.csv,2026-05-15T21:54:27,False
000abo,,,False,,,,,timaxau,False,active,2026-05-15,2026-05-15,SS=hns_ss-export-tld.20251226_20260107_translated_20260117.adapted.csv;HSD=hns_bob_tlds.csv,2026-05-15T21:54:27,False
000acc,,,False,,,,,k1f,False,active,2026-05-15,2026-05-15,SS=hns_ss-export-tld.20251226_20260107_translated_20260117.adapted.csv;HSD=hns_bob_tlds.csv,2026-05-15T21:54:27,False
00no,4444,,True,4C,,,,22catchall,False,active,2026-05-15,2026-05-15,SS=hns_ss-export-tld.20251226_20260107_translated_20260117.adapted.csv;HSD=hns_bob_tlds.csv,2026-05-15T21:54:27,False
00zy,4444,,True,4C,,,,22catchall,False,active,2026-05-15,2026-05-15,SS=hns_ss-export-tld.20251226_20260107_translated_20260117.adapted.csv;HSD=hns_bob_tlds.csv,2026-05-15T21:54:27,False
01etc,4444,,True,5C,,,,22catchall,False,active,2026-05-15,2026-05-15,SS=hns_ss-export-tld.20251226_20260107_translated_20260117.adapted.csv;HSD=hns_bob_tlds.csv,2026-05-15T21:54:27,False
01km,,,False,4C,,,,22catchall,False,active,2026-05-15,2026-05-15,SS=hns_ss-export-tld.20251226_20260107_translated_20260117.adapted.csv;HSD=hns_bob_tlds.csv,2026-05-15T21:54:27,False
02au,,,False,4C,,,,22catchall,False,active,2026-05-15,2026-05-15,SS=hns_ss-export-tld.20251226_20260107_translated_20260117.adapted.csv;HSD=hns_bob_tlds.csv,2026-05-15T21:54:27,False
754942169,,,False,,,,,timaxau,False,active,2026-05-15,2026-05-15,SS=hns_ss-export-tld.20251226_20260107_translated_20260117.adapted.csv;HSD=hns_bob_tlds.csv,2026-05-15T21:54:27,False
08qr,,,False,,,,,22catchall,False,active,2026-05-15,2026-05-15,SS=hns_ss-export-tld.20251226_20260107_translated_20260117.adapted.csv;HSD=hns_bob_tlds.csv,2026-05-15T21:54:27,False
0_-_0,5555,,True,5C,,,,h4ndsh4k,False,active,2026-05-15,2026-05-15,SS=hns_ss-export-tld.20251226_20260107_translated_20260117.adapted.csv;HSD=hns_bob_tlds.csv,2026-05-15T21:54:27,False
0__9,1111,,True,4C,,,,22catchall,False,active,2026-05-15,2026-05-15,SS=hns_ss-export-tld.20251226_20260107_translated_20260117.adapted.csv;HSD=hns_bob_tlds.csv,2026-05-15T21:54:27,False
0x0g,,,False,4C,,,,22catchall,False,active,2026-05-15,2026-05-15,SS=hns_ss-export-tld.20251226_20260107_translated_20260117.adapted.csv;HSD=hns_bob_tlds.csv,2026-05-15T21:54:27,False
0xassassin,,,False,,,,,22catchall,False,active,2026-05-15,2026-05-15,SS=hns_ss-export-tld.20251226_20260107_translated_20260117.adapted.csv;HSD=hns_bob_tlds.csv,2026-05-15T21:54:27,False
0xcaff,,,False,,,,,12tea,False,active,2026-05-15,2026-05-15,SS=hns_ss-export-tld.20251226_20260107_translated_20260117.adapted.csv;HSD=hns_bob_tlds.csv,2026-05-15T21:54:27,False
0xjpegs,,,False,,,,,22catchall,False,active,2026-05-15,2026-05-15,SS=hns_ss-export-tld.20251226_20260107_translated_20260117.adapted.csv;HSD=hns_bob_tlds.csv,2026-05-15T21:54:27,False
0xlite,,,False,,,,,22catchall,False,active,2026-05-15,2026-05-15,SS=hns_ss-export-tld.20251226_20260107_translated_20260117.adapted.csv;HSD=hns_bob_tlds.csv,2026-05-15T21:54:27,False
0xmon,,,False,5C,,,,h4ndsh4k,False,active,2026-05-15,2026-05-15,SS=hns_ss-export-tld.20251226_20260107_translated_20260117.adapted.csv;HSD=hns_bob_tlds.csv,2026-05-15T21:54:27,False
0xrape,,,False,,,,,22catchall,False,active,2026-05-15,2026-05-15,SS=hns_ss-export-tld.20251226_20260107_translated_20260117.adapted.csv;HSD=hns_bob_tlds.csv,2026-05-15T21:54:27,False
0xroadmap,,,False,,,,,22catchall,False,active,2026-05-15,2026-05-15,SS=hns_ss-export-tld.20251226_20260107_translated_20260117.adapted.csv;HSD=hns_bob_tlds.csv,2026-05-15T21:54:27,False
0xsenses,,,False,,,,,22catchall,False,active,2026-05-15,2026-05-15,SS=hns_ss-export-tld.20251226_20260107_translated_20260117.adapted.csv;HSD=hns_bob_tlds.csv,2026-05-15T21:54:27,False
0xtax,,,False,5C,,,,h4ndsh4k,False,active,2026-05-15,2026-05-15,SS=hns_ss-export-tld.20251226_20260107_translated_20260117.adapted.csv;HSD=hns_bob_tlds.csv,2026-05-15T21:54:27,False
0xtrend,,,False,,,,,22catchall,False,active,2026-05-15,2026-05-15,SS=hns_ss-export-tld.20251226_20260107_translated_20260117.adapted.csv;HSD=hns_bob_tlds.csv,2026-05-15T21:54:27,False
0xusa,,,False,5C,,,,h4ndsh4k,False,active,2026-05-15,2026-05-15,SS=hns_ss-export-tld.20251226_20260107_translated_20260117.adapted.csv;HSD=hns_bob_tlds.csv,2026-05-15T21:54:27,False
0xvc,,,False,4C,,,,22catchall,False,active,2026-05-15,2026-05-15,SS=hns_ss-export-tld.20251226_20260107_translated_20260117.adapted.csv;HSD=hns_bob_tlds.csv,2026-05-15T21:54:27,False
0xwhitepaper,,,False,,,,,22catchall,False,active,2026-05-15,2026-05-15,SS=hns_ss-export-tld.20251226_20260107_translated_20260117.adapted.csv;HSD=hns_bob_tlds.csv,2026-05-15T21:54:27,False
10873,,,False,,,,,22catchall,False,active,2026-05-15,2026-05-15,SS=hns_ss-export-tld.20251226_20260107_translated_20260117.adapted.csv;HSD=hns_bob_tlds.csv,2026-05-15T21:54:27,False
10april,,,False,,,,,k1f,False,active,2026-05-15,2026-05-15,SS=hns_ss-export-tld.20251226_20260107_translated_20260117.adapted.csv;HSD=hns_bob_tlds.csv,2026-05-15T21:54:27,False
10facts,,,False,,,,,tim4sk,False,active,2026-05-15,2026-05-15,SS=hns_ss-export-tld.20251226_20260107_translated_20260117.adapted.csv;HSD=hns_bob_tlds.csv,2026-05-15T21:54:27,False
111408,,,False,,,,,tim4sk,False,active,2026-05-15,2026-05-15,SS=hns_ss-export-tld.20251226_20260107_translated_20260117.adapted.csv;HSD=hns_bob_tlds.csv,2026-05-15T21:54:27,False
11even,,,False,,,,,tim4sk,False,active,2026-05-15,2026-05-15,SS=hns_ss-export-tld.20251226_20260107_translated_20260117.adapted.csv;HSD=hns_bob_tlds.csv,2026-05-15T21:54:27,False
12911,,,False,,,,,r1f,False,active,2026-05-15,2026-05-15,SS=hns_ss-export-tld.20251226_20260107_translated_20260117.adapted.csv;HSD=hns_bob_tlds.csv,2026-05-15T21:54:27,False
12au,,,False,,,,,timaxau,False,active,2026-05-15,2026-05-15,SS=hns_ss-export-tld.20251226_20260107_translated_20260117.adapted.csv;HSD=hns_bob_tlds.csv,2026-05-15T21:54:27,False
12rf,,,False,,,,,tim4sk,False,active,2026-05-15,2026-05-15,SS=hns_ss-export-tld.20251226_20260107_translated_20260117.adapted.csv;HSD=hns_bob_tlds.csv,2026-05-15T21:54:27,False
1300smiles,,,False,,,,,22catchall,False,active,2026-05-15,2026-05-15,SS=hns_ss-export-tld.20251226_20260107_translated_20260117.adapted.csv;HSD=hns_bob_tlds.csv,2026-05-15T21:54:27,False
1357924680,,,False,,,,,22catchall,False,active,2026-05-15,2026-05-15,SS=hns_ss-export-tld.20251226_20260107_translated_20260117.adapted.csv;HSD=hns_bob_tlds.csv,2026-05-15T21:54:27,False
13610,,,False,,,,,22catchall,False,active,2026-05-15,2026-05-15,SS=hns_ss-export-tld.20251226_20260107_translated_20260117.adapted.csv;HSD=hns_bob_tlds.csv,2026-05-15T21:54:27,False
13au,,,False,,,,,timaxau,False,active,2026-05-15,2026-05-15,SS=hns_ss-export-tld.20251226_20260107_translated_20260117.adapted.csv;HSD=hns_bob_tlds.csv,2026-05-15T21:54:27,False
13ez,,,False,,,,,tim4sk,False,active,2026-05-15,2026-05-15,SS=hns_ss-export-tld.20251226_20260107_translated_20260117.adapted.csv;HSD=hns_bob_tlds.csv,2026-05-15T21:54:27,False
13gt,,,False,,,,,tim4sk,False,active,2026-05-15,2026-05-15,SS=hns_ss-export-tld.20251226_20260107_translated_20260117.adapted.csv;HSD=hns_bob_tlds.csv,2026-05-15T21:54:27,False
17011969,,,False,,,,,tim4sk,False,active,2026-05-15,2026-05-15,SS=hns_ss-export-tld.20251226_20260107_translated_20260117.adapted.csv;HSD=hns_bob_tlds.csv,2026-05-15T21:54:27,False
17169,,,False,,,,,tim4sk,False,active,2026-05-15,2026-05-15,SS=hns_ss-export-tld.20251226_20260107_translated_20260117.adapted.csv;HSD=hns_bob_tlds.csv,2026-05-15T21:54:27,False
1769t,,,False,,,,,tim4sk,False,active,2026-05-15,2026-05-15,SS=hns_ss-export-tld.20251226_20260107_translated_20260117.adapted.csv;HSD=hns_bob_tlds.csv,2026-05-15T21:54:27,False
18oz,,,False,,,,,timaxau,False,active,2026-05-15,2026-05-15,SS=hns_ss-export-tld.20251226_20260107_translated_20260117.adapted.csv;HSD=hns_bob_tlds.csv,2026-05-15T21:54:27,False
19690117,,,False,,,,,tim4sk,False,active,2026-05-15,2026-05-15,SS=hns_ss-export-tld.20251226_20260107_translated_20260117.adapted.csv;HSD=hns_bob_tlds.csv,2026-05-15T21:54:27,False
1june,,,False,,,,,tim4sk,False,active,2026-05-15,2026-05-15,SS=hns_ss-export-tld.20251226_20260107_translated_20260117.adapted.csv;HSD=hns_bob_tlds.csv,2026-05-15T21:54:27,False
1nt3r,,,False,,,,,k1f,False,active,2026-05-15,2026-05-15,SS=hns_ss-export-tld.20251226_20260107_translated_20260117.adapted.csv;HSD=hns_bob_tlds.csv,2026-05-15T21:54:27,False
1nt3rw3b,,,False,,,,,timaxau,False,active,2026-05-15,2026-05-15,SS=hns_ss-export-tld.20251226_20260107_translated_20260117.adapted.csv;HSD=hns_bob_tlds.csv,2026-05-15T21:54:27,False
2--u,,,False,,,,,22catchall,False,active,2026-05-15,2026-05-15,SS=hns_ss-export-tld.20251226_20260107_translated_20260117.adapted.csv;HSD=hns_bob_tlds.csv,2026-05-15T21:54:27,False
2032brisbane,,,False,,,,,timaxau,False,active,2026-05-15,2026-05-15,SS=hns_ss-export-tld.20251226_20260107_translated_20260117.adapted.csv;HSD=hns_bob_tlds.csv,2026-05-15T21:54:27,False
21january,,,False,,,,,tim4sk,False,active,2026-05-15,2026-05-15,SS=hns_ss-export-tld.20251226_20260107_translated_20260117.adapted.csv;HSD=hns_bob_tlds.csv,2026-05-15T21:54:27,False
24107,,,False,,,,,22catchall,False,active,2026-05-15,2026-05-15,SS=hns_ss-export-tld.20251226_20260107_translated_20260117.adapted.csv;HSD=hns_bob_tlds.csv,2026-05-15T21:54:27,False
24hournews,,,False,,,,,22catchall,False,active,2026-05-15,2026-05-15,SS=hns_ss-export-tld.20251226_20260107_translated_20260117.adapted.csv;HSD=hns_bob_tlds.csv,2026-05-15T21:54:27,False
25569,,,False,,,,,22catchall,False,active,2026-05-15,2026-05-15,SS=hns_ss-export-tld.20251226_20260107_translated_20260117.adapted.csv;HSD=hns_bob_tlds.csv,2026-05-15T21:54:27,False
26january,,,False,,,,,hnsaucommunal,False,active,2026-05-15,2026-05-15,SS=hns_ss-export-tld.20251226_20260107_translated_20260117.adapted.csv;HSD=hns_bob_tlds.csv,2026-05-15T21:54:27,False
3-ds,,,False,,,,,22catchall,False,active,2026-05-15,2026-05-15,SS=hns_ss-export-tld.20251226_20260107_translated_20260117.adapted.csv;HSD=hns_bob_tlds.csv,2026-05-15T21:54:27,False
365health,,,False,,,,,22catchall,False,active,2026-05-15,2026-05-15,SS=hns_ss-export-tld.20251226_20260107_translated_20260117.adapted.csv;HSD=hns_bob_tlds.csv,2026-05-15T21:54:27,False
3au,,,False,,,,,timaxau,False,active,2026-05-15,2026-05-15,SS=hns_ss-export-tld.20251226_20260107_translated_20260117.adapted.csv;HSD=hns_bob_tlds.csv,2026-05-15T21:54:27,False
3d-nft,,,False,,,,,tim4sk,False,active,2026-05-15,2026-05-15,SS=hns_ss-export-tld.20251226_20260107_translated_20260117.adapted.csv;HSD=hns_bob_tlds.csv,2026-05-15T21:54:27,False
3dblok,,,False,,,,,tim4sk,False,active,2026-05-15,2026-05-15,SS=hns_ss-export-tld.20251226_20260107_translated_20260117.adapted.csv;HSD=hns_bob_tlds.csv,2026-05-15T21:54:27,False
3dbox,,,False,,,,,tim4sk,False,active,2026-05-15,2026-05-15,SS=hns_ss-export-tld.20251226_20260107_translated_20260117.adapted.csv;HSD=hns_bob_tlds.csv,2026-05-15T21:54:27,False
3ddev,,,False,,,,,tim4sk,False,active,2026-05-15,2026-05-15,SS=hns_ss-export-tld.20251226_20260107_translated_20260117.adapted.csv;HSD=hns_bob_tlds.csv,2026-05-15T21:54:27,False
3dfotos,,,False,,,,,timaxau,False,active,2026-05-15,2026-05-15,SS=hns_ss-export-tld.20251226_20260107_translated_20260117.adapted.csv;HSD=hns_bob_tlds.csv,2026-05-15T21:54:27,False
3dnet,,,False,,,,,tim4sk,False,active,2026-05-15,2026-05-15,SS=hns_ss-export-tld.20251226_20260107_translated_20260117.adapted.csv;HSD=hns_bob_tlds.csv,2026-05-15T21:54:27,False
3dvidio,,,False,,,,,tim4sk,False,active,2026-05-15,2026-05-15,SS=hns_ss-export-tld.20251226_20260107_translated_20260117.adapted.csv;HSD=hns_bob_tlds.csv,2026-05-15T21:54:27,False
3m1t,,,False,,,,,timaxau,False,active,2026-05-15,2026-05-15,SS=hns_ss-export-tld.20251226_20260107_translated_20260117.adapted.csv;HSD=hns_bob_tlds.csv,2026-05-15T21:54:27,False
3xist,,,False,,,,,22catchall,False,active,2026-05-15,2026-05-15,SS=hns_ss-export-tld.20251226_20260107_translated_20260117.adapted.csv;HSD=hns_bob_tlds.csv,2026-05-15T21:54:27,False
41071,,,False,,,,,tim4sk,False,active,2026-05-15,2026-05-15,SS=hns_ss-export-tld.20251226_20260107_translated_20260117.adapted.csv;HSD=hns_bob_tlds.csv,2026-05-15T21:54:27,False
4bris,,,False,,,,,22catchall,False,active,2026-05-15,2026-05-15,SS=hns_ss-export-tld.20251226_20260107_translated_20260117.adapted.csv;HSD=hns_bob_tlds.csv,2026-05-15T21:54:27,False
4buoy,,,False,,,,,22catchall,False,active,2026-05-15,2026-05-15,SS=hns_ss-export-tld.20251226_20260107_translated_20260117.adapted.csv;HSD=hns_bob_tlds.csv,2026-05-15T21:54:27,False
4bury,,,False,,,,,k1f,False,active,2026-05-15,2026-05-15,SS=hns_ss-export-tld.20251226_20260107_translated_20260117.adapted.csv;HSD=hns_bob_tlds.csv,2026-05-15T21:54:27,False
4bush,,,False,,,,,22catchall,False,active,2026-05-15,2026-05-15,SS=hns_ss-export-tld.20251226_20260107_translated_20260117.adapted.csv;HSD=hns_bob_tlds.csv,2026-05-15T21:54:27,False
4caff,,,False,,,,,12tea,False,active,2026-05-15,2026-05-15,SS=hns_ss-export-tld.20251226_20260107_translated_20260117.adapted.csv;HSD=hns_bob_tlds.csv,2026-05-15T21:54:27,False
4coma,,,False,,,,,timaxau,False,active,2026-05-15,2026-05-15,SS=hns_ss-export-tld.20251226_20260107_translated_20260117.adapted.csv;HSD=hns_bob_tlds.csv,2026-05-15T21:54:27,False
4dags,,,False,,,,,22catchall,False,active,2026-05-15,2026-05-15,SS=hns_ss-export-tld.20251226_20260107_translated_20260117.adapted.csv;HSD=hns_bob_tlds.csv,2026-05-15T21:54:27,False
4daud,,,False,,,,,timaxau,False,active,2026-05-15,2026-05-15,SS=hns_ss-export-tld.20251226_20260107_translated_20260117.adapted.csv;HSD=hns_bob_tlds.csv,2026-05-15T21:54:27,False
4dhol,,,False,,,,,tim4sk,False,active,2026-05-15,2026-05-15,SS=hns_ss-export-tld.20251226_20260107_translated_20260117.adapted.csv;HSD=hns_bob_tlds.csv,2026-05-15T21:54:27,False
4dnfts,,,False,,,,,tim4sk,False,active,2026-05-15,2026-05-15,SS=hns_ss-export-tld.20251226_20260107_translated_20260117.adapted.csv;HSD=hns_bob_tlds.csv,2026-05-15T21:54:27,False
4earn,,,False,,,,,h4ndsh4k,False,active,2026-05-15,2026-05-15,SS=hns_ss-export-tld.20251226_20260107_translated_20260117.adapted.csv;HSD=hns_bob_tlds.csv,2026-05-15T21:54:27,False
4few,,,False,,,,,22catchall,False,active,2026-05-15,2026-05-15,SS=hns_ss-export-tld.20251226_20260107_translated_20260117.adapted.csv;HSD=hns_bob_tlds.csv,2026-05-15T21:54:27,False
4fiat,,,False,,,,,h4ndsh4k,False,active,2026-05-15,2026-05-15,SS=hns_ss-export-tld.20251226_20260107_translated_20260117.adapted.csv;HSD=hns_bob_tlds.csv,2026-05-15T21:54:27,False
4folk,,,False,,,,,22catchall,False,active,2026-05-15,2026-05-15,SS=hns_ss-export-tld.20251226_20260107_translated_20260117.adapted.csv;HSD=hns_bob_tlds.csv,2026-05-15T21:54:27,False
4seas,,,False,,,,,22catchall,False,active,2026-05-15,2026-05-15,SS=hns_ss-export-tld.20251226_20260107_translated_20260117.adapted.csv;HSD=hns_bob_tlds.csv,2026-05-15T21:54:27,False
4szn,,,False,,,,,22catchall,False,active,2026-05-15,2026-05-15,SS=hns_ss-export-tld.20251226_20260107_translated_20260117.adapted.csv;HSD=hns_bob_tlds.csv,2026-05-15T21:54:27,False
51012,,,False,,,,,22catchall,False,active,2026-05-15,2026-05-15,SS=hns_ss-export-tld.20251226_20260107_translated_20260117.adapted.csv;HSD=hns_bob_tlds.csv,2026-05-15T21:54:27,False
54942169,,,False,,,,,tim4sk,False,active,2026-05-15,2026-05-15,SS=hns_ss-export-tld.20251226_20260107_translated_20260117.adapted.csv;HSD=hns_bob_tlds.csv,2026-05-15T21:54:27,False
553rdd4,,,False,,,,,tim4sk,False,active,2026-05-15,2026-05-15,SS=hns_ss-export-tld.20251226_20260107_translated_20260117.adapted.csv;HSD=hns_bob_tlds.csv,2026-05-15T21:54:27,False
5best,,,False,,,,,22catchall,False,active,2026-05-15,2026-05-15,SS=hns_ss-export-tld.20251226_20260107_translated_20260117.adapted.csv;HSD=hns_bob_tlds.csv,2026-05-15T21:54:27,False
5starpizza,,,False,,,,,r1f,False,active,2026-05-15,2026-05-15,SS=hns_ss-export-tld.20251226_20260107_translated_20260117.adapted.csv;HSD=hns_bob_tlds.csv,2026-05-15T21:54:27,False
66100,,,False,,,,,22catchall,False,active,2026-05-15,2026-05-15,SS=hns_ss-export-tld.20251226_20260107_translated_20260117.adapted.csv;HSD=hns_bob_tlds.csv,2026-05-15T21:54:27,False
69171,,,False,,,,,tim4sk,False,active,2026-05-15,2026-05-15,SS=hns_ss-export-tld.20251226_20260107_translated_20260117.adapted.csv;HSD=hns_bob_tlds.csv,2026-05-15T21:54:27,False
691t,,,False,,,,,tim4sk,False,active,2026-05-15,2026-05-15,SS=hns_ss-export-tld.20251226_20260107_translated_20260117.adapted.csv;HSD=hns_bob_tlds.csv,2026-05-15T21:54:27,False
71104,,,False,,,,,tim4sk,False,active,2026-05-15,2026-05-15,SS=hns_ss-export-tld.20251226_20260107_translated_20260117.adapted.csv;HSD=hns_bob_tlds.csv,2026-05-15T21:54:27,False
71410,,,False,,,,,tim4sk,False,active,2026-05-15,2026-05-15,SS=hns_ss-export-tld.20251226_20260107_translated_20260117.adapted.csv;HSD=hns_bob_tlds.csv,2026-05-15T21:54:27,False
71m4x4l,,,False,,,,,tim4sk,False,active,2026-05-15,2026-05-15,SS=hns_ss-export-tld.20251226_20260107_translated_20260117.adapted.csv;HSD=hns_bob_tlds.csv,2026-05-15T21:54:27,False
71m4xal,,,False,,,,,tim4sk,False,active,2026-05-15,2026-05-15,SS=hns_ss-export-tld.20251226_20260107_translated_20260117.adapted.csv;HSD=hns_bob_tlds.csv,2026-05-15T21:54:27,False
71max4l,,,False,,,,,tim4sk,False,active,2026-05-15,2026-05-15,SS=hns_ss-export-tld.20251226_20260107_translated_20260117.adapted.csv;HSD=hns_bob_tlds.csv,2026-05-15T21:54:27,False
71maxal,,,False,,,,,tim4sk,False,active,2026-05-15,2026-05-15,SS=hns_ss-export-tld.20251226_20260107_translated_20260117.adapted.csv;HSD=hns_bob_tlds.csv,2026-05-15T21:54:27,False
72227,,,False,,,,,timaxau,False,active,2026-05-15,2026-05-15,SS=hns_ss-export-tld.20251226_20260107_translated_20260117.adapted.csv;HSD=hns_bob_tlds.csv,2026-05-15T21:54:27,False
73810,,,False,,,,,22catchall,False,active,2026-05-15,2026-05-15,SS=hns_ss-export-tld.20251226_20260107_translated_20260117.adapted.csv;HSD=hns_bob_tlds.csv,2026-05-15T21:54:27,False
74227,,,False,,,,,22catchall,False,active,2026-05-15,2026-05-15,SS=hns_ss-export-tld.20251226_20260107_translated_20260117.adapted.csv;HSD=hns_bob_tlds.csv,2026-05-15T21:54:27,False
776aa7,,,False,,,,,k1f,False,active,2026-05-15,2026-05-15,SS=hns_ss-export-tld.20251226_20260107_translated_20260117.adapted.csv;HSD=hns_bob_tlds.csv,2026-05-15T21:54:27,False
7im4x4l,,,False,,,,,tim4sk,False,active,2026-05-15,2026-05-15,SS=hns_ss-export-tld.20251226_20260107_translated_20260117.adapted.csv;HSD=hns_bob_tlds.csv,2026-05-15T21:54:27,False
7im4xal,,,False,,,,,tim4sk,False,active,2026-05-15,2026-05-15,SS=hns_ss-export-tld.20251226_20260107_translated_20260117.adapted.csv;HSD=hns_bob_tlds.csv,2026-05-15T21:54:27,False
7imax4l,,,False,,,,,tim4sk,False,active,2026-05-15,2026-05-15,SS=hns_ss-export-tld.20251226_20260107_translated_20260117.adapted.csv;HSD=hns_bob_tlds.csv,2026-05-15T21:54:27,False
80100,,,False,,,,,22catchall,False,active,2026-05-15,2026-05-15,SS=hns_ss-export-tld.20251226_20260107_translated_20260117.adapted.csv;HSD=hns_bob_tlds.csv,2026-05-15T21:54:27,False
81114,,,False,,,,,tim4sk,False,active,2026-05-15,2026-05-15,SS=hns_ss-export-tld.20251226_20260107_translated_20260117.adapted.csv;HSD=hns_bob_tlds.csv,2026-05-15T21:54:27,False
81411,,,False,,,,,tim4sk,False,active,2026-05-15,2026-05-15,SS=hns_ss-export-tld.20251226_20260107_translated_20260117.adapted.csv;HSD=hns_bob_tlds.csv,2026-05-15T21:54:27,False
853211,,,False,,,,,tim4sk,False,active,2026-05-15,2026-05-15,SS=hns_ss-export-tld.20251226_20260107_translated_20260117.adapted.csv;HSD=hns_bob_tlds.csv,2026-05-15T21:54:27,False
888cn,,,False,,,,,22catchall,False,active,2026-05-15,2026-05-15,SS=hns_ss-export-tld.20251226_20260107_translated_20260117.adapted.csv;HSD=hns_bob_tlds.csv,2026-05-15T21:54:27,False
888crypto,,,False,,,,,tim4sk,False,active,2026-05-15,2026-05-15,SS=hns_ss-export-tld.20251226_20260107_translated_20260117.adapted.csv;HSD=hns_bob_tlds.csv,2026-05-15T21:54:27,False
888web,,,False,,,,,22catchall,False,active,2026-05-15,2026-05-15,SS=hns_ss-export-tld.20251226_20260107_translated_20260117.adapted.csv;HSD=hns_bob_tlds.csv,2026-05-15T21:54:27,False
888zh,,,False,,,,,tim4sk,False,active,2026-05-15,2026-05-15,SS=hns_ss-export-tld.20251226_20260107_translated_20260117.adapted.csv;HSD=hns_bob_tlds.csv,2026-05-15T21:54:27,False
88b88,,,False,,,,,22catchall,False,active,2026-05-15,2026-05-15,SS=hns_ss-export-tld.20251226_20260107_translated_20260117.adapted.csv;HSD=hns_bob_tlds.csv,2026-05-15T21:54:27,False
88c88,,,False,,,,,22catchall,False,active,2026-05-15,2026-05-15,SS=hns_ss-export-tld.20251226_20260107_translated_20260117.adapted.csv;HSD=hns_bob_tlds.csv,2026-05-15T21:54:27,False
8bad8,,,False,,,,,22catchall,False,active,2026-05-15,2026-05-15,SS=hns_ss-export-tld.20251226_20260107_translated_20260117.adapted.csv;HSD=hns_bob_tlds.csv,2026-05-15T21:54:27,False
8bid8,,,False,,,,,22catchall,False,active,2026-05-15,2026-05-15,SS=hns_ss-export-tld.20251226_20260107_translated_20260117.adapted.csv;HSD=hns_bob_tlds.csv,2026-05-15T21:54:27,False
8bud8,,,False,,,,,22catchall,False,active,2026-05-15,2026-05-15,SS=hns_ss-export-tld.20251226_20260107_translated_20260117.adapted.csv;HSD=hns_bob_tlds.csv,2026-05-15T21:54:27,False
8cru,,,False,,,,,tim4sk,False,active,2026-05-15,2026-05-15,SS=hns_ss-export-tld.20251226_20260107_translated_20260117.adapted.csv;HSD=hns_bob_tlds.csv,2026-05-15T21:54:27,False
8dab8,,,False,,,,,22catchall,False,active,2026-05-15,2026-05-15,SS=hns_ss-export-tld.20251226_20260107_translated_20260117.adapted.csv;HSD=hns_bob_tlds.csv,2026-05-15T21:54:27,False
8ggg8,,,False,,,,,22catchall,False,active,2026-05-15,2026-05-15,SS=hns_ss-export-tld.20251226_20260107_translated_20260117.adapted.csv;HSD=hns_bob_tlds.csv,2026-05-15T21:54:27,False
8gt,,,False,,,,,tim4sk,False,active,2026-05-15,2026-05-15,SS=hns_ss-export-tld.20251226_20260107_translated_20260117.adapted.csv;HSD=hns_bob_tlds.csv,2026-05-15T21:54:27,False
8nnn8,,,False,,,,,22catchall,False,active,2026-05-15,2026-05-15,SS=hns_ss-export-tld.20251226_20260107_translated_20260117.adapted.csv;HSD=hns_bob_tlds.csv,2026-05-15T21:54:27,False
8non8,,,False,,,,,22catchall,False,active,2026-05-15,2026-05-15,SS=hns_ss-export-tld.20251226_20260107_translated_20260117.adapted.csv;HSD=hns_bob_tlds.csv,2026-05-15T21:54:27,False
8obo8,,,False,,,,,22catchall,False,active,2026-05-15,2026-05-15,SS=hns_ss-export-tld.20251226_20260107_translated_20260117.adapted.csv;HSD=hns_bob_tlds.csv,2026-05-15T21:54:27,False
8odo8,,,False,,,,,22catchall,False,active,2026-05-15,2026-05-15,SS=hns_ss-export-tld.20251226_20260107_translated_20260117.adapted.csv;HSD=hns_bob_tlds.csv,2026-05-15T21:54:27,False
8rank,,,False,,,,,tim4sk,False,active,2026-05-15,2026-05-15,SS=hns_ss-export-tld.20251226_20260107_translated_20260117.adapted.csv;HSD=hns_bob_tlds.csv,2026-05-15T21:54:27,False
8xox8,,,False,,,,,22catchall,False,active,2026-05-15,2026-05-15,SS=hns_ss-export-tld.20251226_20260107_translated_20260117.adapted.csv;HSD=hns_bob_tlds.csv,2026-05-15T21:54:27,False
8yyy8,,,False,,,,,22catchall,False,active,2026-05-15,2026-05-15,SS=hns_ss-export-tld.20251226_20260107_translated_20260117.adapted.csv;HSD=hns_bob_tlds.csv,2026-05-15T21:54:27,False
90317,,,False,,,,,tim4sk,False,active,2026-05-15,2026-05-15,SS=hns_ss-export-tld.20251226_20260107_translated_20260117.adapted.csv;HSD=hns_bob_tlds.csv,2026-05-15T21:54:27,False
91112,,,False,,,,,r1f,False,active,2026-05-15,2026-05-15,SS=hns_ss-export-tld.20251226_20260107_translated_20260117.adapted.csv;HSD=hns_bob_tlds.csv,2026-05-15T21:54:27,False
91703,,,False,,,,,tim4sk,False,active,2026-05-15,2026-05-15,SS=hns_ss-export-tld.20251226_20260107_translated_20260117.adapted.csv;HSD=hns_bob_tlds.csv,2026-05-15T21:54:27,False
973fpi,,,False,,,,,tim4sk,False,active,2026-05-15,2026-05-15,SS=hns_ss-export-tld.20251226_20260107_translated_20260117.adapted.csv;HSD=hns_bob_tlds.csv,2026-05-15T21:54:27,False
98100,,,False,,,,,22catchall,False,active,2026-05-15,2026-05-15,SS=hns_ss-export-tld.20251226_20260107_translated_20260117.adapted.csv;HSD=hns_bob_tlds.csv,2026-05-15T21:54:27,False
98au,,,False,,,,,22catchall,False,active,2026-05-15,2026-05-15,SS=hns_ss-export-tld.20251226_20260107_translated_20260117.adapted.csv;HSD=hns_bob_tlds.csv,2026-05-15T21:54:27,False
99100,,,False,,,,,22catchall,False,active,2026-05-15,2026-05-15,SS=hns_ss-export-tld.20251226_20260107_translated_20260117.adapted.csv;HSD=hns_bob_tlds.csv,2026-05-15T21:54:27,False
a414a,,,False,,,,,22catchall,False,active,2026-05-15,2026-05-15,SS=hns_ss-export-tld.20251226_20260107_translated_20260117.adapted.csv;HSD=hns_bob_tlds.csv,2026-05-15T21:54:27,False
aawww,,,False,,,,,22catchall,False,active,2026-05-15,2026-05-15,SS=hns_ss-export-tld.20251226_20260107_translated_20260117.adapted.csv;HSD=hns_bob_tlds.csv,2026-05-15T21:54:27,False
abcloudz,,,False,,,,,22catchall,False,active,2026-05-15,2026-05-15,SS=hns_ss-export-tld.20251226_20260107_translated_20260117.adapted.csv;HSD=hns_bob_tlds.csv,2026-05-15T21:54:27,False
aberg,,,False,,,,,timaxau,False,active,2026-05-15,2026-05-15,SS=hns_ss-export-tld.20251226_20260107_translated_20260117.adapted.csv;HSD=hns_bob_tlds.csv,2026-05-15T21:54:27,False
abermain,,,False,,,,,timaxau,False,active,2026-05-15,2026-05-15,SS=hns_ss-export-tld.20251226_20260107_translated_20260117.adapted.csv;HSD=hns_bob_tlds.csv,2026-05-15T21:54:27,False
abingtoncreek,,,False,,,,,timaxau,False,active,2026-05-15,2026-05-15,SS=hns_ss-export-tld.20251226_20260107_translated_20260117.adapted.csv;HSD=hns_bob_tlds.csv,2026-05-15T21:54:27,False
aboriginals,,,False,,,,,22catchall,False,active,2026-05-15,2026-05-15,SS=hns_ss-export-tld.20251226_20260107_translated_20260117.adapted.csv;HSD=hns_bob_tlds.csv,2026-05-15T21:54:27,False
aboutfilm,,,False,,,,,tim4sk,False,active,2026-05-15,2026-05-15,SS=hns_ss-export-tld.20251226_20260107_translated_20260117.adapted.csv;HSD=hns_bob_tlds.csv,2026-05-15T21:54:27,False
aboutlife,,,False,,,,,tim4sk,False,active,2026-05-15,2026-05-15,SS=hns_ss-export-tld.20251226_20260107_translated_20260117.adapted.csv;HSD=hns_bob_tlds.csv,2026-05-15T21:54:27,False
abrief,,,False,,,,,22catchall,False,active,2026-05-15,2026-05-15,SS=hns_ss-export-tld.20251226_20260107_translated_20260117.adapted.csv;HSD=hns_bob_tlds.csv,2026-05-15T21:54:27,False
absir,,,False,,,,,22catchall,False,active,2026-05-15,2026-05-15,SS=hns_ss-export-tld.20251226_20260107_translated_20260117.adapted.csv;HSD=hns_bob_tlds.csv,2026-05-15T21:54:27,False
absolutebeginner,,,False,,,,,22catchall,False,active,2026-05-15,2026-05-15,SS=hns_ss-export-tld.20251226_20260107_translated_20260117.adapted.csv;HSD=hns_bob_tlds.csv,2026-05-15T21:54:27,False
absoluteyarn,,,False,,,,,22catchall,False,active,2026-05-15,2026-05-15,SS=hns_ss-export-tld.20251226_20260107_translated_20260117.adapted.csv;HSD=hns_bob_tlds.csv,2026-05-15T21:54:27,False
acaciacreek,,,False,,,,,timaxau,False,active,2026-05-15,2026-05-15,SS=hns_ss-export-tld.20251226_20260107_translated_20260117.adapted.csv;HSD=hns_bob_tlds.csv,2026-05-15T21:54:27,False
acaciaridge,,,False,,,,,timaxau,False,active,2026-05-15,2026-05-15,SS=hns_ss-export-tld.20251226_20260107_translated_20260117.adapted.csv;HSD=hns_bob_tlds.csv,2026-05-15T21:54:27,False
accountantlist,,,False,,,,,tim4sk,False,active,2026-05-15,2026-05-15,SS=hns_ss-export-tld.20251226_20260107_translated_20260117.adapted.csv;HSD=hns_bob_tlds.csv,2026-05-15T21:54:27,False
acetennis,,,False,,,,,22catchall,False,active,2026-05-15,2026-05-15,SS=hns_ss-export-tld.20251226_20260107_translated_20260117.adapted.csv;HSD=hns_bob_tlds.csv,2026-05-15T21:54:27,False
acontinental,,,False,,,,,22catchall,False,active,2026-05-15,2026-05-15,SS=hns_ss-export-tld.20251226_20260107_translated_20260117.adapted.csv;HSD=hns_bob_tlds.csv,2026-05-15T21:54:27,False
acronystic,,,False,,,,,22catchall,False,active,2026-05-15,2026-05-15,SS=hns_ss-export-tld.20251226_20260107_translated_20260117.adapted.csv;HSD=hns_bob_tlds.csv,2026-05-15T21:54:27,False
actfarmers,,,False,,,,,timaxau,False,active,2026-05-15,2026-05-15,SS=hns_ss-export-tld.20251226_20260107_translated_20260117.adapted.csv;HSD=hns_bob_tlds.csv,2026-05-15T21:54:27,False
actgov,,,False,,,,,timaxau,False,active,2026-05-15,2026-05-15,SS=hns_ss-export-tld.20251226_20260107_translated_20260117.adapted.csv;HSD=hns_bob_tlds.csv,2026-05-15T21:54:27,False
actgovau,,,False,,,,,tim4sk,False,active,2026-05-15,2026-05-15,SS=hns_ss-export-tld.20251226_20260107_translated_20260117.adapted.csv;HSD=hns_bob_tlds.csv,2026-05-15T21:54:27,False
actionfest,,,False,,,,,22catchall,False,active,2026-05-15,2026-05-15,SS=hns_ss-export-tld.20251226_20260107_translated_20260117.adapted.csv;HSD=hns_bob_tlds.csv,2026-05-15T21:54:27,False
actionsea,,,False,,,,,22catchall,False,active,2026-05-15,2026-05-15,SS=hns_ss-export-tld.20251226_20260107_translated_20260117.adapted.csv;HSD=hns_bob_tlds.csv,2026-05-15T21:54:27,False
actuallife,,,False,,,,,22catchall,False,active,2026-05-15,2026-05-15,SS=hns_ss-export-tld.20251226_20260107_translated_20260117.adapted.csv;HSD=hns_bob_tlds.csv,2026-05-15T21:54:27,False
adaminaby,,,False,,,,,timaxau,False,active,2026-05-15,2026-05-15,SS=hns_ss-export-tld.20251226_20260107_translated_20260117.adapted.csv;HSD=hns_bob_tlds.csv,2026-05-15T21:54:27,False
adamsfield,,,False,,,,,timaxau,False,active,2026-05-15,2026-05-15,SS=hns_ss-export-tld.20251226_20260107_translated_20260117.adapted.csv;HSD=hns_bob_tlds.csv,2026-05-15T21:54:27,False
adavale,,,False,,,,,timaxau,False,active,2026-05-15,2026-05-15,SS=hns_ss-export-tld.20251226_20260107_translated_20260117.adapted.csv;HSD=hns_bob_tlds.csv,2026-05-15T21:54:27,False
adayoff,,,False,,,,,22catchall,False,active,2026-05-15,2026-05-15,SS=hns_ss-export-tld.20251226_20260107_translated_20260117.adapted.csv;HSD=hns_bob_tlds.csv,2026-05-15T21:54:27,False
addnote,,,False,,,,,22catchall,False,active,2026-05-15,2026-05-15,SS=hns_ss-export-tld.20251226_20260107_translated_20260117.adapted.csv;HSD=hns_bob_tlds.csv,2026-05-15T21:54:27,False
addrea,,,False,,,,,22catchall,False,active,2026-05-15,2026-05-15,SS=hns_ss-export-tld.20251226_20260107_translated_20260117.adapted.csv;HSD=hns_bob_tlds.csv,2026-05-15T21:54:27,False
addressusa,,,False,,,,,tim4sk,False,active,2026-05-15,2026-05-15,SS=hns_ss-export-tld.20251226_20260107_translated_20260117.adapted.csv;HSD=hns_bob_tlds.csv,2026-05-15T21:54:27,False
adelaideriver,,,False,,,,,timaxau,False,active,2026-05-15,2026-05-15,SS=hns_ss-export-tld.20251226_20260107_translated_20260117.adapted.csv;HSD=hns_bob_tlds.csv,2026-05-15T21:54:27,False
adhdautism,,,False,,,,,22catchall,False,active,2026-05-15,2026-05-15,SS=hns_ss-export-tld.20251226_20260107_translated_20260117.adapted.csv;HSD=hns_bob_tlds.csv,2026-05-15T21:54:27,False
adiaphorism,,,False,,,,,22catchall,False,active,2026-05-15,2026-05-15,SS=hns_ss-export-tld.20251226_20260107_translated_20260117.adapted.csv;HSD=hns_bob_tlds.csv,2026-05-15T21:54:27,False
adjungbilly,,,False,,,,,timaxau,False,active,2026-05-15,2026-05-15,SS=hns_ss-export-tld.20251226_20260107_translated_20260117.adapted.csv;HSD=hns_bob_tlds.csv,2026-05-15T21:54:27,False
adresism,,,False,,,,,22catchall,False,active,2026-05-15,2026-05-15,SS=hns_ss-export-tld.20251226_20260107_translated_20260117.adapted.csv;HSD=hns_bob_tlds.csv,2026-05-15T21:54:27,False
adrex,,,False,,,,,timaxau,False,active,2026-05-15,2026-05-15,SS=hns_ss-export-tld.20251226_20260107_translated_20260117.adapted.csv;HSD=hns_bob_tlds.csv,2026-05-15T21:54:27,False
adrexbid,,,False,,,,,timaxau,False,active,2026-05-15,2026-05-15,SS=hns_ss-export-tld.20251226_20260107_translated_20260117.adapted.csv;HSD=hns_bob_tlds.csv,2026-05-15T21:54:27,False
adultwater,,,False,,,,,22catchall,False,active,2026-05-15,2026-05-15,SS=hns_ss-export-tld.20251226_20260107_translated_20260117.adapted.csv;HSD=hns_bob_tlds.csv,2026-05-15T21:54:27,False
advancetown,,,False,,,,,timaxau,False,active,2026-05-15,2026-05-15,SS=hns_ss-export-tld.20251226_20260107_translated_20260117.adapted.csv;HSD=hns_bob_tlds.csv,2026-05-15T21:54:27,False
advanturing,,,False,,,,,tim4sk,False,active,2026-05-15,2026-05-15,SS=hns_ss-export-tld.20251226_20260107_translated_20260117.adapted.csv;HSD=hns_bob_tlds.csv,2026-05-15T21:54:27,False
aeolotropic,,,False,,,,,22catchall,False,active,2026-05-15,2026-05-15,SS=hns_ss-export-tld.20251226_20260107_translated_20260117.adapted.csv;HSD=hns_bob_tlds.csv,2026-05-15T21:54:27,False
aerialpics,,,False,,,,,22catchall,False,active,2026-05-15,2026-05-15,SS=hns_ss-export-tld.20251226_20260107_translated_20260117.adapted.csv;HSD=hns_bob_tlds.csv,2026-05-15T21:54:27,False
aerialpingpong,,,False,,,,,22catchall,False,active,2026-05-15,2026-05-15,SS=hns_ss-export-tld.20251226_20260107_translated_20260117.adapted.csv;HSD=hns_bob_tlds.csv,2026-05-15T21:54:27,False
afloyd,,,False,,,,,dfps,False,active,2026-05-15,2026-05-15,SS=hns_ss-export-tld.20251226_20260107_translated_20260117.adapted.csv;HSD=hns_bob_tlds.csv,2026-05-15T21:54:27,False
aforeman,,,False,,,,,22catchall,False,active,2026-05-15,2026-05-15,SS=hns_ss-export-tld.20251226_20260107_translated_20260117.adapted.csv;HSD=hns_bob_tlds.csv,2026-05-15T21:54:27,False
agamogenesis,,,False,,,,,22catchall,False,active,2026-05-15,2026-05-15,SS=hns_ss-export-tld.20251226_20260107_translated_20260117.adapted.csv;HSD=hns_bob_tlds.csv,2026-05-15T21:54:27,False
ageright,,,False,,,,,22catchall,False,active,2026-05-15,2026-05-15,SS=hns_ss-export-tld.20251226_20260107_translated_20260117.adapted.csv;HSD=hns_bob_tlds.csv,2026-05-15T21:54:27,False
agistments,,,False,,,,,tim4sk,False,active,2026-05-15,2026-05-15,SS=hns_ss-export-tld.20251226_20260107_translated_20260117.adapted.csv;HSD=hns_bob_tlds.csv,2026-05-15T21:54:27,False
agneswater,,,False,,,,,timaxau,False,active,2026-05-15,2026-05-15,SS=hns_ss-export-tld.20251226_20260107_translated_20260117.adapted.csv;HSD=hns_bob_tlds.csv,2026-05-15T21:54:27,False
agoat,,,False,,,,,22catchall,False,active,2026-05-15,2026-05-15,SS=hns_ss-export-tld.20251226_20260107_translated_20260117.adapted.csv;HSD=hns_bob_tlds.csv,2026-05-15T21:54:27,False
ahirt,,,False,,,,,22catchall,False,active,2026-05-15,2026-05-15,SS=hns_ss-export-tld.20251226_20260107_translated_20260117.adapted.csv;HSD=hns_bob_tlds.csv,2026-05-15T21:54:27,False
ahoy-hoy,,,False,,,,,22catchall,False,active,2026-05-15,2026-05-15,SS=hns_ss-export-tld.20251226_20260107_translated_20260117.adapted.csv;HSD=hns_bob_tlds.csv,2026-05-15T21:54:27,False
airside,,,False,,,,,22catchall,False,active,2026-05-15,2026-05-15,SS=hns_ss-export-tld.20251226_20260107_translated_20260117.adapted.csv;HSD=hns_bob_tlds.csv,2026-05-15T21:54:27,False
airvarie,,,False,,,,,22catchall,False,active,2026-05-15,2026-05-15,SS=hns_ss-export-tld.20251226_20260107_translated_20260117.adapted.csv;HSD=hns_bob_tlds.csv,2026-05-15T21:54:27,False
aitkenvale,,,False,,,,,timaxau,False,active,2026-05-15,2026-05-15,SS=hns_ss-export-tld.20251226_20260107_translated_20260117.adapted.csv;HSD=hns_bob_tlds.csv,2026-05-15T21:54:27,False
aiyat,,,False,,,,,22catchall,False,active,2026-05-15,2026-05-15,SS=hns_ss-export-tld.20251226_20260107_translated_20260117.adapted.csv;HSD=hns_bob_tlds.csv,2026-05-15T21:54:27,False
alagala,,,False,,,,,timaxau,False,active,2026-05-15,2026-05-15,SS=hns_ss-export-tld.20251226_20260107_translated_20260117.adapted.csv;HSD=hns_bob_tlds.csv,2026-05-15T21:54:27,False
albanycreek,,,False,,,,,timaxau,False,active,2026-05-15,2026-05-15,SS=hns_ss-export-tld.20251226_20260107_translated_20260117.adapted.csv;HSD=hns_bob_tlds.csv,2026-05-15T21:54:27,False
aldavilla,,,False,,,,,timaxau,False,active,2026-05-15,2026-05-15,SS=hns_ss-export-tld.20251226_20260107_translated_20260117.adapted.csv;HSD=hns_bob_tlds.csv,2026-05-15T21:54:27,False
aldinga,,,False,,,,,timaxau,False,active,2026-05-15,2026-05-15,SS=hns_ss-export-tld.20251226_20260107_translated_20260117.adapted.csv;HSD=hns_bob_tlds.csv,2026-05-15T21:54:27,False
aldingabeach,,,False,,,,,timaxau,False,active,2026-05-15,2026-05-15,SS=hns_ss-export-tld.20251226_20260107_translated_20260117.adapted.csv;HSD=hns_bob_tlds.csv,2026-05-15T21:54:27,False
aleny,,,False,,,,,22catchall,False,active,2026-05-15,2026-05-15,SS=hns_ss-export-tld.20251226_20260107_translated_20260117.adapted.csv;HSD=hns_bob_tlds.csv,2026-05-15T21:54:27,False
alexandraheadland,,,False,,,,,timaxau,False,active,2026-05-15,2026-05-15,SS=hns_ss-export-tld.20251226_20260107_translated_20260117.adapted.csv;HSD=hns_bob_tlds.csv,2026-05-15T21:54:27,False
alfredtown,,,False,,,,,timaxau,False,active,2026-05-15,2026-05-15,SS=hns_ss-export-tld.20251226_20260107_translated_20260117.adapted.csv;HSD=hns_bob_tlds.csv,2026-05-15T21:54:27,False
alhub,,,False,,,,,tim4sk,False,active,2026-05-15,2026-05-15,SS=hns_ss-export-tld.20251226_20260107_translated_20260117.adapted.csv;HSD=hns_bob_tlds.csv,2026-05-15T21:54:27,False
alienshrooms,,,False,,,,,tim4sk,False,active,2026-05-15,2026-05-15,SS=hns_ss-export-tld.20251226_20260107_translated_20260117.adapted.csv;HSD=hns_bob_tlds.csv,2026-05-15T21:54:27,False
allambee,,,False,,,,,timaxau,False,active,2026-05-15,2026-05-15,SS=hns_ss-export-tld.20251226_20260107_translated_20260117.adapted.csv;HSD=hns_bob_tlds.csv,2026-05-15T21:54:27,False
allanby,,,False,,,,,timaxau,False,active,2026-05-15,2026-05-15,SS=hns_ss-export-tld.20251226_20260107_translated_20260117.adapted.csv;HSD=hns_bob_tlds.csv,2026-05-15T21:54:27,False
allansflat,,,False,,,,,timaxau,False,active,2026-05-15,2026-05-15,SS=hns_ss-export-tld.20251226_20260107_translated_20260117.adapted.csv;HSD=hns_bob_tlds.csv,2026-05-15T21:54:27,False
allbunny,,,False,,,,,r1f,False,active,2026-05-15,2026-05-15,SS=hns_ss-export-tld.20251226_20260107_translated_20260117.adapted.csv;HSD=hns_bob_tlds.csv,2026-05-15T21:54:27,False
allmyfriendsarefish,,,False,,,,,r1f,False,active,2026-05-15,2026-05-15,SS=hns_ss-export-tld.20251226_20260107_translated_20260117.adapted.csv;HSD=hns_bob_tlds.csv,2026-05-15T21:54:27,False
allthetim,,,False,,,,,tim4sk,False,active,2026-05-15,2026-05-15,SS=hns_ss-export-tld.20251226_20260107_translated_20260117.adapted.csv;HSD=hns_bob_tlds.csv,2026-05-15T21:54:27,False
allwise,,,False,,,,,tim4sk,False,active,2026-05-15,2026-05-15,SS=hns_ss-export-tld.20251226_20260107_translated_20260117.adapted.csv;HSD=hns_bob_tlds.csv,2026-05-15T21:54:27,False
alphapetz,,,False,,,,,tim4sk,False,active,2026-05-15,2026-05-15,SS=hns_ss-export-tld.20251226_20260107_translated_20260117.adapted.csv;HSD=hns_bob_tlds.csv,2026-05-15T21:54:27,False
alternativefact,,,False,,,,,22catchall,False,active,2026-05-15,2026-05-15,SS=hns_ss-export-tld.20251226_20260107_translated_20260117.adapted.csv;HSD=hns_bob_tlds.csv,2026-05-15T21:54:27,False
altim,,,False,,,,,tim4sk,False,active,2026-05-15,2026-05-15,SS=hns_ss-export-tld.20251226_20260107_translated_20260117.adapted.csv;HSD=hns_bob_tlds.csv,2026-05-15T21:54:27,False
alzheimersearlysigns,,,False,,,,,k1f,False,active,2026-05-15,2026-05-15,SS=hns_ss-export-tld.20251226_20260107_translated_20260117.adapted.csv;HSD=hns_bob_tlds.csv,2026-05-15T21:54:27,False
amazingdeath,,,False,,,,,tim4sk,False,active,2026-05-15,2026-05-15,SS=hns_ss-export-tld.20251226_20260107_translated_20260117.adapted.csv;HSD=hns_bob_tlds.csv,2026-05-15T21:54:27,False
amazingfish,,,False,,,,,22catchall,False,active,2026-05-15,2026-05-15,SS=hns_ss-export-tld.20251226_20260107_translated_20260117.adapted.csv;HSD=hns_bob_tlds.csv,2026-05-15T21:54:27,False
amitypoint,,,False,,,,,timaxau,False,active,2026-05-15,2026-05-15,SS=hns_ss-export-tld.20251226_20260107_translated_20260117.adapted.csv;HSD=hns_bob_tlds.csv,2026-05-15T21:54:27,False
amphigonous,,,False,,,,,22catchall,False,active,2026-05-15,2026-05-15,SS=hns_ss-export-tld.20251226_20260107_translated_20260117.adapted.csv;HSD=hns_bob_tlds.csv,2026-05-15T21:54:27,False
amuseyourself,,,False,,,,,22catchall,False,active,2026-05-15,2026-05-15,SS=hns_ss-export-tld.20251226_20260107_translated_20260117.adapted.csv;HSD=hns_bob_tlds.csv,2026-05-15T21:54:27,False
anaddress,,,False,,,,,timaxau,False,active,2026-05-15,2026-05-15,SS=hns_ss-export-tld.20251226_20260107_translated_20260117.adapted.csv;HSD=hns_bob_tlds.csv,2026-05-15T21:54:27,False
anaglyph,,,False,,,,,tim4sk,False,active,2026-05-15,2026-05-15,SS=hns_ss-export-tld.20251226_20260107_translated_20260117.adapted.csv;HSD=hns_bob_tlds.csv,2026-05-15T21:54:27,False
anaglyphics,,,False,,,,,timaxau,False,active,2026-05-15,2026-05-15,SS=hns_ss-export-tld.20251226_20260107_translated_20260117.adapted.csv;HSD=hns_bob_tlds.csv,2026-05-15T21:54:27,False
analfan,,,False,,,,,22catchall,False,active,2026-05-15,2026-05-15,SS=hns_ss-export-tld.20251226_20260107_translated_20260117.adapted.csv;HSD=hns_bob_tlds.csv,2026-05-15T21:54:27,False
anaxiphilia,,,False,,,,,22catchall,False,active,2026-05-15,2026-05-15,SS=hns_ss-export-tld.20251226_20260107_translated_20260117.adapted.csv;HSD=hns_bob_tlds.csv,2026-05-15T21:54:27,False
anaxonia,,,False,,,,,22catchall,False,active,2026-05-15,2026-05-15,SS=hns_ss-export-tld.20251226_20260107_translated_20260117.adapted.csv;HSD=hns_bob_tlds.csv,2026-05-15T21:54:27,False
anchoredaway,,,False,,,,,h2o,False,active,2026-05-15,2026-05-15,SS=hns_ss-export-tld.20251226_20260107_translated_20260117.adapted.csv;HSD=hns_bob_tlds.csv,2026-05-15T21:54:27,False
andabeer,,,False,,,,,22catchall,False,active,2026-05-15,2026-05-15,SS=hns_ss-export-tld.20251226_20260107_translated_20260117.adapted.csv;HSD=hns_bob_tlds.csv,2026-05-15T21:54:27,False
andamooka,,,False,,,,,timaxau,False,active,2026-05-15,2026-05-15,SS=hns_ss-export-tld.20251226_20260107_translated_20260117.adapted.csv;HSD=hns_bob_tlds.csv,2026-05-15T21:54:27,False
andfish,,,False,,,,,r1f,False,active,2026-05-15,2026-05-15,SS=hns_ss-export-tld.20251226_20260107_translated_20260117.adapted.csv;HSD=hns_bob_tlds.csv,2026-05-15T21:54:27,False
andropogon,,,False,,,,,22catchall,False,active,2026-05-15,2026-05-15,SS=hns_ss-export-tld.20251226_20260107_translated_20260117.adapted.csv;HSD=hns_bob_tlds.csv,2026-05-15T21:54:27,False
anduramba,,,False,,,,,timaxau,False,active,2026-05-15,2026-05-15,SS=hns_ss-export-tld.20251226_20260107_translated_20260117.adapted.csv;HSD=hns_bob_tlds.csv,2026-05-15T21:54:27,False
angellala,,,False,,,,,timaxau,False,active,2026-05-15,2026-05-15,SS=hns_ss-export-tld.20251226_20260107_translated_20260117.adapted.csv;HSD=hns_bob_tlds.csv,2026-05-15T21:54:27,False
angerdao,,,False,,,,,22catchall,False,active,2026-05-15,2026-05-15,SS=hns_ss-export-tld.20251226_20260107_translated_20260117.adapted.csv;HSD=hns_bob_tlds.csv,2026-05-15T21:54:27,False
anglephone,,,False,,,,,22catchall,False,active,2026-05-15,2026-05-15,SS=hns_ss-export-tld.20251226_20260107_translated_20260117.adapted.csv;HSD=hns_bob_tlds.csv,2026-05-15T21:54:27,False
angleworm,,,False,,,,,tim4sk,False,active,2026-05-15,2026-05-15,SS=hns_ss-export-tld.20251226_20260107_translated_20260117.adapted.csv;HSD=hns_bob_tlds.csv,2026-05-15T21:54:27,False
anglings,,,False,,,,,tim4sk,False,active,2026-05-15,2026-05-15,SS=hns_ss-export-tld.20251226_20260107_translated_20260117.adapted.csv;HSD=hns_bob_tlds.csv,2026-05-15T21:54:27,False
angourie,,,False,,,,,timaxau,False,active,2026-05-15,2026-05-15,SS=hns_ss-export-tld.20251226_20260107_translated_20260117.adapted.csv;HSD=hns_bob_tlds.csv,2026-05-15T21:54:27,False
animaltreatment,,,False,,,,,tim4sk,False,active,2026-05-15,2026-05-15,SS=hns_ss-export-tld.20251226_20260107_translated_20260117.adapted.csv;HSD=hns_bob_tlds.csv,2026-05-15T21:54:27,False
annualpasses,,,False,,,,,22catchall,False,active,2026-05-15,2026-05-15,SS=hns_ss-export-tld.20251226_20260107_translated_20260117.adapted.csv;HSD=hns_bob_tlds.csv,2026-05-15T21:54:27,False
annualsailingtrip,,,False,,,,,22catchall,False,active,2026-05-15,2026-05-15,SS=hns_ss-export-tld.20251226_20260107_translated_20260117.adapted.csv;HSD=hns_bob_tlds.csv,2026-05-15T21:54:27,False
anon-0,,,False,,,,,22catchall,False,active,2026-05-15,2026-05-15,SS=hns_ss-export-tld.20251226_20260107_translated_20260117.adapted.csv;HSD=hns_bob_tlds.csv,2026-05-15T21:54:27,False
anonko,,,False,,,,,22catchall,False,active,2026-05-15,2026-05-15,SS=hns_ss-export-tld.20251226_20260107_translated_20260117.adapted.csv;HSD=hns_bob_tlds.csv,2026-05-15T21:54:27,False
anonymo,,,False,,,,,22catchall,False,active,2026-05-15,2026-05-15,SS=hns_ss-export-tld.20251226_20260107_translated_20260117.adapted.csv;HSD=hns_bob_tlds.csv,2026-05-15T21:54:27,False
antigoyism,,,False,,,,,22catchall,False,active,2026-05-15,2026-05-15,SS=hns_ss-export-tld.20251226_20260107_translated_20260117.adapted.csv;HSD=hns_bob_tlds.csv,2026-05-15T21:54:27,False
antineutrality,,,False,,,,,22catchall,False,active,2026-05-15,2026-05-15,SS=hns_ss-export-tld.20251226_20260107_translated_20260117.adapted.csv;HSD=hns_bob_tlds.csv,2026-05-15T21:54:27,False
antipodes,,,False,,,,,hnsaucommunal,False,active,2026-05-15,2026-05-15,SS=hns_ss-export-tld.20251226_20260107_translated_20260117.adapted.csv;HSD=hns_bob_tlds.csv,2026-05-15T21:54:27,False
antispastic,,,False,,,,,22catchall,False,active,2026-05-15,2026-05-15,SS=hns_ss-export-tld.20251226_20260107_translated_20260117.adapted.csv;HSD=hns_bob_tlds.csv,2026-05-15T21:54:27,False
anyau,,,False,,,,,timaxau,False,active,2026-05-15,2026-05-15,SS=hns_ss-export-tld.20251226_20260107_translated_20260117.adapted.csv;HSD=hns_bob_tlds.csv,2026-05-15T21:54:27,False
anyos,,,False,,,,,tim4sk,False,active,2026-05-15,2026-05-15,SS=hns_ss-export-tld.20251226_20260107_translated_20260117.adapted.csv;HSD=hns_bob_tlds.csv,2026-05-15T21:54:27,False
apatetic,,,False,,,,,22catchall,False,active,2026-05-15,2026-05-15,SS=hns_ss-export-tld.20251226_20260107_translated_20260117.adapted.csv;HSD=hns_bob_tlds.csv,2026-05-15T21:54:27,False
apathism,,,False,,,,,22catchall,False,active,2026-05-15,2026-05-15,SS=hns_ss-export-tld.20251226_20260107_translated_20260117.adapted.csv;HSD=hns_bob_tlds.csv,2026-05-15T21:54:27,False
apidapps,,,False,,,,,22catchall,False,active,2026-05-15,2026-05-15,SS=hns_ss-export-tld.20251226_20260107_translated_20260117.adapted.csv;HSD=hns_bob_tlds.csv,2026-05-15T21:54:27,False
apigov,,,False,,,,,22catchall,False,active,2026-05-15,2026-05-15,SS=hns_ss-export-tld.20251226_20260107_translated_20260117.adapted.csv;HSD=hns_bob_tlds.csv,2026-05-15T21:54:27,False
apisweb,,,False,,,,,22catchall,False,active,2026-05-15,2026-05-15,SS=hns_ss-export-tld.20251226_20260107_translated_20260117.adapted.csv;HSD=hns_bob_tlds.csv,2026-05-15T21:54:27,False
appdown,,,False,,,,,22catchall,False,active,2026-05-15,2026-05-15,SS=hns_ss-export-tld.20251226_20260107_translated_20260117.adapted.csv;HSD=hns_bob_tlds.csv,2026-05-15T21:54:27,False
apphoto,,,False,,,,,22catchall,False,active,2026-05-15,2026-05-15,SS=hns_ss-export-tld.20251226_20260107_translated_20260117.adapted.csv;HSD=hns_bob_tlds.csv,2026-05-15T21:54:27,False
appletreecreek,,,False,,,,,timaxau,False,active,2026-05-15,2026-05-15,SS=hns_ss-export-tld.20251226_20260107_translated_20260117.adapted.csv;HSD=hns_bob_tlds.csv,2026-05-15T21:54:27,False
appletreeflat,,,False,,,,,timaxau,False,active,2026-05-15,2026-05-15,SS=hns_ss-export-tld.20251226_20260107_translated_20260117.adapted.csv;HSD=hns_bob_tlds.csv,2026-05-15T21:54:27,False
apqi,,,False,,,,,tim4sk,False,active,2026-05-15,2026-05-15,SS=hns_ss-export-tld.20251226_20260107_translated_20260117.adapted.csv;HSD=hns_bob_tlds.csv,2026-05-15T21:54:27,False
aptea,,,False,,,,,12tea,False,active,2026-05-15,2026-05-15,SS=hns_ss-export-tld.20251226_20260107_translated_20260117.adapted.csv;HSD=hns_bob_tlds.csv,2026-05-15T21:54:27,False
apttea,,,False,,,,,12tea,False,active,2026-05-15,2026-05-15,SS=hns_ss-export-tld.20251226_20260107_translated_20260117.adapted.csv;HSD=hns_bob_tlds.csv,2026-05-15T21:54:27,False
aquastick,,,False,,,,,22catchall,False,active,2026-05-15,2026-05-15,SS=hns_ss-export-tld.20251226_20260107_translated_20260117.adapted.csv;HSD=hns_bob_tlds.csv,2026-05-15T21:54:27,False
aquasurge,,,False,,,,,22catchall,False,active,2026-05-15,2026-05-15,SS=hns_ss-export-tld.20251226_20260107_translated_20260117.adapted.csv;HSD=hns_bob_tlds.csv,2026-05-15T21:54:27,False
ar-j,,,False,,,,,r1f,False,active,2026-05-15,2026-05-15,SS=hns_ss-export-tld.20251226_20260107_translated_20260117.adapted.csv;HSD=hns_bob_tlds.csv,2026-05-15T21:54:27,False
arakoon,,,False,,,,,timaxau,False,active,2026-05-15,2026-05-15,SS=hns_ss-export-tld.20251226_20260107_translated_20260117.adapted.csv;HSD=hns_bob_tlds.csv,2026-05-15T21:54:27,False
arasinda,,,False,,,,,22catchall,False,active,2026-05-15,2026-05-15,SS=hns_ss-export-tld.20251226_20260107_translated_20260117.adapted.csv;HSD=hns_bob_tlds.csv,2026-05-15T21:54:27,False
aratula,,,False,,,,,timaxau,False,active,2026-05-15,2026-05-15,SS=hns_ss-export-tld.20251226_20260107_translated_20260117.adapted.csv;HSD=hns_bob_tlds.csv,2026-05-15T21:54:27,False
ardmona,,,False,,,,,timaxau,False,active,2026-05-15,2026-05-15,SS=hns_ss-export-tld.20251226_20260107_translated_20260117.adapted.csv;HSD=hns_bob_tlds.csv,2026-05-15T21:54:27,False
areadinho,,,False,,,,,22catchall,False,active,2026-05-15,2026-05-15,SS=hns_ss-export-tld.20251226_20260107_translated_20260117.adapted.csv;HSD=hns_bob_tlds.csv,2026-05-15T21:54:27,False
areopolis,,,False,,,,,22catchall,False,active,2026-05-15,2026-05-15,SS=hns_ss-export-tld.20251226_20260107_translated_20260117.adapted.csv;HSD=hns_bob_tlds.csv,2026-05-15T21:54:27,False
arjayef,,,False,,,,,r1f,False,active,2026-05-15,2026-05-15,SS=hns_ss-export-tld.20251226_20260107_translated_20260117.adapted.csv;HSD=hns_bob_tlds.csv,2026-05-15T21:54:27,False
armyboats,,,False,,,,,22catchall,False,active,2026-05-15,2026-05-15,SS=hns_ss-export-tld.20251226_20260107_translated_20260117.adapted.csv;HSD=hns_bob_tlds.csv,2026-05-15T21:54:27,False
armything,,,False,,,,,22catchall,False,active,2026-05-15,2026-05-15,SS=hns_ss-export-tld.20251226_20260107_translated_20260117.adapted.csv;HSD=hns_bob_tlds.csv,2026-05-15T21:54:27,False
arofo,,,False,,,,,tim4sk,False,active,2026-05-15,2026-05-15,SS=hns_ss-export-tld.20251226_20260107_translated_20260117.adapted.csv;HSD=hns_bob_tlds.csv,2026-05-15T21:54:27,False
arossa,,,False,,,,,22catchall,False,active,2026-05-15,2026-05-15,SS=hns_ss-export-tld.20251226_20260107_translated_20260117.adapted.csv;HSD=hns_bob_tlds.csv,2026-05-15T21:54:27,False
aroundtoit,,,False,,,,,tim4sk,False,active,2026-05-15,2026-05-15,SS=hns_ss-export-tld.20251226_20260107_translated_20260117.adapted.csv;HSD=hns_bob_tlds.csv,2026-05-15T21:54:27,False
arrawarra,,,False,,,,,timaxau,False,active,2026-05-15,2026-05-15,SS=hns_ss-export-tld.20251226_20260107_translated_20260117.adapted.csv;HSD=hns_bob_tlds.csv,2026-05-15T21:54:27,False
arreios,,,False,,,,,22catchall,False,active,2026-05-15,2026-05-15,SS=hns_ss-export-tld.20251226_20260107_translated_20260117.adapted.csv;HSD=hns_bob_tlds.csv,2026-05-15T21:54:27,False
arsit,,,False,5L,,,,22catchall,False,active,2026-05-15,2026-05-15,SS=hns_ss-export-tld.20251226_20260107_translated_20260117.adapted.csv;HSD=hns_bob_tlds.csv,2026-05-15T21:54:27,False
arthurriver,,,False,,,,,timaxau,False,active,2026-05-15,2026-05-15,SS=hns_ss-export-tld.20251226_20260107_translated_20260117.adapted.csv;HSD=hns_bob_tlds.csv,2026-05-15T21:54:27,False
artjpeg,,,False,,,,,22catchall,False,active,2026-05-15,2026-05-15,SS=hns_ss-export-tld.20251226_20260107_translated_20260117.adapted.csv;HSD=hns_bob_tlds.csv,2026-05-15T21:54:27,False
artomatix,,,False,,,,,22catchall,False,active,2026-05-15,2026-05-15,SS=hns_ss-export-tld.20251226_20260107_translated_20260117.adapted.csv;HSD=hns_bob_tlds.csv,2026-05-15T21:54:27,False
asiancow,,,False,,,,,22catchall,False,active,2026-05-15,2026-05-15,SS=hns_ss-export-tld.20251226_20260107_translated_20260117.adapted.csv;HSD=hns_bob_tlds.csv,2026-05-15T21:54:27,False
askforthetruth,,,False,,,,,k1f,False,active,2026-05-15,2026-05-15,SS=hns_ss-export-tld.20251226_20260107_translated_20260117.adapted.csv;HSD=hns_bob_tlds.csv,2026-05-15T21:54:27,False
asnau,,,False,,,,,22catchall,False,active,2026-05-15,2026-05-15,SS=hns_ss-export-tld.20251226_20260107_translated_20260117.adapted.csv;HSD=hns_bob_tlds.csv,2026-05-15T21:54:27,False
aspley,,,False,,,,,timaxau,False,active,2026-05-15,2026-05-15,SS=hns_ss-export-tld.20251226_20260107_translated_20260117.adapted.csv;HSD=hns_bob_tlds.csv,2026-05-15T21:54:27,False
assio,,,False,,,,,22catchall,False,active,2026-05-15,2026-05-15,SS=hns_ss-export-tld.20251226_20260107_translated_20260117.adapted.csv;HSD=hns_bob_tlds.csv,2026-05-15T21:54:27,False
atdusk,,,False,,,,,22catchall,False,active,2026-05-15,2026-05-15,SS=hns_ss-export-tld.20251226_20260107_translated_20260117.adapted.csv;HSD=hns_bob_tlds.csv,2026-05-15T21:54:27,False
attenday,,,False,,,,,tim4sk,False,active,2026-05-15,2026-05-15,SS=hns_ss-export-tld.20251226_20260107_translated_20260117.adapted.csv;HSD=hns_bob_tlds.csv,2026-05-15T21:54:27,False
attheend,,,False,,,,,tim4sk,False,active,2026-05-15,2026-05-15,SS=hns_ss-export-tld.20251226_20260107_translated_20260117.adapted.csv;HSD=hns_bob_tlds.csv,2026-05-15T21:54:27,False
attractivist,,,False,,,,,22catchall,False,active,2026-05-15,2026-05-15,SS=hns_ss-export-tld.20251226_20260107_translated_20260117.adapted.csv;HSD=hns_bob_tlds.csv,2026-05-15T21:54:27,False
au-1,,,False,,,,,timaxau,False,active,2026-05-15,2026-05-15,SS=hns_ss-export-tld.20251226_20260107_translated_20260117.adapted.csv;HSD=hns_bob_tlds.csv,2026-05-15T21:54:27,False
au02,,,False,,,,,timaxau,False,active,2026-05-15,2026-05-15,SS=hns_ss-export-tld.20251226_20260107_translated_20260117.adapted.csv;HSD=hns_bob_tlds.csv,2026-05-15T21:54:27,False
au03,,,False,,,,,timaxau,False,active,2026-05-15,2026-05-15,SS=hns_ss-export-tld.20251226_20260107_translated_20260117.adapted.csv;HSD=hns_bob_tlds.csv,2026-05-15T21:54:27,False
au06,,,False,,,,,timaxau,False,active,2026-05-15,2026-05-15,SS=hns_ss-export-tld.20251226_20260107_translated_20260117.adapted.csv;HSD=hns_bob_tlds.csv,2026-05-15T21:54:27,False
au08,,,False,,,,,timaxau,False,active,2026-05-15,2026-05-15,SS=hns_ss-export-tld.20251226_20260107_translated_20260117.adapted.csv;HSD=hns_bob_tlds.csv,2026-05-15T21:54:27,False
au10,,,False,,,,,timaxau,False,active,2026-05-15,2026-05-15,SS=hns_ss-export-tld.20251226_20260107_translated_20260117.adapted.csv;HSD=hns_bob_tlds.csv,2026-05-15T21:54:27,False
au12,,,False,,,,,timaxau,False,active,2026-05-15,2026-05-15,SS=hns_ss-export-tld.20251226_20260107_translated_20260117.adapted.csv;HSD=hns_bob_tlds.csv,2026-05-15T21:54:27,False
au13,,,False,,,,,timaxau,False,active,2026-05-15,2026-05-15,SS=hns_ss-export-tld.20251226_20260107_translated_20260117.adapted.csv;HSD=hns_bob_tlds.csv,2026-05-15T21:54:27,False
au14,,,False,,,,,timaxau,False,active,2026-05-15,2026-05-15,SS=hns_ss-export-tld.20251226_20260107_translated_20260117.adapted.csv;HSD=hns_bob_tlds.csv,2026-05-15T21:54:27,False
au17,,,False,,,,,timaxau,False,active,2026-05-15,2026-05-15,SS=hns_ss-export-tld.20251226_20260107_translated_20260117.adapted.csv;HSD=hns_bob_tlds.csv,2026-05-15T21:54:27,False
au19,,,False,,,,,timaxau,False,active,2026-05-15,2026-05-15,SS=hns_ss-export-tld.20251226_20260107_translated_20260117.adapted.csv;HSD=hns_bob_tlds.csv,2026-05-15T21:54:27,False
au4ua,,,False,,,,,timaxau,False,active,2026-05-15,2026-05-15,SS=hns_ss-export-tld.20251226_20260107_translated_20260117.adapted.csv;HSD=hns_bob_tlds.csv,2026-05-15T21:54:27,False
auauau,,,False,,,,,timaxau,False,active,2026-05-15,2026-05-15,SS=hns_ss-export-tld.20251226_20260107_translated_20260117.adapted.csv;HSD=hns_bob_tlds.csv,2026-05-15T21:54:27,False
aubril,,,False,,,,,timaxau,False,active,2026-05-15,2026-05-15,SS=hns_ss-export-tld.20251226_20260107_translated_20260117.adapted.csv;HSD=hns_bob_tlds.csv,2026-05-15T21:54:27,False
auburnwa,,,False,,,,,timaxau,False,active,2026-05-15,2026-05-15,SS=hns_ss-export-tld.20251226_20260107_translated_20260117.adapted.csv;HSD=hns_bob_tlds.csv,2026-05-15T21:54:27,False
aucab,,,False,,,,,timaxau,False,active,2026-05-15,2026-05-15,SS=hns_ss-export-tld.20251226_20260107_translated_20260117.adapted.csv;HSD=hns_bob_tlds.csv,2026-05-15T21:54:27,False
auctionaz,,,False,,,,,timaxau,False,active,2026-05-15,2026-05-15,SS=hns_ss-export-tld.20251226_20260107_translated_20260117.adapted.csv;HSD=hns_bob_tlds.csv,2026-05-15T21:54:27,False
aud1,,,False,,,,,22catchall,False,active,2026-05-15,2026-05-15,SS=hns_ss-export-tld.20251226_20260107_translated_20260117.adapted.csv;HSD=hns_bob_tlds.csv,2026-05-15T21:54:27,False
auda,,,False,,,,,timaxau,False,active,2026-05-15,2026-05-15,SS=hns_ss-export-tld.20251226_20260107_translated_20260117.adapted.csv;HSD=hns_bob_tlds.csv,2026-05-15T21:54:27,False
audiks,,,False,,,,,timaxau,False,active,2026-05-15,2026-05-15,SS=hns_ss-export-tld.20251226_20260107_translated_20260117.adapted.csv;HSD=hns_bob_tlds.csv,2026-05-15T21:54:27,False
audim,,,False,,,,,timaxau,False,active,2026-05-15,2026-05-15,SS=hns_ss-export-tld.20251226_20260107_translated_20260117.adapted.csv;HSD=hns_bob_tlds.csv,2026-05-15T21:54:27,False
audims,,,False,,,,,timaxau,False,active,2026-05-15,2026-05-15,SS=hns_ss-export-tld.20251226_20260107_translated_20260117.adapted.csv;HSD=hns_bob_tlds.csv,2026-05-15T21:54:27,False
audinc,,,False,,,,,timaxau,False,active,2026-05-15,2026-05-15,SS=hns_ss-export-tld.20251226_20260107_translated_20260117.adapted.csv;HSD=hns_bob_tlds.csv,2026-05-15T21:54:27,False
audinv,,,False,,,,,timaxau,False,active,2026-05-15,2026-05-15,SS=hns_ss-export-tld.20251226_20260107_translated_20260117.adapted.csv;HSD=hns_bob_tlds.csv,2026-05-15T21:54:27,False
audir,,,False,,,,,22catchall,False,active,2026-05-15,2026-05-15,SS=hns_ss-export-tld.20251226_20260107_translated_20260117.adapted.csv;HSD=hns_bob_tlds.csv,2026-05-15T21:54:27,False
audwallet,,,False,,,,,timaxau,False,active,2026-05-15,2026-05-15,SS=hns_ss-export-tld.20251226_20260107_translated_20260117.adapted.csv;HSD=hns_bob_tlds.csv,2026-05-15T21:54:27,False
augathella,,,False,,,,,timaxau,False,active,2026-05-15,2026-05-15,SS=hns_ss-export-tld.20251226_20260107_translated_20260117.adapted.csv;HSD=hns_bob_tlds.csv,2026-05-15T21:54:27,False
augly,,,False,,,,,timaxau,False,active,2026-05-15,2026-05-15,SS=hns_ss-export-tld.20251226_20260107_translated_20260117.adapted.csv;HSD=hns_bob_tlds.csv,2026-05-15T21:54:27,False
auhns,,,False,,,,,tim4sk,False,active,2026-05-15,2026-05-15,SS=hns_ss-export-tld.20251226_20260107_translated_20260117.adapted.csv;HSD=hns_bob_tlds.csv,2026-05-15T21:54:27,False
aukik,,,False,,,,,timaxau,False,active,2026-05-15,2026-05-15,SS=hns_ss-export-tld.20251226_20260107_translated_20260117.adapted.csv;HSD=hns_bob_tlds.csv,2026-05-15T21:54:27,False
aulaw,,,False,,,,,timaxau,False,active,2026-05-15,2026-05-15,SS=hns_ss-export-tld.20251226_20260107_translated_20260117.adapted.csv;HSD=hns_bob_tlds.csv,2026-05-15T21:54:27,False
aulimited,,,False,,,,,timaxau,False,active,2026-05-15,2026-05-15,SS=hns_ss-export-tld.20251226_20260107_translated_20260117.adapted.csv;HSD=hns_bob_tlds.csv,2026-05-15T21:54:27,False
aurua,,,False,,,,,timaxau,False,active,2026-05-15,2026-05-15,SS=hns_ss-export-tld.20251226_20260107_translated_20260117.adapted.csv;HSD=hns_bob_tlds.csv,2026-05-15T21:54:27,False
aus0,,,False,,,,,timaxau,False,active,2026-05-15,2026-05-15,SS=hns_ss-export-tld.20251226_20260107_translated_20260117.adapted.csv;HSD=hns_bob_tlds.csv,2026-05-15T21:54:27,False
aus00,,,False,,,,,timaxau,False,active,2026-05-15,2026-05-15,SS=hns_ss-export-tld.20251226_20260107_translated_20260117.adapted.csv;HSD=hns_bob_tlds.csv,2026-05-15T21:54:27,False
aus01,,,False,,,,,timaxau,False,active,2026-05-15,2026-05-15,SS=hns_ss-export-tld.20251226_20260107_translated_20260117.adapted.csv;HSD=hns_bob_tlds.csv,2026-05-15T21:54:27,False
aus02,,,False,,,,,timaxau,False,active,2026-05-15,2026-05-15,SS=hns_ss-export-tld.20251226_20260107_translated_20260117.adapted.csv;HSD=hns_bob_tlds.csv,2026-05-15T21:54:27,False
aus09,,,False,,,,,timaxau,False,active,2026-05-15,2026-05-15,SS=hns_ss-export-tld.20251226_20260107_translated_20260117.adapted.csv;HSD=hns_bob_tlds.csv,2026-05-15T21:54:27,False
aus69,,,False,,,,,timaxau,False,active,2026-05-15,2026-05-15,SS=hns_ss-export-tld.20251226_20260107_translated_20260117.adapted.csv;HSD=hns_bob_tlds.csv,2026-05-15T21:54:27,False
aus88,,,False,,,,,timaxau,False,active,2026-05-15,2026-05-15,SS=hns_ss-export-tld.20251226_20260107_translated_20260117.adapted.csv;HSD=hns_bob_tlds.csv,2026-05-15T21:54:27,False
ausbank,,,False,,,,,timaxau,False,active,2026-05-15,2026-05-15,SS=hns_ss-export-tld.20251226_20260107_translated_20260117.adapted.csv;HSD=hns_bob_tlds.csv,2026-05-15T21:54:27,False
ausemail,,,False,,,,,timaxau,False,active,2026-05-15,2026-05-15,SS=hns_ss-export-tld.20251226_20260107_translated_20260117.adapted.csv;HSD=hns_bob_tlds.csv,2026-05-15T21:54:27,False
auses,,,False,,,,,timaxau,False,active,2026-05-15,2026-05-15,SS=hns_ss-export-tld.20251226_20260107_translated_20260117.adapted.csv;HSD=hns_bob_tlds.csv,2026-05-15T21:54:27,False
aushaker,,,False,,,,,tim4sk,False,active,2026-05-15,2026-05-15,SS=hns_ss-export-tld.20251226_20260107_translated_20260117.adapted.csv;HSD=hns_bob_tlds.csv,2026-05-15T21:54:27,False
auski,,,False,,,,,timaxau,False,active,2026-05-15,2026-05-15,SS=hns_ss-export-tld.20251226_20260107_translated_20260117.adapted.csv;HSD=hns_bob_tlds.csv,2026-05-15T21:54:27,False
ausld,,,False,,,,,timaxau,False,active,2026-05-15,2026-05-15,SS=hns_ss-export-tld.20251226_20260107_translated_20260117.adapted.csv;HSD=hns_bob_tlds.csv,2026-05-15T21:54:27,False
auslds,,,False,,,,,timaxau,False,active,2026-05-15,2026-05-15,SS=hns_ss-export-tld.20251226_20260107_translated_20260117.adapted.csv;HSD=hns_bob_tlds.csv,2026-05-15T21:54:27,False
auslend,,,False,,,,,timaxau,False,active,2026-05-15,2026-05-15,SS=hns_ss-export-tld.20251226_20260107_translated_20260117.adapted.csv;HSD=hns_bob_tlds.csv,2026-05-15T21:54:27,False
aussie1,,,False,,,,,timaxau,False,active,2026-05-15,2026-05-15,SS=hns_ss-export-tld.20251226_20260107_translated_20260117.adapted.csv;HSD=hns_bob_tlds.csv,2026-05-15T21:54:27,False
aussieaussieaussie,,,False,,,,,timaxau,False,active,2026-05-15,2026-05-15,SS=hns_ss-export-tld.20251226_20260107_translated_20260117.adapted.csv;HSD=hns_bob_tlds.csv,2026-05-15T21:54:27,False
aussiebankco,,,False,,,,,timaxau,False,active,2026-05-15,2026-05-15,SS=hns_ss-export-tld.20251226_20260107_translated_20260117.adapted.csv;HSD=hns_bob_tlds.csv,2026-05-15T21:54:27,False
aussiebattler,,,False,,,,,timaxau,False,active,2026-05-15,2026-05-15,SS=hns_ss-export-tld.20251226_20260107_translated_20260117.adapted.csv;HSD=hns_bob_tlds.csv,2026-05-15T21:54:27,False
aussiehandshaker,,,False,,,,,tim4sk,False,active,2026-05-15,2026-05-15,SS=hns_ss-export-tld.20251226_20260107_translated_20260117.adapted.csv;HSD=hns_bob_tlds.csv,2026-05-15T21:54:27,False
aussiesalute,,,False,,,,,timaxau,False,active,2026-05-15,2026-05-15,SS=hns_ss-export-tld.20251226_20260107_translated_20260117.adapted.csv;HSD=hns_bob_tlds.csv,2026-05-15T21:54:27,False
aussieshaker,,,False,,,,,tim4sk,False,active,2026-05-15,2026-05-15,SS=hns_ss-export-tld.20251226_20260107_translated_20260117.adapted.csv;HSD=hns_bob_tlds.csv,2026-05-15T21:54:27,False
aussiewhale,,,False,,,,,22catchall,False,active,2026-05-15,2026-05-15,SS=hns_ss-export-tld.20251226_20260107_translated_20260117.adapted.csv;HSD=hns_bob_tlds.csv,2026-05-15T21:54:27,False
austim,,,False,,,,,timaxau,False,active,2026-05-15,2026-05-15,SS=hns_ss-export-tld.20251226_20260107_translated_20260117.adapted.csv;HSD=hns_bob_tlds.csv,2026-05-15T21:54:27,False
austr,,,False,,,,,timaxau,False,active,2026-05-15,2026-05-15,SS=hns_ss-export-tld.20251226_20260107_translated_20260117.adapted.csv;HSD=hns_bob_tlds.csv,2026-05-15T21:54:27,False
australia3,,,False,,,,,timaxau,False,active,2026-05-15,2026-05-15,SS=hns_ss-export-tld.20251226_20260107_translated_20260117.adapted.csv;HSD=hns_bob_tlds.csv,2026-05-15T21:54:27,False
australiakangaroo,,,False,,,,,timaxau,False,active,2026-05-15,2026-05-15,SS=hns_ss-export-tld.20251226_20260107_translated_20260117.adapted.csv;HSD=hns_bob_tlds.csv,2026-05-15T21:54:27,False
australian_people,,,False,,,,,timaxau,False,active,2026-05-15,2026-05-15,SS=hns_ss-export-tld.20251226_20260107_translated_20260117.adapted.csv;HSD=hns_bob_tlds.csv,2026-05-15T21:54:27,False
australianantarcticterritory,,,False,,,,,timaxau,False,active,2026-05-15,2026-05-15,SS=hns_ss-export-tld.20251226_20260107_translated_20260117.adapted.csv;HSD=hns_bob_tlds.csv,2026-05-15T21:54:27,False
australianfederalgovernment,,,False,,,,,22catchall,False,active,2026-05-15,2026-05-15,SS=hns_ss-export-tld.20251226_20260107_translated_20260117.adapted.csv;HSD=hns_bob_tlds.csv,2026-05-15T21:54:27,False
australianfish,,,False,,,,,tim4sk,False,active,2026-05-15,2026-05-15,SS=hns_ss-export-tld.20251226_20260107_translated_20260117.adapted.csv;HSD=hns_bob_tlds.csv,2026-05-15T21:54:27,False
australiangrown,,,False,,,,,22catchall,False,active,2026-05-15,2026-05-15,SS=hns_ss-export-tld.20251226_20260107_translated_20260117.adapted.csv;HSD=hns_bob_tlds.csv,2026-05-15T21:54:27,False
australianhat,,,False,,,,,timaxau,False,active,2026-05-15,2026-05-15,SS=hns_ss-export-tld.20251226_20260107_translated_20260117.adapted.csv;HSD=hns_bob_tlds.csv,2026-05-15T21:54:27,False
australianism,,,False,,,,,hnsaucommunal,False,active,2026-05-15,2026-05-15,SS=hns_ss-export-tld.20251226_20260107_translated_20260117.adapted.csv;HSD=hns_bob_tlds.csv,2026-05-15T21:54:27,False
australianlotto,,,False,,,,,tim4sk,False,active,2026-05-15,2026-05-15,SS=hns_ss-export-tld.20251226_20260107_translated_20260117.adapted.csv;HSD=hns_bob_tlds.csv,2026-05-15T21:54:27,False
australianrulesfootball,,,False,,,,,timaxau,False,active,2026-05-15,2026-05-15,SS=hns_ss-export-tld.20251226_20260107_translated_20260117.adapted.csv;HSD=hns_bob_tlds.csv,2026-05-15T21:54:27,False
australiantaxoffice,,,False,,,,,22catchall,False,active,2026-05-15,2026-05-15,SS=hns_ss-export-tld.20251226_20260107_translated_20260117.adapted.csv;HSD=hns_bob_tlds.csv,2026-05-15T21:54:27,False
australiantourism,,,False,,,,,22catchall,False,active,2026-05-15,2026-05-15,SS=hns_ss-export-tld.20251226_20260107_translated_20260117.adapted.csv;HSD=hns_bob_tlds.csv,2026-05-15T21:54:27,False
australianunitycom,,,False,,,,,timaxau,False,active,2026-05-15,2026-05-15,SS=hns_ss-export-tld.20251226_20260107_translated_20260117.adapted.csv;HSD=hns_bob_tlds.csv,2026-05-15T21:54:27,False
australiaplains,,,False,,,,,timaxau,False,active,2026-05-15,2026-05-15,SS=hns_ss-export-tld.20251226_20260107_translated_20260117.adapted.csv;HSD=hns_bob_tlds.csv,2026-05-15T21:54:27,False
australic,,,False,,,,,timaxau,False,active,2026-05-15,2026-05-15,SS=hns_ss-export-tld.20251226_20260107_translated_20260117.adapted.csv;HSD=hns_bob_tlds.csv,2026-05-15T21:54:27,False
australienflug,,,False,,,,,timaxau,False,active,2026-05-15,2026-05-15,SS=hns_ss-export-tld.20251226_20260107_translated_20260117.adapted.csv;HSD=hns_bob_tlds.csv,2026-05-15T21:54:27,False
austry,,,False,,,,,timaxau,False,active,2026-05-15,2026-05-15,SS=hns_ss-export-tld.20251226_20260107_translated_20260117.adapted.csv;HSD=hns_bob_tlds.csv,2026-05-15T21:54:27,False
austy,,,False,,,,,timaxau,False,active,2026-05-15,2026-05-15,SS=hns_ss-export-tld.20251226_20260107_translated_20260117.adapted.csv;HSD=hns_bob_tlds.csv,2026-05-15T21:54:27,False
authpass,,,False,,,,,22catchall,False,active,2026-05-15,2026-05-15,SS=hns_ss-export-tld.20251226_20260107_translated_20260117.adapted.csv;HSD=hns_bob_tlds.csv,2026-05-15T21:54:27,False
authtools,,,False,,,,,22catchall,False,active,2026-05-15,2026-05-15,SS=hns_ss-export-tld.20251226_20260107_translated_20260117.adapted.csv;HSD=hns_bob_tlds.csv,2026-05-15T21:54:27,False
autim,,,False,,,,,tim4sk,False,active,2026-05-15,2026-05-15,SS=hns_ss-export-tld.20251226_20260107_translated_20260117.adapted.csv;HSD=hns_bob_tlds.csv,2026-05-15T21:54:27,False
autisminstitute,,,False,,,,,tim4sk,False,active,2026-05-15,2026-05-15,SS=hns_ss-export-tld.20251226_20260107_translated_20260117.adapted.csv;HSD=hns_bob_tlds.csv,2026-05-15T21:54:27,False
autismjob,,,False,,,,,tim4sk,False,active,2026-05-15,2026-05-15,SS=hns_ss-export-tld.20251226_20260107_translated_20260117.adapted.csv;HSD=hns_bob_tlds.csv,2026-05-15T21:54:27,False
autismlive,,,False,,,,,tim4sk,False,active,2026-05-15,2026-05-15,SS=hns_ss-export-tld.20251226_20260107_translated_20260117.adapted.csv;HSD=hns_bob_tlds.csv,2026-05-15T21:54:27,False
autismteacher,,,False,,,,,tim4sk,False,active,2026-05-15,2026-05-15,SS=hns_ss-export-tld.20251226_20260107_translated_20260117.adapted.csv;HSD=hns_bob_tlds.csv,2026-05-15T21:54:27,False
autismtherapy,,,False,,,,,tim4sk,False,active,2026-05-15,2026-05-15,SS=hns_ss-export-tld.20251226_20260107_translated_20260117.adapted.csv;HSD=hns_bob_tlds.csv,2026-05-15T21:54:27,False
autistica,,,False,,,,,k1f,False,active,2026-05-15,2026-05-15,SS=hns_ss-export-tld.20251226_20260107_translated_20260117.adapted.csv;HSD=hns_bob_tlds.csv,2026-05-15T21:54:27,False
autistress,,,False,,,,,22catchall,False,active,2026-05-15,2026-05-15,SS=hns_ss-export-tld.20251226_20260107_translated_20260117.adapted.csv;HSD=hns_bob_tlds.csv,2026-05-15T21:54:27,False
autrina,,,False,,,,,22catchall,False,active,2026-05-15,2026-05-15,SS=hns_ss-export-tld.20251226_20260107_translated_20260117.adapted.csv;HSD=hns_bob_tlds.csv,2026-05-15T21:54:27,False
auxilam,,,False,,,,,tim4sk,False,active,2026-05-15,2026-05-15,SS=hns_ss-export-tld.20251226_20260107_translated_20260117.adapted.csv;HSD=hns_bob_tlds.csv,2026-05-15T21:54:27,False
avoca,,,False,,,,,timaxau,False,active,2026-05-15,2026-05-15,SS=hns_ss-export-tld.20251226_20260107_translated_20260117.adapted.csv;HSD=hns_bob_tlds.csv,2026-05-15T21:54:27,False
awesomeboats,,,False,,,,,h2o,False,active,2026-05-15,2026-05-15,SS=hns_ss-export-tld.20251226_20260107_translated_20260117.adapted.csv;HSD=hns_bob_tlds.csv,2026-05-15T21:54:27,False
axalhub,,,False,,,,,timaxau,False,active,2026-05-15,2026-05-15,SS=hns_ss-export-tld.20251226_20260107_translated_20260117.adapted.csv;HSD=hns_bob_tlds.csv,2026-05-15T21:54:27,False
ayrampu,,,False,,,,,22catchall,False,active,2026-05-15,2026-05-15,SS=hns_ss-export-tld.20251226_20260107_translated_20260117.adapted.csv;HSD=hns_bob_tlds.csv,2026-05-15T21:54:27,False
azureness,,,False,,,,,22catchall,False,active,2026-05-15,2026-05-15,SS=hns_ss-export-tld.20251226_20260107_translated_20260117.adapted.csv;HSD=hns_bob_tlds.csv,2026-05-15T21:54:27,False
b-o-t,,,False,,,,,tim4sk,False,active,2026-05-15,2026-05-15,SS=hns_ss-export-tld.20251226_20260107_translated_20260117.adapted.csv;HSD=hns_bob_tlds.csv,2026-05-15T21:54:27,False
b414b,,,False,,,,,22catchall,False,active,2026-05-15,2026-05-15,SS=hns_ss-export-tld.20251226_20260107_translated_20260117.adapted.csv;HSD=hns_bob_tlds.csv,2026-05-15T21:54:27,False
b414d,,,False,,,,,22catchall,False,active,2026-05-15,2026-05-15,SS=hns_ss-export-tld.20251226_20260107_translated_20260117.adapted.csv;HSD=hns_bob_tlds.csv,2026-05-15T21:54:27,False
b4beach,,,False,,,,,timaxau,False,active,2026-05-15,2026-05-15,SS=hns_ss-export-tld.20251226_20260107_translated_20260117.adapted.csv;HSD=hns_bob_tlds.csv,2026-05-15T21:54:27,False
b4belief,,,False,,,,,22catchall,False,active,2026-05-15,2026-05-15,SS=hns_ss-export-tld.20251226_20260107_translated_20260117.adapted.csv;HSD=hns_bob_tlds.csv,2026-05-15T21:54:27,False
b4birth,,,False,,,,,22catchall,False,active,2026-05-15,2026-05-15,SS=hns_ss-export-tld.20251226_20260107_translated_20260117.adapted.csv;HSD=hns_bob_tlds.csv,2026-05-15T21:54:27,False
b4boat,,,False,,,,,22catchall,False,active,2026-05-15,2026-05-15,SS=hns_ss-export-tld.20251226_20260107_translated_20260117.adapted.csv;HSD=hns_bob_tlds.csv,2026-05-15T21:54:27,False
b4bush,,,False,,,,,timaxau,False,active,2026-05-15,2026-05-15,SS=hns_ss-export-tld.20251226_20260107_translated_20260117.adapted.csv;HSD=hns_bob_tlds.csv,2026-05-15T21:54:27,False
baby-killer,,,False,,,,,tim4sk,False,active,2026-05-15,2026-05-15,SS=hns_ss-export-tld.20251226_20260107_translated_20260117.adapted.csv;HSD=hns_bob_tlds.csv,2026-05-15T21:54:27,False
babykillers,,,False,,,,,tim4sk,False,active,2026-05-15,2026-05-15,SS=hns_ss-export-tld.20251226_20260107_translated_20260117.adapted.csv;HSD=hns_bob_tlds.csv,2026-05-15T21:54:27,False
bacchic,,,False,,,,,22catchall,False,active,2026-05-15,2026-05-15,SS=hns_ss-export-tld.20251226_20260107_translated_20260117.adapted.csv;HSD=hns_bob_tlds.csv,2026-05-15T21:54:27,False
bacillusanthracis,,,False,,,,,22catchall,False,active,2026-05-15,2026-05-15,SS=hns_ss-export-tld.20251226_20260107_translated_20260117.adapted.csv;HSD=hns_bob_tlds.csv,2026-05-15T21:54:27,False
backcreek,,,False,,,,,timaxau,False,active,2026-05-15,2026-05-15,SS=hns_ss-export-tld.20251226_20260107_translated_20260117.adapted.csv;HSD=hns_bob_tlds.csv,2026-05-15T21:54:27,False
backofbeyond,,,False,,,,,timaxau,False,active,2026-05-15,2026-05-15,SS=hns_ss-export-tld.20251226_20260107_translated_20260117.adapted.csv;HSD=hns_bob_tlds.csv,2026-05-15T21:54:27,False
baddeath,,,False,,,,,k1f,False,active,2026-05-15,2026-05-15,SS=hns_ss-export-tld.20251226_20260107_translated_20260117.adapted.csv;HSD=hns_bob_tlds.csv,2026-05-15T21:54:27,False
bafflecreek,,,False,,,,,timaxau,False,active,2026-05-15,2026-05-15,SS=hns_ss-export-tld.20251226_20260107_translated_20260117.adapted.csv;HSD=hns_bob_tlds.csv,2026-05-15T21:54:27,False
baitpump,,,False,,,,,22catchall,False,active,2026-05-15,2026-05-15,SS=hns_ss-export-tld.20251226_20260107_translated_20260117.adapted.csv;HSD=hns_bob_tlds.csv,2026-05-15T21:54:27,False
baldhills,,,False,,,,,timaxau,False,active,2026-05-15,2026-05-15,SS=hns_ss-export-tld.20251226_20260107_translated_20260117.adapted.csv;HSD=hns_bob_tlds.csv,2026-05-15T21:54:27,False
baldknob,,,False,,,,,timaxau,False,active,2026-05-15,2026-05-15,SS=hns_ss-export-tld.20251226_20260107_translated_20260117.adapted.csv;HSD=hns_bob_tlds.csv,2026-05-15T21:54:27,False
ballandean,,,False,,,,,timaxau,False,active,2026-05-15,2026-05-15,SS=hns_ss-export-tld.20251226_20260107_translated_20260117.adapted.csv;HSD=hns_bob_tlds.csv,2026-05-15T21:54:27,False
bambelo,,,False,,,,,tim4sk,False,active,2026-05-15,2026-05-15,SS=hns_ss-export-tld.20251226_20260107_translated_20260117.adapted.csv;HSD=hns_bob_tlds.csv,2026-05-15T21:54:27,False
bambos,,,False,,,,,22catchall,False,active,2026-05-15,2026-05-15,SS=hns_ss-export-tld.20251226_20260107_translated_20260117.adapted.csv;HSD=hns_bob_tlds.csv,2026-05-15T21:54:27,False
bamrush,,,False,,,,,tim4sk,False,active,2026-05-15,2026-05-15,SS=hns_ss-export-tld.20251226_20260107_translated_20260117.adapted.csv;HSD=hns_bob_tlds.csv,2026-05-15T21:54:27,False
bangerang,,,False,,,,,timaxau,False,active,2026-05-15,2026-05-15,SS=hns_ss-export-tld.20251226_20260107_translated_20260117.adapted.csv;HSD=hns_bob_tlds.csv,2026-05-15T21:54:27,False
bangtailmuster,,,False,,,,,22catchall,False,active,2026-05-15,2026-05-15,SS=hns_ss-export-tld.20251226_20260107_translated_20260117.adapted.csv;HSD=hns_bob_tlds.csv,2026-05-15T21:54:27,False
bankingtax,,,False,,,,,k1f,False,active,2026-05-15,2026-05-15,SS=hns_ss-export-tld.20251226_20260107_translated_20260117.adapted.csv;HSD=hns_bob_tlds.csv,2026-05-15T21:54:27,False
barbituism,,,False,,,,,22catchall,False,active,2026-05-15,2026-05-15,SS=hns_ss-export-tld.20251226_20260107_translated_20260117.adapted.csv;HSD=hns_bob_tlds.csv,2026-05-15T21:54:27,False
barcaldine,,,False,,,,,timaxau,False,active,2026-05-15,2026-05-15,SS=hns_ss-export-tld.20251226_20260107_translated_20260117.adapted.csv;HSD=hns_bob_tlds.csv,2026-05-15T21:54:27,False
bargara,,,False,,,,,timaxau,False,active,2026-05-15,2026-05-15,SS=hns_ss-export-tld.20251226_20260107_translated_20260117.adapted.csv;HSD=hns_bob_tlds.csv,2026-05-15T21:54:27,False
barkandpurr,,,False,,,,,tim4sk,False,active,2026-05-15,2026-05-15,SS=hns_ss-export-tld.20251226_20260107_translated_20260117.adapted.csv;HSD=hns_bob_tlds.csv,2026-05-15T21:54:27,False
barnap,,,False,,,,,22catchall,False,active,2026-05-15,2026-05-15,SS=hns_ss-export-tld.20251226_20260107_translated_20260117.adapted.csv;HSD=hns_bob_tlds.csv,2026-05-15T21:54:27,False
basedcolleges,,,False,,,,,22catchall,False,active,2026-05-15,2026-05-15,SS=hns_ss-export-tld.20251226_20260107_translated_20260117.adapted.csv;HSD=hns_bob_tlds.csv,2026-05-15T21:54:27,False
basicpets,,,False,,,,,22catchall,False,active,2026-05-15,2026-05-15,SS=hns_ss-export-tld.20251226_20260107_translated_20260117.adapted.csv;HSD=hns_bob_tlds.csv,2026-05-15T21:54:27,False
basketmaking,,,False,,,,,22catchall,False,active,2026-05-15,2026-05-15,SS=hns_ss-export-tld.20251226_20260107_translated_20260117.adapted.csv;HSD=hns_bob_tlds.csv,2026-05-15T21:54:27,False
batchid,,,False,,,,,tim4sk,False,active,2026-05-15,2026-05-15,SS=hns_ss-export-tld.20251226_20260107_translated_20260117.adapted.csv;HSD=hns_bob_tlds.csv,2026-05-15T21:54:27,False
bateaubay,,,False,,,,,timaxau,False,active,2026-05-15,2026-05-15,SS=hns_ss-export-tld.20251226_20260107_translated_20260117.adapted.csv;HSD=hns_bob_tlds.csv,2026-05-15T21:54:27,False
beachblog,,,False,,,,,h2o,False,active,2026-05-15,2026-05-15,SS=hns_ss-export-tld.20251226_20260107_translated_20260117.adapted.csv;HSD=hns_bob_tlds.csv,2026-05-15T21:54:27,False
beachcomberfinds,,,False,,,,,h2o,False,active,2026-05-15,2026-05-15,SS=hns_ss-export-tld.20251226_20260107_translated_20260117.adapted.csv;HSD=hns_bob_tlds.csv,2026-05-15T21:54:27,False
beachease,,,False,,,,,22catchall,False,active,2026-05-15,2026-05-15,SS=hns_ss-export-tld.20251226_20260107_translated_20260117.adapted.csv;HSD=hns_bob_tlds.csv,2026-05-15T21:54:27,False
beachmere,,,False,,,,,timaxau,False,active,2026-05-15,2026-05-15,SS=hns_ss-export-tld.20251226_20260107_translated_20260117.adapted.csv;HSD=hns_bob_tlds.csv,2026-05-15T21:54:27,False
beachphotos,,,False,,,,,22catchall,False,active,2026-05-15,2026-05-15,SS=hns_ss-export-tld.20251226_20260107_translated_20260117.adapted.csv;HSD=hns_bob_tlds.csv,2026-05-15T21:54:27,False
beakbuddy,,,False,,,,,k1f,False,active,2026-05-15,2026-05-15,SS=hns_ss-export-tld.20251226_20260107_translated_20260117.adapted.csv;HSD=hns_bob_tlds.csv,2026-05-15T21:54:27,False
beallfor,,,False,,,,,22catchall,False,active,2026-05-15,2026-05-15,SS=hns_ss-export-tld.20251226_20260107_translated_20260117.adapted.csv;HSD=hns_bob_tlds.csv,2026-05-15T21:54:27,False
beardtree,,,False,,,,,tim4sk,False,active,2026-05-15,2026-05-15,SS=hns_ss-export-tld.20251226_20260107_translated_20260117.adapted.csv;HSD=hns_bob_tlds.csv,2026-05-15T21:54:27,False
beardworm,,,False,,,,,timaxau,False,active,2026-05-15,2026-05-15,SS=hns_ss-export-tld.20251226_20260107_translated_20260117.adapted.csv;HSD=hns_bob_tlds.csv,2026-05-15T21:54:27,False
beastepic,,,False,,,,,22catchall,False,active,2026-05-15,2026-05-15,SS=hns_ss-export-tld.20251226_20260107_translated_20260117.adapted.csv;HSD=hns_bob_tlds.csv,2026-05-15T21:54:27,False
beaudesert,,,False,,,,,timaxau,False,active,2026-05-15,2026-05-15,SS=hns_ss-export-tld.20251226_20260107_translated_20260117.adapted.csv;HSD=hns_bob_tlds.csv,2026-05-15T21:54:27,False
bedknobsandbroomsticks,,,False,,,,,22catchall,False,active,2026-05-15,2026-05-15,SS=hns_ss-export-tld.20251226_20260107_translated_20260117.adapted.csv;HSD=hns_bob_tlds.csv,2026-05-15T21:54:27,False
beechmont,,,False,,,,,timaxau,False,active,2026-05-15,2026-05-15,SS=hns_ss-export-tld.20251226_20260107_translated_20260117.adapted.csv;HSD=hns_bob_tlds.csv,2026-05-15T21:54:27,False
beenleigh,,,False,,,,,timaxau,False,active,2026-05-15,2026-05-15,SS=hns_ss-export-tld.20251226_20260107_translated_20260117.adapted.csv;HSD=hns_bob_tlds.csv,2026-05-15T21:54:27,False
beerburrum,,,False,,,,,timaxau,False,active,2026-05-15,2026-05-15,SS=hns_ss-export-tld.20251226_20260107_translated_20260117.adapted.csv;HSD=hns_bob_tlds.csv,2026-05-15T21:54:27,False
bellare,,,False,,,,,22catchall,False,active,2026-05-15,2026-05-15,SS=hns_ss-export-tld.20251226_20260107_translated_20260117.adapted.csv;HSD=hns_bob_tlds.csv,2026-05-15T21:54:27,False
benarkin,,,False,,,,,timaxau,False,active,2026-05-15,2026-05-15,SS=hns_ss-export-tld.20251226_20260107_translated_20260117.adapted.csv;HSD=hns_bob_tlds.csv,2026-05-15T21:54:27,False
benegligent,,,False,,,,,tim4sk,False,active,2026-05-15,2026-05-15,SS=hns_ss-export-tld.20251226_20260107_translated_20260117.adapted.csv;HSD=hns_bob_tlds.csv,2026-05-15T21:54:27,False
bengazi,,,False,,,,,tim4sk,False,active,2026-05-15,2026-05-15,SS=hns_ss-export-tld.20251226_20260107_translated_20260117.adapted.csv;HSD=hns_bob_tlds.csv,2026-05-15T21:54:27,False
beridof,,,False,,,,,22catchall,False,active,2026-05-15,2026-05-15,SS=hns_ss-export-tld.20251226_20260107_translated_20260117.adapted.csv;HSD=hns_bob_tlds.csv,2026-05-15T21:54:27,False
bespectacled,,,False,,,,,22catchall,False,active,2026-05-15,2026-05-15,SS=hns_ss-export-tld.20251226_20260107_translated_20260117.adapted.csv;HSD=hns_bob_tlds.csv,2026-05-15T21:54:27,False
bestea,,,False,,,,,12tea,False,active,2026-05-15,2026-05-15,SS=hns_ss-export-tld.20251226_20260107_translated_20260117.adapted.csv;HSD=hns_bob_tlds.csv,2026-05-15T21:54:27,False
bestnewswebsite,,,False,,,,,22catchall,False,active,2026-05-15,2026-05-15,SS=hns_ss-export-tld.20251226_20260107_translated_20260117.adapted.csv;HSD=hns_bob_tlds.csv,2026-05-15T21:54:27,False
bestsheets,,,False,,,,,tim4sk,False,active,2026-05-15,2026-05-15,SS=hns_ss-export-tld.20251226_20260107_translated_20260117.adapted.csv;HSD=hns_bob_tlds.csv,2026-05-15T21:54:27,False
bi11,,,False,,,,,22catchall,False,active,2026-05-15,2026-05-15,SS=hns_ss-export-tld.20251226_20260107_translated_20260117.adapted.csv;HSD=hns_bob_tlds.csv,2026-05-15T21:54:27,False
biarchy,,,False,,,,,22catchall,False,active,2026-05-15,2026-05-15,SS=hns_ss-export-tld.20251226_20260107_translated_20260117.adapted.csv;HSD=hns_bob_tlds.csv,2026-05-15T21:54:27,False
bibliology,,,False,,,,,22catchall,False,active,2026-05-15,2026-05-15,SS=hns_ss-export-tld.20251226_20260107_translated_20260117.adapted.csv;HSD=hns_bob_tlds.csv,2026-05-15T21:54:27,False
bicolors,,,False,,,,,22catchall,False,active,2026-05-15,2026-05-15,SS=hns_ss-export-tld.20251226_20260107_translated_20260117.adapted.csv;HSD=hns_bob_tlds.csv,2026-05-15T21:54:27,False
bicyclingvacations,,,False,,,,,22catchall,False,active,2026-05-15,2026-05-15,SS=hns_ss-export-tld.20251226_20260107_translated_20260117.adapted.csv;HSD=hns_bob_tlds.csv,2026-05-15T21:54:27,False
bidblitz,,,False,,,,,22catchall,False,active,2026-05-15,2026-05-15,SS=hns_ss-export-tld.20251226_20260107_translated_20260117.adapted.csv;HSD=hns_bob_tlds.csv,2026-05-15T21:54:27,False
bidlock,,,False,,,,,22catchall,False,active,2026-05-15,2026-05-15,SS=hns_ss-export-tld.20251226_20260107_translated_20260117.adapted.csv;HSD=hns_bob_tlds.csv,2026-05-15T21:54:27,False
big-win,,,False,,,,,tim4sk,False,active,2026-05-15,2026-05-15,SS=hns_ss-export-tld.20251226_20260107_translated_20260117.adapted.csv;HSD=hns_bob_tlds.csv,2026-05-15T21:54:27,False
bigga,,,False,,,,,timaxau,False,active,2026-05-15,2026-05-15,SS=hns_ss-export-tld.20251226_20260107_translated_20260117.adapted.csv;HSD=hns_bob_tlds.csv,2026-05-15T21:54:27,False
bighealth,,,False,,,,,22catchall,False,active,2026-05-15,2026-05-15,SS=hns_ss-export-tld.20251226_20260107_translated_20260117.adapted.csv;HSD=hns_bob_tlds.csv,2026-05-15T21:54:27,False
bikehobart,,,False,,,,,timaxau,False,active,2026-05-15,2026-05-15,SS=hns_ss-export-tld.20251226_20260107_translated_20260117.adapted.csv;HSD=hns_bob_tlds.csv,2026-05-15T21:54:27,False
bilambil,,,False,,,,,timaxau,False,active,2026-05-15,2026-05-15,SS=hns_ss-export-tld.20251226_20260107_translated_20260117.adapted.csv;HSD=hns_bob_tlds.csv,2026-05-15T21:54:27,False
billinudgel,,,False,,,,,timaxau,False,active,2026-05-15,2026-05-15,SS=hns_ss-export-tld.20251226_20260107_translated_20260117.adapted.csv;HSD=hns_bob_tlds.csv,2026-05-15T21:54:27,False
bindowe,,,False,,,,,22catchall,False,active,2026-05-15,2026-05-15,SS=hns_ss-export-tld.20251226_20260107_translated_20260117.adapted.csv;HSD=hns_bob_tlds.csv,2026-05-15T21:54:27,False
bingolinks,,,False,,,,,22catchall,False,active,2026-05-15,2026-05-15,SS=hns_ss-export-tld.20251226_20260107_translated_20260117.adapted.csv;HSD=hns_bob_tlds.csv,2026-05-15T21:54:27,False
binnaburra,,,False,,,,,timaxau,False,active,2026-05-15,2026-05-15,SS=hns_ss-export-tld.20251226_20260107_translated_20260117.adapted.csv;HSD=hns_bob_tlds.csv,2026-05-15T21:54:27,False
birdlook,,,False,,,,,22catchall,False,active,2026-05-15,2026-05-15,SS=hns_ss-export-tld.20251226_20260107_translated_20260117.adapted.csv;HSD=hns_bob_tlds.csv,2026-05-15T21:54:27,False
birdz,,,False,,,,,tim4sk,False,active,2026-05-15,2026-05-15,SS=hns_ss-export-tld.20251226_20260107_translated_20260117.adapted.csv;HSD=hns_bob_tlds.csv,2026-05-15T21:54:27,False
birthdaydelivery,,,False,,,,,tim4sk,False,active,2026-05-15,2026-05-15,SS=hns_ss-export-tld.20251226_20260107_translated_20260117.adapted.csv;HSD=hns_bob_tlds.csv,2026-05-15T21:54:27,False
birthflower,,,False,,,,,tim4sk,False,active,2026-05-15,2026-05-15,SS=hns_ss-export-tld.20251226_20260107_translated_20260117.adapted.csv;HSD=hns_bob_tlds.csv,2026-05-15T21:54:27,False
birthnumber,,,False,,,,,tim4sk,False,active,2026-05-15,2026-05-15,SS=hns_ss-export-tld.20251226_20260107_translated_20260117.adapted.csv;HSD=hns_bob_tlds.csv,2026-05-15T21:54:27,False
bitcoincrook,,,False,,,,,22catchall,False,active,2026-05-15,2026-05-15,SS=hns_ss-export-tld.20251226_20260107_translated_20260117.adapted.csv;HSD=hns_bob_tlds.csv,2026-05-15T21:54:27,False
bitcoinkills,,,False,,,,,22catchall,False,active,2026-05-15,2026-05-15,SS=hns_ss-export-tld.20251226_20260107_translated_20260117.adapted.csv;HSD=hns_bob_tlds.csv,2026-05-15T21:54:27,False
blackteas,,,False,,,,,12tea,False,active,2026-05-15,2026-05-15,SS=hns_ss-export-tld.20251226_20260107_translated_20260117.adapted.csv;HSD=hns_bob_tlds.csv,2026-05-15T21:54:27,False
blameme,,,False,,,,,22catchall,False,active,2026-05-15,2026-05-15,SS=hns_ss-export-tld.20251226_20260107_translated_20260117.adapted.csv;HSD=hns_bob_tlds.csv,2026-05-15T21:54:27,False
blastactinota,,,False,,,,,22catchall,False,active,2026-05-15,2026-05-15,SS=hns_ss-export-tld.20251226_20260107_translated_20260117.adapted.csv;HSD=hns_bob_tlds.csv,2026-05-15T21:54:27,False
blastomycete,,,False,,,,,22catchall,False,active,2026-05-15,2026-05-15,SS=hns_ss-export-tld.20251226_20260107_translated_20260117.adapted.csv;HSD=hns_bob_tlds.csv,2026-05-15T21:54:27,False
blastomycetes,,,False,,,,,22catchall,False,active,2026-05-15,2026-05-15,SS=hns_ss-export-tld.20251226_20260107_translated_20260117.adapted.csv;HSD=hns_bob_tlds.csv,2026-05-15T21:54:27,False
blinddev,,,False,,,,,22catchall,False,active,2026-05-15,2026-05-15,SS=hns_ss-export-tld.20251226_20260107_translated_20260117.adapted.csv;HSD=hns_bob_tlds.csv,2026-05-15T21:54:27,False
blockface,,,False,,,,,22catchall,False,active,2026-05-15,2026-05-15,SS=hns_ss-export-tld.20251226_20260107_translated_20260117.adapted.csv;HSD=hns_bob_tlds.csv,2026-05-15T21:54:27,False
blokman,,,False,,,,,22catchall,False,active,2026-05-15,2026-05-15,SS=hns_ss-export-tld.20251226_20260107_translated_20260117.adapted.csv;HSD=hns_bob_tlds.csv,2026-05-15T21:54:27,False
bloodynora,,,False,,,,,tim4sk,False,active,2026-05-15,2026-05-15,SS=hns_ss-export-tld.20251226_20260107_translated_20260117.adapted.csv;HSD=hns_bob_tlds.csv,2026-05-15T21:54:27,False
bluelickwater,,,False,,,,,22catchall,False,active,2026-05-15,2026-05-15,SS=hns_ss-export-tld.20251226_20260107_translated_20260117.adapted.csv;HSD=hns_bob_tlds.csv,2026-05-15T21:54:27,False
bluf,,,False,,,,,22catchall,False,active,2026-05-15,2026-05-15,SS=hns_ss-export-tld.20251226_20260107_translated_20260117.adapted.csv;HSD=hns_bob_tlds.csv,2026-05-15T21:54:27,False
bnbme,,,False,,,,,22catchall,False,active,2026-05-15,2026-05-15,SS=hns_ss-export-tld.20251226_20260107_translated_20260117.adapted.csv;HSD=hns_bob_tlds.csv,2026-05-15T21:54:27,False
boatact,,,False,,,,,h2o,False,active,2026-05-15,2026-05-15,SS=hns_ss-export-tld.20251226_20260107_translated_20260117.adapted.csv;HSD=hns_bob_tlds.csv,2026-05-15T21:54:27,False
boatapp,,,False,,,,,22catchall,False,active,2026-05-15,2026-05-15,SS=hns_ss-export-tld.20251226_20260107_translated_20260117.adapted.csv;HSD=hns_bob_tlds.csv,2026-05-15T21:54:27,False
boatcasinos,,,False,,,,,h2o,False,active,2026-05-15,2026-05-15,SS=hns_ss-export-tld.20251226_20260107_translated_20260117.adapted.csv;HSD=hns_bob_tlds.csv,2026-05-15T21:54:27,False
boatdeck,,,False,,,,,22catchall,False,active,2026-05-15,2026-05-15,SS=hns_ss-export-tld.20251226_20260107_translated_20260117.adapted.csv;HSD=hns_bob_tlds.csv,2026-05-15T21:54:27,False
boatdeep,,,False,,,,,22catchall,False,active,2026-05-15,2026-05-15,SS=hns_ss-export-tld.20251226_20260107_translated_20260117.adapted.csv;HSD=hns_bob_tlds.csv,2026-05-15T21:54:27,False
boatdude,,,False,,,,,h2o,False,active,2026-05-15,2026-05-15,SS=hns_ss-export-tld.20251226_20260107_translated_20260117.adapted.csv;HSD=hns_bob_tlds.csv,2026-05-15T21:54:27,False
boatharbor,,,False,,,,,22catchall,False,active,2026-05-15,2026-05-15,SS=hns_ss-export-tld.20251226_20260107_translated_20260117.adapted.csv;HSD=hns_bob_tlds.csv,2026-05-15T21:54:27,False
boatharbour,,,False,,,,,timaxau,False,active,2026-05-15,2026-05-15,SS=hns_ss-export-tld.20251226_20260107_translated_20260117.adapted.csv;HSD=hns_bob_tlds.csv,2026-05-15T21:54:27,False
boatingsupplies,,,False,,,,,22catchall,False,active,2026-05-15,2026-05-15,SS=hns_ss-export-tld.20251226_20260107_translated_20260117.adapted.csv;HSD=hns_bob_tlds.csv,2026-05-15T21:54:27,False
boatlease,,,False,,,,,22catchall,False,active,2026-05-15,2026-05-15,SS=hns_ss-export-tld.20251226_20260107_translated_20260117.adapted.csv;HSD=hns_bob_tlds.csv,2026-05-15T21:54:27,False
boatlights,,,False,,,,,22catchall,False,active,2026-05-15,2026-05-15,SS=hns_ss-export-tld.20251226_20260107_translated_20260117.adapted.csv;HSD=hns_bob_tlds.csv,2026-05-15T21:54:27,False
boatllc,,,False,,,,,22catchall,False,active,2026-05-15,2026-05-15,SS=hns_ss-export-tld.20251226_20260107_translated_20260117.adapted.csv;HSD=hns_bob_tlds.csv,2026-05-15T21:54:27,False
boatmusic,,,False,,,,,22catchall,False,active,2026-05-15,2026-05-15,SS=hns_ss-export-tld.20251226_20260107_translated_20260117.adapted.csv;HSD=hns_bob_tlds.csv,2026-05-15T21:54:27,False
boatpleasure,,,False,,,,,22catchall,False,active,2026-05-15,2026-05-15,SS=hns_ss-export-tld.20251226_20260107_translated_20260117.adapted.csv;HSD=hns_bob_tlds.csv,2026-05-15T21:54:27,False
boatselfie,,,False,,,,,22catchall,False,active,2026-05-15,2026-05-15,SS=hns_ss-export-tld.20251226_20260107_translated_20260117.adapted.csv;HSD=hns_bob_tlds.csv,2026-05-15T21:54:27,False
boatsenior,,,False,,,,,h2o,False,active,2026-05-15,2026-05-15,SS=hns_ss-export-tld.20251226_20260107_translated_20260117.adapted.csv;HSD=hns_bob_tlds.csv,2026-05-15T21:54:27,False
boatservices,,,False,,,,,22catchall,False,active,2026-05-15,2026-05-15,SS=hns_ss-export-tld.20251226_20260107_translated_20260117.adapted.csv;HSD=hns_bob_tlds.csv,2026-05-15T21:54:27,False
boatswainschair,,,False,,,,,22catchall,False,active,2026-05-15,2026-05-15,SS=hns_ss-export-tld.20251226_20260107_translated_20260117.adapted.csv;HSD=hns_bob_tlds.csv,2026-05-15T21:54:27,False
boatwa,,,False,,,,,timaxau,False,active,2026-05-15,2026-05-15,SS=hns_ss-export-tld.20251226_20260107_translated_20260117.adapted.csv;HSD=hns_bob_tlds.csv,2026-05-15T21:54:27,False
bobobakery,,,False,,,,,12tea,False,active,2026-05-15,2026-05-15,SS=hns_ss-export-tld.20251226_20260107_translated_20260117.adapted.csv;HSD=hns_bob_tlds.csv,2026-05-15T21:54:27,False
bodalla,,,False,,,,,timaxau,False,active,2026-05-15,2026-05-15,SS=hns_ss-export-tld.20251226_20260107_translated_20260117.adapted.csv;HSD=hns_bob_tlds.csv,2026-05-15T21:54:27,False
boggabilla,,,False,,,,,timaxau,False,active,2026-05-15,2026-05-15,SS=hns_ss-export-tld.20251226_20260107_translated_20260117.adapted.csv;HSD=hns_bob_tlds.csv,2026-05-15T21:54:27,False
bogolong,,,False,,,,,timaxau,False,active,2026-05-15,2026-05-15,SS=hns_ss-export-tld.20251226_20260107_translated_20260117.adapted.csv;HSD=hns_bob_tlds.csv,2026-05-15T21:54:27,False
bonalbo,,,False,,,,,timaxau,False,active,2026-05-15,2026-05-15,SS=hns_ss-export-tld.20251226_20260107_translated_20260117.adapted.csv;HSD=hns_bob_tlds.csv,2026-05-15T21:54:27,False
bonedust,,,False,,,,,tim4sk,False,active,2026-05-15,2026-05-15,SS=hns_ss-export-tld.20251226_20260107_translated_20260117.adapted.csv;HSD=hns_bob_tlds.csv,2026-05-15T21:54:27,False
bonehouse,,,False,,,,,k1f,False,active,2026-05-15,2026-05-15,SS=hns_ss-export-tld.20251226_20260107_translated_20260117.adapted.csv;HSD=hns_bob_tlds.csv,2026-05-15T21:54:27,False
bookaship,,,False,,,,,h2o,False,active,2026-05-15,2026-05-15,SS=hns_ss-export-tld.20251226_20260107_translated_20260117.adapted.csv;HSD=hns_bob_tlds.csv,2026-05-15T21:54:27,False
bookkeepr,,,False,,,,,tim4sk,False,active,2026-05-15,2026-05-15,SS=hns_ss-export-tld.20251226_20260107_translated_20260117.adapted.csv;HSD=hns_bob_tlds.csv,2026-05-15T21:54:27,False
bookkeper,,,False,,,,,tim4sk,False,active,2026-05-15,2026-05-15,SS=hns_ss-export-tld.20251226_20260107_translated_20260117.adapted.csv;HSD=hns_bob_tlds.csv,2026-05-15T21:54:27,False
bookmen,,,False,,,,,tim4sk,False,active,2026-05-15,2026-05-15,SS=hns_ss-export-tld.20251226_20260107_translated_20260117.adapted.csv;HSD=hns_bob_tlds.csv,2026-05-15T21:54:27,False
bookz,,,False,,,,,22catchall,False,active,2026-05-15,2026-05-15,SS=hns_ss-export-tld.20251226_20260107_translated_20260117.adapted.csv;HSD=hns_bob_tlds.csv,2026-05-15T21:54:27,False
booloumba,,,False,,,,,timaxau,False,active,2026-05-15,2026-05-15,SS=hns_ss-export-tld.20251226_20260107_translated_20260117.adapted.csv;HSD=hns_bob_tlds.csv,2026-05-15T21:54:27,False
boomerangagency,,,False,,,,,timaxau,False,active,2026-05-15,2026-05-15,SS=hns_ss-export-tld.20251226_20260107_translated_20260117.adapted.csv;HSD=hns_bob_tlds.csv,2026-05-15T21:54:27,False
boomeranged,,,False,,,,,timaxau,False,active,2026-05-15,2026-05-15,SS=hns_ss-export-tld.20251226_20260107_translated_20260117.adapted.csv;HSD=hns_bob_tlds.csv,2026-05-15T21:54:27,False
boondall,,,False,,,,,timaxau,False,active,2026-05-15,2026-05-15,SS=hns_ss-export-tld.20251226_20260107_translated_20260117.adapted.csv;HSD=hns_bob_tlds.csv,2026-05-15T21:54:27,False
boonooroo,,,False,,,,,timaxau,False,active,2026-05-15,2026-05-15,SS=hns_ss-export-tld.20251226_20260107_translated_20260117.adapted.csv;HSD=hns_bob_tlds.csv,2026-05-15T21:54:27,False
booral,,,False,,,,,timaxau,False,active,2026-05-15,2026-05-15,SS=hns_ss-export-tld.20251226_20260107_translated_20260117.adapted.csv;HSD=hns_bob_tlds.csv,2026-05-15T21:54:27,False
bootsugg,,,False,,,,,timaxau,False,active,2026-05-15,2026-05-15,SS=hns_ss-export-tld.20251226_20260107_translated_20260117.adapted.csv;HSD=hns_bob_tlds.csv,2026-05-15T21:54:27,False
boredapedreams,,,False,,,,,22catchall,False,active,2026-05-15,2026-05-15,SS=hns_ss-export-tld.20251226_20260107_translated_20260117.adapted.csv;HSD=hns_bob_tlds.csv,2026-05-15T21:54:27,False
bosspeak,,,False,,,,,22catchall,False,active,2026-05-15,2026-05-15,SS=hns_ss-export-tld.20251226_20260107_translated_20260117.adapted.csv;HSD=hns_bob_tlds.csv,2026-05-15T21:54:27,False
bosunschair,,,False,,,,,22catchall,False,active,2026-05-15,2026-05-15,SS=hns_ss-export-tld.20251226_20260107_translated_20260117.adapted.csv;HSD=hns_bob_tlds.csv,2026-05-15T21:54:27,False
botanicbank,,,False,,,,,22catchall,False,active,2026-05-15,2026-05-15,SS=hns_ss-export-tld.20251226_20260107_translated_20260117.adapted.csv;HSD=hns_bob_tlds.csv,2026-05-15T21:54:27,False
botset,,,False,,,,,22catchall,False,active,2026-05-15,2026-05-15,SS=hns_ss-export-tld.20251226_20260107_translated_20260117.adapted.csv;HSD=hns_bob_tlds.csv,2026-05-15T21:54:27,False
boxgrave,,,False,,,,,k1f,False,active,2026-05-15,2026-05-15,SS=hns_ss-export-tld.20251226_20260107_translated_20260117.adapted.csv;HSD=hns_bob_tlds.csv,2026-05-15T21:54:27,False
boxun,,,False,,,,,22catchall,False,active,2026-05-15,2026-05-15,SS=hns_ss-export-tld.20251226_20260107_translated_20260117.adapted.csv;HSD=hns_bob_tlds.csv,2026-05-15T21:54:27,False
boyswear,,,False,,,,,tim4sk,False,active,2026-05-15,2026-05-15,SS=hns_ss-export-tld.20251226_20260107_translated_20260117.adapted.csv;HSD=hns_bob_tlds.csv,2026-05-15T21:54:27,False
brachypterous,,,False,,,,,22catchall,False,active,2026-05-15,2026-05-15,SS=hns_ss-export-tld.20251226_20260107_translated_20260117.adapted.csv;HSD=hns_bob_tlds.csv,2026-05-15T21:54:27,False
bragie,,,False,,,,,tim4sk,False,active,2026-05-15,2026-05-15,SS=hns_ss-export-tld.20251226_20260107_translated_20260117.adapted.csv;HSD=hns_bob_tlds.csv,2026-05-15T21:54:27,False
brainruin,,,False,,,,,22catchall,False,active,2026-05-15,2026-05-15,SS=hns_ss-export-tld.20251226_20260107_translated_20260117.adapted.csv;HSD=hns_bob_tlds.csv,2026-05-15T21:54:27,False
brainstew,,,False,,,,,22catchall,False,active,2026-05-15,2026-05-15,SS=hns_ss-export-tld.20251226_20260107_translated_20260117.adapted.csv;HSD=hns_bob_tlds.csv,2026-05-15T21:54:27,False
brainwrite,,,False,,,,,tim4sk,False,active,2026-05-15,2026-05-15,SS=hns_ss-export-tld.20251226_20260107_translated_20260117.adapted.csv;HSD=hns_bob_tlds.csv,2026-05-15T21:54:27,False
brandapparel,,,False,,,,,22catchall,False,active,2026-05-15,2026-05-15,SS=hns_ss-export-tld.20251226_20260107_translated_20260117.adapted.csv;HSD=hns_bob_tlds.csv,2026-05-15T21:54:27,False
bravewind,,,False,,,,,22catchall,False,active,2026-05-15,2026-05-15,SS=hns_ss-export-tld.20251226_20260107_translated_20260117.adapted.csv;HSD=hns_bob_tlds.csv,2026-05-15T21:54:27,False
breathfigure,,,False,,,,,tim4sk,False,active,2026-05-15,2026-05-15,SS=hns_ss-export-tld.20251226_20260107_translated_20260117.adapted.csv;HSD=hns_bob_tlds.csv,2026-05-15T21:54:27,False
bredz,,,False,,,,,22catchall,False,active,2026-05-15,2026-05-15,SS=hns_ss-export-tld.20251226_20260107_translated_20260117.adapted.csv;HSD=hns_bob_tlds.csv,2026-05-15T21:54:27,False
brendangeorge,,,False,,,,,tim4sk,False,active,2026-05-15,2026-05-15,SS=hns_ss-export-tld.20251226_20260107_translated_20260117.adapted.csv;HSD=hns_bob_tlds.csv,2026-05-15T21:54:27,False
bribieisland,,,False,,,,,timaxau,False,active,2026-05-15,2026-05-15,SS=hns_ss-export-tld.20251226_20260107_translated_20260117.adapted.csv;HSD=hns_bob_tlds.csv,2026-05-15T21:54:27,False
brisbaneproperty,,,False,,,,,timaxau,False,active,2026-05-15,2026-05-15,SS=hns_ss-export-tld.20251226_20260107_translated_20260117.adapted.csv;HSD=hns_bob_tlds.csv,2026-05-15T21:54:27,False
brittneysmith,,,False,,,,,tim4sk,False,active,2026-05-15,2026-05-15,SS=hns_ss-export-tld.20251226_20260107_translated_20260117.adapted.csv;HSD=hns_bob_tlds.csv,2026-05-15T21:54:27,False
brushwithdeath,,,False,,,,,22catchall,False,active,2026-05-15,2026-05-15,SS=hns_ss-export-tld.20251226_20260107_translated_20260117.adapted.csv;HSD=hns_bob_tlds.csv,2026-05-15T21:54:27,False
bubulcusibis,,,False,,,,,22catchall,False,active,2026-05-15,2026-05-15,SS=hns_ss-export-tld.20251226_20260107_translated_20260117.adapted.csv;HSD=hns_bob_tlds.csv,2026-05-15T21:54:27,False
budgeree,,,False,,,,,22catchall,False,active,2026-05-15,2026-05-15,SS=hns_ss-export-tld.20251226_20260107_translated_20260117.adapted.csv;HSD=hns_bob_tlds.csv,2026-05-15T21:54:27,False
buffetnyc,,,False,,,,,22catchall,False,active,2026-05-15,2026-05-15,SS=hns_ss-export-tld.20251226_20260107_translated_20260117.adapted.csv;HSD=hns_bob_tlds.csv,2026-05-15T21:54:27,False
bugcake,,,False,,,,,22catchall,False,active,2026-05-15,2026-05-15,SS=hns_ss-export-tld.20251226_20260107_translated_20260117.adapted.csv;HSD=hns_bob_tlds.csv,2026-05-15T21:54:27,False
bullamakanka,,,False,,,,,timaxau,False,active,2026-05-15,2026-05-15,SS=hns_ss-export-tld.20251226_20260107_translated_20260117.adapted.csv;HSD=hns_bob_tlds.csv,2026-05-15T21:54:27,False
bullaria,,,False,,,,,22catchall,False,active,2026-05-15,2026-05-15,SS=hns_ss-export-tld.20251226_20260107_translated_20260117.adapted.csv;HSD=hns_bob_tlds.csv,2026-05-15T21:54:27,False
bundabergcentral,,,False,,,,,timaxau,False,active,2026-05-15,2026-05-15,SS=hns_ss-export-tld.20251226_20260107_translated_20260117.adapted.csv;HSD=hns_bob_tlds.csv,2026-05-15T21:54:27,False
bunnyhat,,,False,,,,,r1f,False,active,2026-05-15,2026-05-15,SS=hns_ss-export-tld.20251226_20260107_translated_20260117.adapted.csv;HSD=hns_bob_tlds.csv,2026-05-15T21:54:27,False
bunnylife,,,False,,,,,r1f,False,active,2026-05-15,2026-05-15,SS=hns_ss-export-tld.20251226_20260107_translated_20260117.adapted.csv;HSD=hns_bob_tlds.csv,2026-05-15T21:54:27,False
burialchamber,,,False,,,,,k1f,False,active,2026-05-15,2026-05-15,SS=hns_ss-export-tld.20251226_20260107_translated_20260117.adapted.csv;HSD=hns_bob_tlds.csv,2026-05-15T21:54:27,False
burnhold,,,False,,,,,22catchall,False,active,2026-05-15,2026-05-15,SS=hns_ss-export-tld.20251226_20260107_translated_20260117.adapted.csv;HSD=hns_bob_tlds.csv,2026-05-15T21:54:27,False
burntea,,,False,,,,,12tea,False,active,2026-05-15,2026-05-15,SS=hns_ss-export-tld.20251226_20260107_translated_20260117.adapted.csv;HSD=hns_bob_tlds.csv,2026-05-15T21:54:27,False
bushfurniture,,,False,,,,,22catchall,False,active,2026-05-15,2026-05-15,SS=hns_ss-export-tld.20251226_20260107_translated_20260117.adapted.csv;HSD=hns_bob_tlds.csv,2026-05-15T21:54:27,False
bushhotel,,,False,,,,,timaxau,False,active,2026-05-15,2026-05-15,SS=hns_ss-export-tld.20251226_20260107_translated_20260117.adapted.csv;HSD=hns_bob_tlds.csv,2026-05-15T21:54:27,False
bushotel,,,False,,,,,timaxau,False,active,2026-05-15,2026-05-15,SS=hns_ss-export-tld.20251226_20260107_translated_20260117.adapted.csv;HSD=hns_bob_tlds.csv,2026-05-15T21:54:27,False
bushshirt,,,False,,,,,timaxau,False,active,2026-05-15,2026-05-15,SS=hns_ss-export-tld.20251226_20260107_translated_20260117.adapted.csv;HSD=hns_bob_tlds.csv,2026-05-15T21:54:27,False
buvau,,,False,,,,,22catchall,False,active,2026-05-15,2026-05-15,SS=hns_ss-export-tld.20251226_20260107_translated_20260117.adapted.csv;HSD=hns_bob_tlds.csv,2026-05-15T21:54:27,False
buxeria,,,False,,,,,22catchall,False,active,2026-05-15,2026-05-15,SS=hns_ss-export-tld.20251226_20260107_translated_20260117.adapted.csv;HSD=hns_bob_tlds.csv,2026-05-15T21:54:27,False
buychai,,,False,,,,,12tea,False,active,2026-05-15,2026-05-15,SS=hns_ss-export-tld.20251226_20260107_translated_20260117.adapted.csv;HSD=hns_bob_tlds.csv,2026-05-15T21:54:27,False
buyimage,,,False,,,,,tim4sk,False,active,2026-05-15,2026-05-15,SS=hns_ss-export-tld.20251226_20260107_translated_20260117.adapted.csv;HSD=hns_bob_tlds.csv,2026-05-15T21:54:27,False
buymugs,,,False,,,,,22catchall,False,active,2026-05-15,2026-05-15,SS=hns_ss-export-tld.20251226_20260107_translated_20260117.adapted.csv;HSD=hns_bob_tlds.csv,2026-05-15T21:54:27,False
buystime,,,False,,,,,22catchall,False,active,2026-05-15,2026-05-15,SS=hns_ss-export-tld.20251226_20260107_translated_20260117.adapted.csv;HSD=hns_bob_tlds.csv,2026-05-15T21:54:27,False
buzh,,,False,,,,,h4ndsh4k,False,active,2026-05-15,2026-05-15,SS=hns_ss-export-tld.20251226_20260107_translated_20260117.adapted.csv;HSD=hns_bob_tlds.csv,2026-05-15T21:54:27,False
bycicles,,,False,,,,,22catchall,False,active,2026-05-15,2026-05-15,SS=hns_ss-export-tld.20251226_20260107_translated_20260117.adapted.csv;HSD=hns_bob_tlds.csv,2026-05-15T21:54:27,False
byhisside,,,False,,,,,k1f,False,active,2026-05-15,2026-05-15,SS=hns_ss-export-tld.20251226_20260107_translated_20260117.adapted.csv;HSD=hns_bob_tlds.csv,2026-05-15T21:54:27,False
byronbaycookies,,,False,,,,,22catchall,False,active,2026-05-15,2026-05-15,SS=hns_ss-export-tld.20251226_20260107_translated_20260117.adapted.csv;HSD=hns_bob_tlds.csv,2026-05-15T21:54:27,False
byud,,,False,,,,,22catchall,False,active,2026-05-15,2026-05-15,SS=hns_ss-export-tld.20251226_20260107_translated_20260117.adapted.csv;HSD=hns_bob_tlds.csv,2026-05-15T21:54:27,False
byuk,,,False,,,,,22catchall,False,active,2026-05-15,2026-05-15,SS=hns_ss-export-tld.20251226_20260107_translated_20260117.adapted.csv;HSD=hns_bob_tlds.csv,2026-05-15T21:54:27,False
byup,,,False,,,,,22catchall,False,active,2026-05-15,2026-05-15,SS=hns_ss-export-tld.20251226_20260107_translated_20260117.adapted.csv;HSD=hns_bob_tlds.csv,2026-05-15T21:54:27,False
byut,,,False,,,,,timaxau,False,active,2026-05-15,2026-05-15,SS=hns_ss-export-tld.20251226_20260107_translated_20260117.adapted.csv;HSD=hns_bob_tlds.csv,2026-05-15T21:54:27,False
cacography,,,False,,,,,22catchall,False,active,2026-05-15,2026-05-15,SS=hns_ss-export-tld.20251226_20260107_translated_20260117.adapted.csv;HSD=hns_bob_tlds.csv,2026-05-15T21:54:27,False
caejywnoci,,,False,,,,,22catchall,False,active,2026-05-15,2026-05-15,SS=hns_ss-export-tld.20251226_20260107_translated_20260117.adapted.csv;HSD=hns_bob_tlds.csv,2026-05-15T21:54:27,False
calmgoat,,,False,,,,,tim4sk,False,active,2026-05-15,2026-05-15,SS=hns_ss-export-tld.20251226_20260107_translated_20260117.adapted.csv;HSD=hns_bob_tlds.csv,2026-05-15T21:54:27,False
camerablockchain,,,False,,,,,timaxau,False,active,2026-05-15,2026-05-15,SS=hns_ss-export-tld.20251226_20260107_translated_20260117.adapted.csv;HSD=hns_bob_tlds.csv,2026-05-15T21:54:27,False
cameracan,,,False,,,,,22catchall,False,active,2026-05-15,2026-05-15,SS=hns_ss-export-tld.20251226_20260107_translated_20260117.adapted.csv;HSD=hns_bob_tlds.csv,2026-05-15T21:54:27,False
cameraftp,,,False,,,,,tim4sk,False,active,2026-05-15,2026-05-15,SS=hns_ss-export-tld.20251226_20260107_translated_20260117.adapted.csv;HSD=hns_bob_tlds.csv,2026-05-15T21:54:27,False
caminas,,,False,,,,,tim4sk,False,active,2026-05-15,2026-05-15,SS=hns_ss-export-tld.20251226_20260107_translated_20260117.adapted.csv;HSD=hns_bob_tlds.csv,2026-05-15T21:54:27,False
campingtip,,,False,,,,,22catchall,False,active,2026-05-15,2026-05-15,SS=hns_ss-export-tld.20251226_20260107_translated_20260117.adapted.csv;HSD=hns_bob_tlds.csv,2026-05-15T21:54:27,False
campx,,,False,,,,,22catchall,False,active,2026-05-15,2026-05-15,SS=hns_ss-export-tld.20251226_20260107_translated_20260117.adapted.csv;HSD=hns_bob_tlds.csv,2026-05-15T21:54:27,False
canberrabusiness,,,False,,,,,timaxau,False,active,2026-05-15,2026-05-15,SS=hns_ss-export-tld.20251226_20260107_translated_20260117.adapted.csv;HSD=hns_bob_tlds.csv,2026-05-15T21:54:27,False
cantofe,,,False,,,,,22catchall,False,active,2026-05-15,2026-05-15,SS=hns_ss-export-tld.20251226_20260107_translated_20260117.adapted.csv;HSD=hns_bob_tlds.csv,2026-05-15T21:54:27,False
cantosujo,,,False,,,,,22catchall,False,active,2026-05-15,2026-05-15,SS=hns_ss-export-tld.20251226_20260107_translated_20260117.adapted.csv;HSD=hns_bob_tlds.csv,2026-05-15T21:54:27,False
capatana,,,False,,,,,22catchall,False,active,2026-05-15,2026-05-15,SS=hns_ss-export-tld.20251226_20260107_translated_20260117.adapted.csv;HSD=hns_bob_tlds.csv,2026-05-15T21:54:27,False
captainaustralia,,,False,,,,,22catchall,False,active,2026-05-15,2026-05-15,SS=hns_ss-export-tld.20251226_20260107_translated_20260117.adapted.csv;HSD=hns_bob_tlds.csv,2026-05-15T21:54:27,False
caravancamping,,,False,,,,,22catchall,False,active,2026-05-15,2026-05-15,SS=hns_ss-export-tld.20251226_20260107_translated_20260117.adapted.csv;HSD=hns_bob_tlds.csv,2026-05-15T21:54:27,False
cardhatch,,,False,,,,,22catchall,False,active,2026-05-15,2026-05-15,SS=hns_ss-export-tld.20251226_20260107_translated_20260117.adapted.csv;HSD=hns_bob_tlds.csv,2026-05-15T21:54:27,False
care24,,,False,,,,,22catchall,False,active,2026-05-15,2026-05-15,SS=hns_ss-export-tld.20251226_20260107_translated_20260117.adapted.csv;HSD=hns_bob_tlds.csv,2026-05-15T21:54:27,False
carijos,,,False,,,,,22catchall,False,active,2026-05-15,2026-05-15,SS=hns_ss-export-tld.20251226_20260107_translated_20260117.adapted.csv;HSD=hns_bob_tlds.csv,2026-05-15T21:54:27,False
carimages,,,False,,,,,tim4sk,False,active,2026-05-15,2026-05-15,SS=hns_ss-export-tld.20251226_20260107_translated_20260117.adapted.csv;HSD=hns_bob_tlds.csv,2026-05-15T21:54:27,False
cariva,,,False,,,,,22catchall,False,active,2026-05-15,2026-05-15,SS=hns_ss-export-tld.20251226_20260107_translated_20260117.adapted.csv;HSD=hns_bob_tlds.csv,2026-05-15T21:54:27,False
carpfish,,,False,,,,,22catchall,False,active,2026-05-15,2026-05-15,SS=hns_ss-export-tld.20251226_20260107_translated_20260117.adapted.csv;HSD=hns_bob_tlds.csv,2026-05-15T21:54:27,False
carphotos,,,False,,,,,22catchall,False,active,2026-05-15,2026-05-15,SS=hns_ss-export-tld.20251226_20260107_translated_20260117.adapted.csv;HSD=hns_bob_tlds.csv,2026-05-15T21:54:27,False
carspics,,,False,,,,,tim4sk,False,active,2026-05-15,2026-05-15,SS=hns_ss-export-tld.20251226_20260107_translated_20260117.adapted.csv;HSD=hns_bob_tlds.csv,2026-05-15T21:54:27,False
cashblocks,,,False,,,,,22catchall,False,active,2026-05-15,2026-05-15,SS=hns_ss-export-tld.20251226_20260107_translated_20260117.adapted.csv;HSD=hns_bob_tlds.csv,2026-05-15T21:54:27,False
castlemountain,,,False,,,,,tim4sk,False,active,2026-05-15,2026-05-15,SS=hns_ss-export-tld.20251226_20260107_translated_20260117.adapted.csv;HSD=hns_bob_tlds.csv,2026-05-15T21:54:27,False
catandrat,,,False,,,,,22catchall,False,active,2026-05-15,2026-05-15,SS=hns_ss-export-tld.20251226_20260107_translated_20260117.adapted.csv;HSD=hns_bob_tlds.csv,2026-05-15T21:54:27,False
catcapers,,,False,,,,,22catchall,False,active,2026-05-15,2026-05-15,SS=hns_ss-export-tld.20251226_20260107_translated_20260117.adapted.csv;HSD=hns_bob_tlds.csv,2026-05-15T21:54:27,False
catholicist,,,False,,,,,22catchall,False,active,2026-05-15,2026-05-15,SS=hns_ss-export-tld.20251226_20260107_translated_20260117.adapted.csv;HSD=hns_bob_tlds.csv,2026-05-15T21:54:27,False
cathu,,,False,,,,,timaxau,False,active,2026-05-15,2026-05-15,SS=hns_ss-export-tld.20251226_20260107_translated_20260117.adapted.csv;HSD=hns_bob_tlds.csv,2026-05-15T21:54:27,False
catsstore,,,False,,,,,tim4sk,False,active,2026-05-15,2026-05-15,SS=hns_ss-export-tld.20251226_20260107_translated_20260117.adapted.csv;HSD=hns_bob_tlds.csv,2026-05-15T21:54:27,False
cattea,,,False,,,,,12tea,False,active,2026-05-15,2026-05-15,SS=hns_ss-export-tld.20251226_20260107_translated_20260117.adapted.csv;HSD=hns_bob_tlds.csv,2026-05-15T21:54:27,False
cattricks,,,False,,,,,tim4sk,False,active,2026-05-15,2026-05-15,SS=hns_ss-export-tld.20251226_20260107_translated_20260117.adapted.csv;HSD=hns_bob_tlds.csv,2026-05-15T21:54:27,False
cavediver,,,False,,,,,h2o,False,active,2026-05-15,2026-05-15,SS=hns_ss-export-tld.20251226_20260107_translated_20260117.adapted.csv;HSD=hns_bob_tlds.csv,2026-05-15T21:54:27,False
caveside,,,False,,,,,tim4sk,False,active,2026-05-15,2026-05-15,SS=hns_ss-export-tld.20251226_20260107_translated_20260117.adapted.csv;HSD=hns_bob_tlds.csv,2026-05-15T21:54:27,False
cayk,,,False,,,,,22catchall,False,active,2026-05-15,2026-05-15,SS=hns_ss-export-tld.20251226_20260107_translated_20260117.adapted.csv;HSD=hns_bob_tlds.csv,2026-05-15T21:54:27,False
caym,,,False,,,,,22catchall,False,active,2026-05-15,2026-05-15,SS=hns_ss-export-tld.20251226_20260107_translated_20260117.adapted.csv;HSD=hns_bob_tlds.csv,2026-05-15T21:54:27,False
cayp,,,False,,,,,22catchall,False,active,2026-05-15,2026-05-15,SS=hns_ss-export-tld.20251226_20260107_translated_20260117.adapted.csv;HSD=hns_bob_tlds.csv,2026-05-15T21:54:27,False
cb40,,,False,,,,,22catchall,False,active,2026-05-15,2026-05-15,SS=hns_ss-export-tld.20251226_20260107_translated_20260117.adapted.csv;HSD=hns_bob_tlds.csv,2026-05-15T21:54:27,False
ccwww,,,False,,,,,22catchall,False,active,2026-05-15,2026-05-15,SS=hns_ss-export-tld.20251226_20260107_translated_20260117.adapted.csv;HSD=hns_bob_tlds.csv,2026-05-15T21:54:27,False
cedarton,,,False,,,,,timaxau,False,active,2026-05-15,2026-05-15,SS=hns_ss-export-tld.20251226_20260107_translated_20260117.adapted.csv;HSD=hns_bob_tlds.csv,2026-05-15T21:54:27,False
ceddawicked,,,False,,,,,22catchall,False,active,2026-05-15,2026-05-15,SS=hns_ss-export-tld.20251226_20260107_translated_20260117.adapted.csv;HSD=hns_bob_tlds.csv,2026-05-15T21:54:27,False
centurycu,,,False,,,,,22catchall,False,active,2026-05-15,2026-05-15,SS=hns_ss-export-tld.20251226_20260107_translated_20260117.adapted.csv;HSD=hns_bob_tlds.csv,2026-05-15T21:54:27,False
cepotaph,,,False,,,,,k1f,False,active,2026-05-15,2026-05-15,SS=hns_ss-export-tld.20251226_20260107_translated_20260117.adapted.csv;HSD=hns_bob_tlds.csv,2026-05-15T21:54:27,False
cessationoflife,,,False,,,,,k1f,False,active,2026-05-15,2026-05-15,SS=hns_ss-export-tld.20251226_20260107_translated_20260117.adapted.csv;HSD=hns_bob_tlds.csv,2026-05-15T21:54:27,False
cezza,,,False,,,,,tim4sk,False,active,2026-05-15,2026-05-15,SS=hns_ss-export-tld.20251226_20260107_translated_20260117.adapted.csv;HSD=hns_bob_tlds.csv,2026-05-15T21:54:27,False
ch22,,,False,,,,,22catchall,False,active,2026-05-15,2026-05-15,SS=hns_ss-export-tld.20251226_20260107_translated_20260117.adapted.csv;HSD=hns_bob_tlds.csv,2026-05-15T21:54:27,False
ch24,,,False,,,,,22catchall,False,active,2026-05-15,2026-05-15,SS=hns_ss-export-tld.20251226_20260107_translated_20260117.adapted.csv;HSD=hns_bob_tlds.csv,2026-05-15T21:54:27,False
ch28,,,False,,,,,22catchall,False,active,2026-05-15,2026-05-15,SS=hns_ss-export-tld.20251226_20260107_translated_20260117.adapted.csv;HSD=hns_bob_tlds.csv,2026-05-15T21:54:27,False
ch32,,,False,,,,,22catchall,False,active,2026-05-15,2026-05-15,SS=hns_ss-export-tld.20251226_20260107_translated_20260117.adapted.csv;HSD=hns_bob_tlds.csv,2026-05-15T21:54:27,False
ch36,,,False,,,,,22catchall,False,active,2026-05-15,2026-05-15,SS=hns_ss-export-tld.20251226_20260107_translated_20260117.adapted.csv;HSD=hns_bob_tlds.csv,2026-05-15T21:54:27,False
ch38,,,False,,,,,22catchall,False,active,2026-05-15,2026-05-15,SS=hns_ss-export-tld.20251226_20260107_translated_20260117.adapted.csv;HSD=hns_bob_tlds.csv,2026-05-15T21:54:27,False
ch40,,,False,,,,,22catchall,False,active,2026-05-15,2026-05-15,SS=hns_ss-export-tld.20251226_20260107_translated_20260117.adapted.csv;HSD=hns_bob_tlds.csv,2026-05-15T21:54:27,False
ch43,,,False,,,,,22catchall,False,active,2026-05-15,2026-05-15,SS=hns_ss-export-tld.20251226_20260107_translated_20260117.adapted.csv;HSD=hns_bob_tlds.csv,2026-05-15T21:54:27,False
ch46,,,False,,,,,22catchall,False,active,2026-05-15,2026-05-15,SS=hns_ss-export-tld.20251226_20260107_translated_20260117.adapted.csv;HSD=hns_bob_tlds.csv,2026-05-15T21:54:27,False
ch48,,,False,,,,,22catchall,False,active,2026-05-15,2026-05-15,SS=hns_ss-export-tld.20251226_20260107_translated_20260117.adapted.csv;HSD=hns_bob_tlds.csv,2026-05-15T21:54:27,False
ch51,,,False,,,,,22catchall,False,active,2026-05-15,2026-05-15,SS=hns_ss-export-tld.20251226_20260107_translated_20260117.adapted.csv;HSD=hns_bob_tlds.csv,2026-05-15T21:54:27,False
ch55,,,False,,,,,22catchall,False,active,2026-05-15,2026-05-15,SS=hns_ss-export-tld.20251226_20260107_translated_20260117.adapted.csv;HSD=hns_bob_tlds.csv,2026-05-15T21:54:27,False
ch57,,,False,,,,,22catchall,False,active,2026-05-15,2026-05-15,SS=hns_ss-export-tld.20251226_20260107_translated_20260117.adapted.csv;HSD=hns_bob_tlds.csv,2026-05-15T21:54:27,False
ch59,,,False,,,,,22catchall,False,active,2026-05-15,2026-05-15,SS=hns_ss-export-tld.20251226_20260107_translated_20260117.adapted.csv;HSD=hns_bob_tlds.csv,2026-05-15T21:54:27,False
ch70,,,False,,,,,22catchall,False,active,2026-05-15,2026-05-15,SS=hns_ss-export-tld.20251226_20260107_translated_20260117.adapted.csv;HSD=hns_bob_tlds.csv,2026-05-15T21:54:27,False
ch71,,,False,,,,,22catchall,False,active,2026-05-15,2026-05-15,SS=hns_ss-export-tld.20251226_20260107_translated_20260117.adapted.csv;HSD=hns_bob_tlds.csv,2026-05-15T21:54:27,False
ch80,,,False,,,,,22catchall,False,active,2026-05-15,2026-05-15,SS=hns_ss-export-tld.20251226_20260107_translated_20260117.adapted.csv;HSD=hns_bob_tlds.csv,2026-05-15T21:54:27,False
chadsworth,,,False,,,,,tim4sk,False,active,2026-05-15,2026-05-15,SS=hns_ss-export-tld.20251226_20260107_translated_20260117.adapted.csv;HSD=hns_bob_tlds.csv,2026-05-15T21:54:27,False
chainown,,,False,,,,,tim4sk,False,active,2026-05-15,2026-05-15,SS=hns_ss-export-tld.20251226_20260107_translated_20260117.adapted.csv;HSD=hns_bob_tlds.csv,2026-05-15T21:54:27,False
chainvirus,,,False,,,,,22catchall,False,active,2026-05-15,2026-05-15,SS=hns_ss-export-tld.20251226_20260107_translated_20260117.adapted.csv;HSD=hns_bob_tlds.csv,2026-05-15T21:54:27,False
chandpara,,,False,,,,,22catchall,False,active,2026-05-15,2026-05-15,SS=hns_ss-export-tld.20251226_20260107_translated_20260117.adapted.csv;HSD=hns_bob_tlds.csv,2026-05-15T21:54:27,False
chandrahar,,,False,,,,,22catchall,False,active,2026-05-15,2026-05-15,SS=hns_ss-export-tld.20251226_20260107_translated_20260117.adapted.csv;HSD=hns_bob_tlds.csv,2026-05-15T21:54:27,False
chandrakilla,,,False,,,,,22catchall,False,active,2026-05-15,2026-05-15,SS=hns_ss-export-tld.20251226_20260107_translated_20260117.adapted.csv;HSD=hns_bob_tlds.csv,2026-05-15T21:54:27,False
changerchar,,,False,,,,,22catchall,False,active,2026-05-15,2026-05-15,SS=hns_ss-export-tld.20251226_20260107_translated_20260117.adapted.csv;HSD=hns_bob_tlds.csv,2026-05-15T21:54:27,False
channeldao,,,False,,,,,22catchall,False,active,2026-05-15,2026-05-15,SS=hns_ss-export-tld.20251226_20260107_translated_20260117.adapted.csv;HSD=hns_bob_tlds.csv,2026-05-15T21:54:27,False
chapuria,,,False,,,,,22catchall,False,active,2026-05-15,2026-05-15,SS=hns_ss-export-tld.20251226_20260107_translated_20260117.adapted.csv;HSD=hns_bob_tlds.csv,2026-05-15T21:54:27,False
charatipara,,,False,,,,,22catchall,False,active,2026-05-15,2026-05-15,SS=hns_ss-export-tld.20251226_20260107_translated_20260117.adapted.csv;HSD=hns_bob_tlds.csv,2026-05-15T21:54:27,False
charbagala,,,False,,,,,22catchall,False,active,2026-05-15,2026-05-15,SS=hns_ss-export-tld.20251226_20260107_translated_20260117.adapted.csv;HSD=hns_bob_tlds.csv,2026-05-15T21:54:27,False
charcoronation,,,False,,,,,22catchall,False,active,2026-05-15,2026-05-15,SS=hns_ss-export-tld.20251226_20260107_translated_20260117.adapted.csv;HSD=hns_bob_tlds.csv,2026-05-15T21:54:27,False
charitypictures,,,False,,,,,tim4sk,False,active,2026-05-15,2026-05-15,SS=hns_ss-export-tld.20251226_20260107_translated_20260117.adapted.csv;HSD=hns_bob_tlds.csv,2026-05-15T21:54:27,False
charwoman,,,False,,,,,12tea,False,active,2026-05-15,2026-05-15,SS=hns_ss-export-tld.20251226_20260107_translated_20260117.adapted.csv;HSD=hns_bob_tlds.csv,2026-05-15T21:54:27,False
chasetree,,,False,,,,,22catchall,False,active,2026-05-15,2026-05-15,SS=hns_ss-export-tld.20251226_20260107_translated_20260117.adapted.csv;HSD=hns_bob_tlds.csv,2026-05-15T21:54:27,False
chazaud,,,False,,,,,timaxau,False,active,2026-05-15,2026-05-15,SS=hns_ss-export-tld.20251226_20260107_translated_20260117.adapted.csv;HSD=hns_bob_tlds.csv,2026-05-15T21:54:27,False
childdao,,,False,,,,,22catchall,False,active,2026-05-15,2026-05-15,SS=hns_ss-export-tld.20251226_20260107_translated_20260117.adapted.csv;HSD=hns_bob_tlds.csv,2026-05-15T21:54:27,False
chillmari,,,False,,,,,m1f,False,active,2026-05-15,2026-05-15,SS=hns_ss-export-tld.20251226_20260107_translated_20260117.adapted.csv;HSD=hns_bob_tlds.csv,2026-05-15T21:54:27,False
china8888,,,False,,,,,22catchall,False,active,2026-05-15,2026-05-15,SS=hns_ss-export-tld.20251226_20260107_translated_20260117.adapted.csv;HSD=hns_bob_tlds.csv,2026-05-15T21:54:27,False
chinawalk,,,False,,,,,22catchall,False,active,2026-05-15,2026-05-15,SS=hns_ss-export-tld.20251226_20260107_translated_20260117.adapted.csv;HSD=hns_bob_tlds.csv,2026-05-15T21:54:27,False
chineasy,,,False,,,,,tim4sk,False,active,2026-05-15,2026-05-15,SS=hns_ss-export-tld.20251226_20260107_translated_20260117.adapted.csv;HSD=hns_bob_tlds.csv,2026-05-15T21:54:27,False
chinesewhale,,,False,,,,,22catchall,False,active,2026-05-15,2026-05-15,SS=hns_ss-export-tld.20251226_20260107_translated_20260117.adapted.csv;HSD=hns_bob_tlds.csv,2026-05-15T21:54:27,False
chipwood,,,False,,,,,22catchall,False,active,2026-05-15,2026-05-15,SS=hns_ss-export-tld.20251226_20260107_translated_20260117.adapted.csv;HSD=hns_bob_tlds.csv,2026-05-15T21:54:27,False
chrysophrysaustralis,,,False,,,,,22catchall,False,active,2026-05-15,2026-05-15,SS=hns_ss-export-tld.20251226_20260107_translated_20260117.adapted.csv;HSD=hns_bob_tlds.csv,2026-05-15T21:54:27,False
cidda,,,False,,,,,tim4sk,False,active,2026-05-15,2026-05-15,SS=hns_ss-export-tld.20251226_20260107_translated_20260117.adapted.csv;HSD=hns_bob_tlds.csv,2026-05-15T21:54:27,False
circumfix,,,False,,,,,22catchall,False,active,2026-05-15,2026-05-15,SS=hns_ss-export-tld.20251226_20260107_translated_20260117.adapted.csv;HSD=hns_bob_tlds.csv,2026-05-15T21:54:27,False
cistgrave,,,False,,,,,k1f,False,active,2026-05-15,2026-05-15,SS=hns_ss-export-tld.20251226_20260107_translated_20260117.adapted.csv;HSD=hns_bob_tlds.csv,2026-05-15T21:54:27,False
cityofsydney,,,False,,,,,timaxau,False,active,2026-05-15,2026-05-15,SS=hns_ss-export-tld.20251226_20260107_translated_20260117.adapted.csv;HSD=hns_bob_tlds.csv,2026-05-15T21:54:27,False
claretred,,,False,,,,,tim4sk,False,active,2026-05-15,2026-05-15,SS=hns_ss-export-tld.20251226_20260107_translated_20260117.adapted.csv;HSD=hns_bob_tlds.csv,2026-05-15T21:54:27,False
cleanft,,,False,,,,,22catchall,False,active,2026-05-15,2026-05-15,SS=hns_ss-export-tld.20251226_20260107_translated_20260117.adapted.csv;HSD=hns_bob_tlds.csv,2026-05-15T21:54:27,False
clearance1hns,,,False,,,,,22catchall,False,active,2026-05-15,2026-05-15,SS=hns_ss-export-tld.20251226_20260107_translated_20260117.adapted.csv;HSD=hns_bob_tlds.csv,2026-05-15T21:54:27,False
clinicaldeath,,,False,,,,,k1f,False,active,2026-05-15,2026-05-15,SS=hns_ss-export-tld.20251226_20260107_translated_20260117.adapted.csv;HSD=hns_bob_tlds.csv,2026-05-15T21:54:27,False
clinicshop,,,False,,,,,tim4sk,False,active,2026-05-15,2026-05-15,SS=hns_ss-export-tld.20251226_20260107_translated_20260117.adapted.csv;HSD=hns_bob_tlds.csv,2026-05-15T21:54:27,False
cloudmode,,,False,,,,,22catchall,False,active,2026-05-15,2026-05-15,SS=hns_ss-export-tld.20251226_20260107_translated_20260117.adapted.csv;HSD=hns_bob_tlds.csv,2026-05-15T21:54:27,False
coastalflowers,,,False,,,,,22catchall,False,active,2026-05-15,2026-05-15,SS=hns_ss-export-tld.20251226_20260107_translated_20260117.adapted.csv;HSD=hns_bob_tlds.csv,2026-05-15T21:54:27,False
coastbird,,,False,,,,,22catchall,False,active,2026-05-15,2026-05-15,SS=hns_ss-export-tld.20251226_20260107_translated_20260117.adapted.csv;HSD=hns_bob_tlds.csv,2026-05-15T21:54:27,False
coastcruise,,,False,,,,,h2o,False,active,2026-05-15,2026-05-15,SS=hns_ss-export-tld.20251226_20260107_translated_20260117.adapted.csv;HSD=hns_bob_tlds.csv,2026-05-15T21:54:27,False
coastnet,,,False,,,,,22catchall,False,active,2026-05-15,2026-05-15,SS=hns_ss-export-tld.20251226_20260107_translated_20260117.adapted.csv;HSD=hns_bob_tlds.csv,2026-05-15T21:54:27,False
cockaroo,,,False,,,,,timaxau,False,active,2026-05-15,2026-05-15,SS=hns_ss-export-tld.20251226_20260107_translated_20260117.adapted.csv;HSD=hns_bob_tlds.csv,2026-05-15T21:54:27,False
codegptdev,,,False,,,,,22catchall,False,active,2026-05-15,2026-05-15,SS=hns_ss-export-tld.20251226_20260107_translated_20260117.adapted.csv;HSD=hns_bob_tlds.csv,2026-05-15T21:54:27,False
codinghelp,,,False,,,,,22catchall,False,active,2026-05-15,2026-05-15,SS=hns_ss-export-tld.20251226_20260107_translated_20260117.adapted.csv;HSD=hns_bob_tlds.csv,2026-05-15T21:54:27,False
coffeecamp,,,False,,,,,timaxau,False,active,2026-05-15,2026-05-15,SS=hns_ss-export-tld.20251226_20260107_translated_20260117.adapted.csv;HSD=hns_bob_tlds.csv,2026-05-15T21:54:27,False
coffinbay,,,False,,,,,timaxau,False,active,2026-05-15,2026-05-15,SS=hns_ss-export-tld.20251226_20260107_translated_20260117.adapted.csv;HSD=hns_bob_tlds.csv,2026-05-15T21:54:27,False
coffinless,,,False,,,,,k1f,False,active,2026-05-15,2026-05-15,SS=hns_ss-export-tld.20251226_20260107_translated_20260117.adapted.csv;HSD=hns_bob_tlds.csv,2026-05-15T21:54:27,False
coinoxo,,,False,,,,,timaxau,False,active,2026-05-15,2026-05-15,SS=hns_ss-export-tld.20251226_20260107_translated_20260117.adapted.csv;HSD=hns_bob_tlds.csv,2026-05-15T21:54:27,False
coinry,,,False,,,,,timaxau,False,active,2026-05-15,2026-05-15,SS=hns_ss-export-tld.20251226_20260107_translated_20260117.adapted.csv;HSD=hns_bob_tlds.csv,2026-05-15T21:54:27,False
cointrue,,,False,,,,,21trueone,False,active,2026-05-15,2026-05-15,SS=hns_ss-export-tld.20251226_20260107_translated_20260117.adapted.csv;HSD=hns_bob_tlds.csv,2026-05-15T21:54:27,False
collectanea,,,False,,,,,22catchall,False,active,2026-05-15,2026-05-15,SS=hns_ss-export-tld.20251226_20260107_translated_20260117.adapted.csv;HSD=hns_bob_tlds.csv,2026-05-15T21:54:27,False
colorfulbird,,,False,,,,,22catchall,False,active,2026-05-15,2026-05-15,SS=hns_ss-export-tld.20251226_20260107_translated_20260117.adapted.csv;HSD=hns_bob_tlds.csv,2026-05-15T21:54:27,False
colouroffire,,,False,,,,,22catchall,False,active,2026-05-15,2026-05-15,SS=hns_ss-export-tld.20251226_20260107_translated_20260117.adapted.csv;HSD=hns_bob_tlds.csv,2026-05-15T21:54:27,False
cometfish,,,False,,,,,r1f,False,active,2026-05-15,2026-05-15,SS=hns_ss-export-tld.20251226_20260107_translated_20260117.adapted.csv;HSD=hns_bob_tlds.csv,2026-05-15T21:54:27,False
cometotheaidof,,,False,,,,,k1f,False,active,2026-05-15,2026-05-15,SS=hns_ss-export-tld.20251226_20260107_translated_20260117.adapted.csv;HSD=hns_bob_tlds.csv,2026-05-15T21:54:27,False
commemorate,,,False,,,,,k1f,False,active,2026-05-15,2026-05-15,SS=hns_ss-export-tld.20251226_20260107_translated_20260117.adapted.csv;HSD=hns_bob_tlds.csv,2026-05-15T21:54:27,False
compostheap,,,False,,,,,tim4sk,False,active,2026-05-15,2026-05-15,SS=hns_ss-export-tld.20251226_20260107_translated_20260117.adapted.csv;HSD=hns_bob_tlds.csv,2026-05-15T21:54:27,False
compostpile,,,False,,,,,tim4sk,False,active,2026-05-15,2026-05-15,SS=hns_ss-export-tld.20251226_20260107_translated_20260117.adapted.csv;HSD=hns_bob_tlds.csv,2026-05-15T21:54:27,False
comura,,,False,,,,,22catchall,False,active,2026-05-15,2026-05-15,SS=hns_ss-export-tld.20251226_20260107_translated_20260117.adapted.csv;HSD=hns_bob_tlds.csv,2026-05-15T21:54:27,False
concordi,,,False,,,,,22catchall,False,active,2026-05-15,2026-05-15,SS=hns_ss-export-tld.20251226_20260107_translated_20260117.adapted.csv;HSD=hns_bob_tlds.csv,2026-05-15T21:54:27,False
conquien,,,False,,,,,22catchall,False,active,2026-05-15,2026-05-15,SS=hns_ss-export-tld.20251226_20260107_translated_20260117.adapted.csv;HSD=hns_bob_tlds.csv,2026-05-15T21:54:27,False
convay,,,False,,,,,22catchall,False,active,2026-05-15,2026-05-15,SS=hns_ss-export-tld.20251226_20260107_translated_20260117.adapted.csv;HSD=hns_bob_tlds.csv,2026-05-15T21:54:27,False
convolutedstory,,,False,,,,,22catchall,False,active,2026-05-15,2026-05-15,SS=hns_ss-export-tld.20251226_20260107_translated_20260117.adapted.csv;HSD=hns_bob_tlds.csv,2026-05-15T21:54:27,False
cookingherbs,,,False,,,,,22catchall,False,active,2026-05-15,2026-05-15,SS=hns_ss-export-tld.20251226_20260107_translated_20260117.adapted.csv;HSD=hns_bob_tlds.csv,2026-05-15T21:54:27,False
coolabahs,,,False,,,,,timaxau,False,active,2026-05-15,2026-05-15,SS=hns_ss-export-tld.20251226_20260107_translated_20260117.adapted.csv;HSD=hns_bob_tlds.csv,2026-05-15T21:54:27,False
cooladdi,,,False,,,,,timaxau,False,active,2026-05-15,2026-05-15,SS=hns_ss-export-tld.20251226_20260107_translated_20260117.adapted.csv;HSD=hns_bob_tlds.csv,2026-05-15T21:54:27,False
coolfellow,,,False,,,,,22catchall,False,active,2026-05-15,2026-05-15,SS=hns_ss-export-tld.20251226_20260107_translated_20260117.adapted.csv;HSD=hns_bob_tlds.csv,2026-05-15T21:54:27,False
coologi,,,False,,,,,22catchall,False,active,2026-05-15,2026-05-15,SS=hns_ss-export-tld.20251226_20260107_translated_20260117.adapted.csv;HSD=hns_bob_tlds.csv,2026-05-15T21:54:27,False
cooloolabin,,,False,,,,,timaxau,False,active,2026-05-15,2026-05-15,SS=hns_ss-export-tld.20251226_20260107_translated_20260117.adapted.csv;HSD=hns_bob_tlds.csv,2026-05-15T21:54:27,False
coolum,,,False,,,,,timaxau,False,active,2026-05-15,2026-05-15,SS=hns_ss-export-tld.20251226_20260107_translated_20260117.adapted.csv;HSD=hns_bob_tlds.csv,2026-05-15T21:54:27,False
coonabarabran,,,False,,,,,timaxau,False,active,2026-05-15,2026-05-15,SS=hns_ss-export-tld.20251226_20260107_translated_20260117.adapted.csv;HSD=hns_bob_tlds.csv,2026-05-15T21:54:27,False
cooroy,,,False,,,,,timaxau,False,active,2026-05-15,2026-05-15,SS=hns_ss-export-tld.20251226_20260107_translated_20260117.adapted.csv;HSD=hns_bob_tlds.csv,2026-05-15T21:54:27,False
copycatnft,,,False,,,,,22catchall,False,active,2026-05-15,2026-05-15,SS=hns_ss-export-tld.20251226_20260107_translated_20260117.adapted.csv;HSD=hns_bob_tlds.csv,2026-05-15T21:54:27,False
coralbleaching,,,False,,,,,22catchall,False,active,2026-05-15,2026-05-15,SS=hns_ss-export-tld.20251226_20260107_translated_20260117.adapted.csv;HSD=hns_bob_tlds.csv,2026-05-15T21:54:27,False
coralife,,,False,,,,,22catchall,False,active,2026-05-15,2026-05-15,SS=hns_ss-export-tld.20251226_20260107_translated_20260117.adapted.csv;HSD=hns_bob_tlds.csv,2026-05-15T21:54:27,False
cornida,,,False,,,,,h4ndsh4k,False,active,2026-05-15,2026-05-15,SS=hns_ss-export-tld.20251226_20260107_translated_20260117.adapted.csv;HSD=hns_bob_tlds.csv,2026-05-15T21:54:27,False
cosmic-ai,,,False,,,,,22catchall,False,active,2026-05-15,2026-05-15,SS=hns_ss-export-tld.20251226_20260107_translated_20260117.adapted.csv;HSD=hns_bob_tlds.csv,2026-05-15T21:54:27,False
cosmicwisdom,,,False,,,,,22catchall,False,active,2026-05-15,2026-05-15,SS=hns_ss-export-tld.20251226_20260107_translated_20260117.adapted.csv;HSD=hns_bob_tlds.csv,2026-05-15T21:54:27,False
cosmikdust,,,False,,,,,22catchall,False,active,2026-05-15,2026-05-15,SS=hns_ss-export-tld.20251226_20260107_translated_20260117.adapted.csv;HSD=hns_bob_tlds.csv,2026-05-15T21:54:27,False
countdata,,,False,,,,,22catchall,False,active,2026-05-15,2026-05-15,SS=hns_ss-export-tld.20251226_20260107_translated_20260117.adapted.csv;HSD=hns_bob_tlds.csv,2026-05-15T21:54:27,False
countersecurity,,,False,,,,,22catchall,False,active,2026-05-15,2026-05-15,SS=hns_ss-export-tld.20251226_20260107_translated_20260117.adapted.csv;HSD=hns_bob_tlds.csv,2026-05-15T21:54:27,False
couplecoach,,,False,,,,,22catchall,False,active,2026-05-15,2026-05-15,SS=hns_ss-export-tld.20251226_20260107_translated_20260117.adapted.csv;HSD=hns_bob_tlds.csv,2026-05-15T21:54:27,False
cowrie,,,False,,,,,k1f,False,active,2026-05-15,2026-05-15,SS=hns_ss-export-tld.20251226_20260107_translated_20260117.adapted.csv;HSD=hns_bob_tlds.csv,2026-05-15T21:54:27,False
cowscene,,,False,,,,,22catchall,False,active,2026-05-15,2026-05-15,SS=hns_ss-export-tld.20251226_20260107_translated_20260117.adapted.csv;HSD=hns_bob_tlds.csv,2026-05-15T21:54:27,False
cqcoal,,,False,,,,,22catchall,False,active,2026-05-15,2026-05-15,SS=hns_ss-export-tld.20251226_20260107_translated_20260117.adapted.csv;HSD=hns_bob_tlds.csv,2026-05-15T21:54:27,False
crazytea,,,False,,,,,12tea,False,active,2026-05-15,2026-05-15,SS=hns_ss-export-tld.20251226_20260107_translated_20260117.adapted.csv;HSD=hns_bob_tlds.csv,2026-05-15T21:54:27,False
crbau,,,False,,,,,timaxau,False,active,2026-05-15,2026-05-15,SS=hns_ss-export-tld.20251226_20260107_translated_20260117.adapted.csv;HSD=hns_bob_tlds.csv,2026-05-15T21:54:27,False
creafamainc,,,False,,,,,22catchall,False,active,2026-05-15,2026-05-15,SS=hns_ss-export-tld.20251226_20260107_translated_20260117.adapted.csv;HSD=hns_bob_tlds.csv,2026-05-15T21:54:27,False
creatext,,,False,,,,,22catchall,False,active,2026-05-15,2026-05-15,SS=hns_ss-export-tld.20251226_20260107_translated_20260117.adapted.csv;HSD=hns_bob_tlds.csv,2026-05-15T21:54:27,False
creepyoldphotos,,,False,,,,,tim4sk,False,active,2026-05-15,2026-05-15,SS=hns_ss-export-tld.20251226_20260107_translated_20260117.adapted.csv;HSD=hns_bob_tlds.csv,2026-05-15T21:54:27,False
crittercatcher,,,False,,,,,tim4sk,False,active,2026-05-15,2026-05-15,SS=hns_ss-export-tld.20251226_20260107_translated_20260117.adapted.csv;HSD=hns_bob_tlds.csv,2026-05-15T21:54:27,False
critterfest,,,False,,,,,tim4sk,False,active,2026-05-15,2026-05-15,SS=hns_ss-export-tld.20251226_20260107_translated_20260117.adapted.csv;HSD=hns_bob_tlds.csv,2026-05-15T21:54:27,False
crownt,,,False,,,,,22catchall,False,active,2026-05-15,2026-05-15,SS=hns_ss-export-tld.20251226_20260107_translated_20260117.adapted.csv;HSD=hns_bob_tlds.csv,2026-05-15T21:54:27,False
cryptickatz,,,False,,,,,22catchall,False,active,2026-05-15,2026-05-15,SS=hns_ss-export-tld.20251226_20260107_translated_20260117.adapted.csv;HSD=hns_bob_tlds.csv,2026-05-15T21:54:27,False
cryptodrillin,,,False,,,,,22catchall,False,active,2026-05-15,2026-05-15,SS=hns_ss-export-tld.20251226_20260107_translated_20260117.adapted.csv;HSD=hns_bob_tlds.csv,2026-05-15T21:54:27,False
crzghcsjz2cwpxfgluhfdp5uvhffhsgvlfj3nxywpksrc7ve5dqa,,,False,,,,,22catchall,False,active,2026-05-15,2026-05-15,SS=hns_ss-export-tld.20251226_20260107_translated_20260117.adapted.csv;HSD=hns_bob_tlds.csv,2026-05-15T21:54:27,False
cuestita,,,False,,,,,22catchall,False,active,2026-05-15,2026-05-15,SS=hns_ss-export-tld.20251226_20260107_translated_20260117.adapted.csv;HSD=hns_bob_tlds.csv,2026-05-15T21:54:27,False
cuevapunta,,,False,,,,,22catchall,False,active,2026-05-15,2026-05-15,SS=hns_ss-export-tld.20251226_20260107_translated_20260117.adapted.csv;HSD=hns_bob_tlds.csv,2026-05-15T21:54:27,False
cuevo,,,False,,,,,tim4sk,False,active,2026-05-15,2026-05-15,SS=hns_ss-export-tld.20251226_20260107_translated_20260117.adapted.csv;HSD=hns_bob_tlds.csv,2026-05-15T21:54:27,False
cumbre,,,False,,,,,22catchall,False,active,2026-05-15,2026-05-15,SS=hns_ss-export-tld.20251226_20260107_translated_20260117.adapted.csv;HSD=hns_bob_tlds.csv,2026-05-15T21:54:27,False
cumn,,,False,,,,,22catchall,False,active,2026-05-15,2026-05-15,SS=hns_ss-export-tld.20251226_20260107_translated_20260117.adapted.csv;HSD=hns_bob_tlds.csv,2026-05-15T21:54:27,False
cumuni,,,False,,,,,22catchall,False,active,2026-05-15,2026-05-15,SS=hns_ss-export-tld.20251226_20260107_translated_20260117.adapted.csv;HSD=hns_bob_tlds.csv,2026-05-15T21:54:27,False
cuppaz,,,False,,,,,12tea,False,active,2026-05-15,2026-05-15,SS=hns_ss-export-tld.20251226_20260107_translated_20260117.adapted.csv;HSD=hns_bob_tlds.csv,2026-05-15T21:54:27,False
curryfish,,,False,,,,,22catchall,False,active,2026-05-15,2026-05-15,SS=hns_ss-export-tld.20251226_20260107_translated_20260117.adapted.csv;HSD=hns_bob_tlds.csv,2026-05-15T21:54:27,False
curx,,,False,,,,,h4ndsh4k,False,active,2026-05-15,2026-05-15,SS=hns_ss-export-tld.20251226_20260107_translated_20260117.adapted.csv;HSD=hns_bob_tlds.csv,2026-05-15T21:54:27,False
cutre,,,False,,,,,22catchall,False,active,2026-05-15,2026-05-15,SS=hns_ss-export-tld.20251226_20260107_translated_20260117.adapted.csv;HSD=hns_bob_tlds.csv,2026-05-15T21:54:27,False
cuttyshark,,,False,,,,,r1f,False,active,2026-05-15,2026-05-15,SS=hns_ss-export-tld.20251226_20260107_translated_20260117.adapted.csv;HSD=hns_bob_tlds.csv,2026-05-15T21:54:27,False
cyrenaicism,,,False,,,,,22catchall,False,active,2026-05-15,2026-05-15,SS=hns_ss-export-tld.20251226_20260107_translated_20260117.adapted.csv;HSD=hns_bob_tlds.csv,2026-05-15T21:54:27,False
d24me,,,False,,,,,timaxau,False,active,2026-05-15,2026-05-15,SS=hns_ss-export-tld.20251226_20260107_translated_20260117.adapted.csv;HSD=hns_bob_tlds.csv,2026-05-15T21:54:27,False
d414b,,,False,,,,,22catchall,False,active,2026-05-15,2026-05-15,SS=hns_ss-export-tld.20251226_20260107_translated_20260117.adapted.csv;HSD=hns_bob_tlds.csv,2026-05-15T21:54:27,False
d414d,,,False,,,,,22catchall,False,active,2026-05-15,2026-05-15,SS=hns_ss-export-tld.20251226_20260107_translated_20260117.adapted.csv;HSD=hns_bob_tlds.csv,2026-05-15T21:54:27,False
d873,,,False,,,,,dfps,False,active,2026-05-15,2026-05-15,SS=hns_ss-export-tld.20251226_20260107_translated_20260117.adapted.csv;HSD=hns_bob_tlds.csv,2026-05-15T21:54:27,False
dailyhero,,,False,,,,,22catchall,False,active,2026-05-15,2026-05-15,SS=hns_ss-export-tld.20251226_20260107_translated_20260117.adapted.csv;HSD=hns_bob_tlds.csv,2026-05-15T21:54:27,False
dailyo,,,False,,,,,22catchall,False,active,2026-05-15,2026-05-15,SS=hns_ss-export-tld.20251226_20260107_translated_20260117.adapted.csv;HSD=hns_bob_tlds.csv,2026-05-15T21:54:27,False
dancecourses,,,False,,,,,22catchall,False,active,2026-05-15,2026-05-15,SS=hns_ss-export-tld.20251226_20260107_translated_20260117.adapted.csv;HSD=hns_bob_tlds.csv,2026-05-15T21:54:27,False
daned,,,False,,,,,tim4sk,False,active,2026-05-15,2026-05-15,SS=hns_ss-export-tld.20251226_20260107_translated_20260117.adapted.csv;HSD=hns_bob_tlds.csv,2026-05-15T21:54:27,False
daoclass,,,False,,,,,22catchall,False,active,2026-05-15,2026-05-15,SS=hns_ss-export-tld.20251226_20260107_translated_20260117.adapted.csv;HSD=hns_bob_tlds.csv,2026-05-15T21:54:27,False
daonunda,,,False,,,,,timaxau,False,active,2026-05-15,2026-05-15,SS=hns_ss-export-tld.20251226_20260107_translated_20260117.adapted.csv;HSD=hns_bob_tlds.csv,2026-05-15T21:54:27,False
daonunder,,,False,,,,,timaxau,False,active,2026-05-15,2026-05-15,SS=hns_ss-export-tld.20251226_20260107_translated_20260117.adapted.csv;HSD=hns_bob_tlds.csv,2026-05-15T21:54:27,False
daopensea,,,False,,,,,22catchall,False,active,2026-05-15,2026-05-15,SS=hns_ss-export-tld.20251226_20260107_translated_20260117.adapted.csv;HSD=hns_bob_tlds.csv,2026-05-15T21:54:27,False
daoreg,,,False,,,,,22catchall,False,active,2026-05-15,2026-05-15,SS=hns_ss-export-tld.20251226_20260107_translated_20260117.adapted.csv;HSD=hns_bob_tlds.csv,2026-05-15T21:54:27,False
daown,,,False,,,,,tim4sk,False,active,2026-05-15,2026-05-15,SS=hns_ss-export-tld.20251226_20260107_translated_20260117.adapted.csv;HSD=hns_bob_tlds.csv,2026-05-15T21:54:27,False
darkaccount,,,False,,,,,22catchall,False,active,2026-05-15,2026-05-15,SS=hns_ss-export-tld.20251226_20260107_translated_20260117.adapted.csv;HSD=hns_bob_tlds.csv,2026-05-15T21:54:27,False
darns,,,False,,,,,k1f,False,active,2026-05-15,2026-05-15,SS=hns_ss-export-tld.20251226_20260107_translated_20260117.adapted.csv;HSD=hns_bob_tlds.csv,2026-05-15T21:54:27,False
darwinfoundation,,,False,,,,,22catchall,False,active,2026-05-15,2026-05-15,SS=hns_ss-export-tld.20251226_20260107_translated_20260117.adapted.csv;HSD=hns_bob_tlds.csv,2026-05-15T21:54:27,False
davidic,,,False,,,,,22catchall,False,active,2026-05-15,2026-05-15,SS=hns_ss-export-tld.20251226_20260107_translated_20260117.adapted.csv;HSD=hns_bob_tlds.csv,2026-05-15T21:54:27,False
davyjonesslocker,,,False,,,,,22catchall,False,active,2026-05-15,2026-05-15,SS=hns_ss-export-tld.20251226_20260107_translated_20260117.adapted.csv;HSD=hns_bob_tlds.csv,2026-05-15T21:54:27,False
daysea,,,False,,,,,22catchall,False,active,2026-05-15,2026-05-15,SS=hns_ss-export-tld.20251226_20260107_translated_20260117.adapted.csv;HSD=hns_bob_tlds.csv,2026-05-15T21:54:27,False
ddwww,,,False,,,,,22catchall,False,active,2026-05-15,2026-05-15,SS=hns_ss-export-tld.20251226_20260107_translated_20260117.adapted.csv;HSD=hns_bob_tlds.csv,2026-05-15T21:54:27,False
deadgrateful,,,False,,,,,k1f,False,active,2026-05-15,2026-05-15,SS=hns_ss-export-tld.20251226_20260107_translated_20260117.adapted.csv;HSD=hns_bob_tlds.csv,2026-05-15T21:54:27,False
deadlyflora,,,False,,,,,tim4sk,False,active,2026-05-15,2026-05-15,SS=hns_ss-export-tld.20251226_20260107_translated_20260117.adapted.csv;HSD=hns_bob_tlds.csv,2026-05-15T21:54:27,False
deadpictures,,,False,,,,,tim4sk,False,active,2026-05-15,2026-05-15,SS=hns_ss-export-tld.20251226_20260107_translated_20260117.adapted.csv;HSD=hns_bob_tlds.csv,2026-05-15T21:54:27,False
death-bell,,,False,,,,,tim4sk,False,active,2026-05-15,2026-05-15,SS=hns_ss-export-tld.20251226_20260107_translated_20260117.adapted.csv;HSD=hns_bob_tlds.csv,2026-05-15T21:54:27,False
death-penny,,,False,,,,,tim4sk,False,active,2026-05-15,2026-05-15,SS=hns_ss-export-tld.20251226_20260107_translated_20260117.adapted.csv;HSD=hns_bob_tlds.csv,2026-05-15T21:54:27,False
deathamazing,,,False,,,,,tim4sk,False,active,2026-05-15,2026-05-15,SS=hns_ss-export-tld.20251226_20260107_translated_20260117.adapted.csv;HSD=hns_bob_tlds.csv,2026-05-15T21:54:27,False
deathbill,,,False,,,,,tim4sk,False,active,2026-05-15,2026-05-15,SS=hns_ss-export-tld.20251226_20260107_translated_20260117.adapted.csv;HSD=hns_bob_tlds.csv,2026-05-15T21:54:27,False
deatheaters,,,False,,,,,tim4sk,False,active,2026-05-15,2026-05-15,SS=hns_ss-export-tld.20251226_20260107_translated_20260117.adapted.csv;HSD=hns_bob_tlds.csv,2026-05-15T21:54:27,False
deathfeed,,,False,,,,,tim4sk,False,active,2026-05-15,2026-05-15,SS=hns_ss-export-tld.20251226_20260107_translated_20260117.adapted.csv;HSD=hns_bob_tlds.csv,2026-05-15T21:54:27,False
deathjoke,,,False,,,,,22catchall,False,active,2026-05-15,2026-05-15,SS=hns_ss-export-tld.20251226_20260107_translated_20260117.adapted.csv;HSD=hns_bob_tlds.csv,2026-05-15T21:54:27,False
deathpoem,,,False,,,,,k1f,False,active,2026-05-15,2026-05-15,SS=hns_ss-export-tld.20251226_20260107_translated_20260117.adapted.csv;HSD=hns_bob_tlds.csv,2026-05-15T21:54:27,False
deathpoems,,,False,,,,,k1f,False,active,2026-05-15,2026-05-15,SS=hns_ss-export-tld.20251226_20260107_translated_20260117.adapted.csv;HSD=hns_bob_tlds.csv,2026-05-15T21:54:27,False
deathquotes,,,False,,,,,tim4sk,False,active,2026-05-15,2026-05-15,SS=hns_ss-export-tld.20251226_20260107_translated_20260117.adapted.csv;HSD=hns_bob_tlds.csv,2026-05-15T21:54:27,False
deathstay,,,False,,,,,tim4sk,False,active,2026-05-15,2026-05-15,SS=hns_ss-export-tld.20251226_20260107_translated_20260117.adapted.csv;HSD=hns_bob_tlds.csv,2026-05-15T21:54:27,False
deathstories,,,False,,,,,k1f,False,active,2026-05-15,2026-05-15,SS=hns_ss-export-tld.20251226_20260107_translated_20260117.adapted.csv;HSD=hns_bob_tlds.csv,2026-05-15T21:54:27,False
debbies,,,False,,,,,22catchall,False,active,2026-05-15,2026-05-15,SS=hns_ss-export-tld.20251226_20260107_translated_20260117.adapted.csv;HSD=hns_bob_tlds.csv,2026-05-15T21:54:27,False
debtafterdeath,,,False,,,,,tim4sk,False,active,2026-05-15,2026-05-15,SS=hns_ss-export-tld.20251226_20260107_translated_20260117.adapted.csv;HSD=hns_bob_tlds.csv,2026-05-15T21:54:27,False
debtofnature,,,False,,,,,k1f,False,active,2026-05-15,2026-05-15,SS=hns_ss-export-tld.20251226_20260107_translated_20260117.adapted.csv;HSD=hns_bob_tlds.csv,2026-05-15T21:54:27,False
deceasedformer,,,False,,,,,tim4sk,False,active,2026-05-15,2026-05-15,SS=hns_ss-export-tld.20251226_20260107_translated_20260117.adapted.csv;HSD=hns_bob_tlds.csv,2026-05-15T21:54:27,False
deckmerge,,,False,,,,,tim4sk,False,active,2026-05-15,2026-05-15,SS=hns_ss-export-tld.20251226_20260107_translated_20260117.adapted.csv;HSD=hns_bob_tlds.csv,2026-05-15T21:54:27,False
declineoflife,,,False,,,,,k1f,False,active,2026-05-15,2026-05-15,SS=hns_ss-export-tld.20251226_20260107_translated_20260117.adapted.csv;HSD=hns_bob_tlds.csv,2026-05-15T21:54:27,False
deeeznuts,,,False,,,,,22catchall,False,active,2026-05-15,2026-05-15,SS=hns_ss-export-tld.20251226_20260107_translated_20260117.adapted.csv;HSD=hns_bob_tlds.csv,2026-05-15T21:54:27,False
departedspirit,,,False,,,,,k1f,False,active,2026-05-15,2026-05-15,SS=hns_ss-export-tld.20251226_20260107_translated_20260117.adapted.csv;HSD=hns_bob_tlds.csv,2026-05-15T21:54:27,False
dependon,,,False,,,,,k1f,False,active,2026-05-15,2026-05-15,SS=hns_ss-export-tld.20251226_20260107_translated_20260117.adapted.csv;HSD=hns_bob_tlds.csv,2026-05-15T21:54:27,False
depotld,,,False,,,,,22catchall,False,active,2026-05-15,2026-05-15,SS=hns_ss-export-tld.20251226_20260107_translated_20260117.adapted.csv;HSD=hns_bob_tlds.csv,2026-05-15T21:54:27,False
depressively,,,False,,,,,22catchall,False,active,2026-05-15,2026-05-15,SS=hns_ss-export-tld.20251226_20260107_translated_20260117.adapted.csv;HSD=hns_bob_tlds.csv,2026-05-15T21:54:27,False
derdeba,,,False,,,,,k1f,False,active,2026-05-15,2026-05-15,SS=hns_ss-export-tld.20251226_20260107_translated_20260117.adapted.csv;HSD=hns_bob_tlds.csv,2026-05-15T21:54:27,False
desalinization,,,False,,,,,22catchall,False,active,2026-05-15,2026-05-15,SS=hns_ss-export-tld.20251226_20260107_translated_20260117.adapted.csv;HSD=hns_bob_tlds.csv,2026-05-15T21:54:27,False
deviart,,,False,,,,,22catchall,False,active,2026-05-15,2026-05-15,SS=hns_ss-export-tld.20251226_20260107_translated_20260117.adapted.csv;HSD=hns_bob_tlds.csv,2026-05-15T21:54:27,False
devilfishes,,,False,,,,,22catchall,False,active,2026-05-15,2026-05-15,SS=hns_ss-export-tld.20251226_20260107_translated_20260117.adapted.csv;HSD=hns_bob_tlds.csv,2026-05-15T21:54:27,False
dewhns,,,False,,,,,giftosend,False,active,2026-05-15,2026-05-15,SS=hns_ss-export-tld.20251226_20260107_translated_20260117.adapted.csv;HSD=hns_bob_tlds.csv,2026-05-15T21:54:27,False
diamonddue,,,False,,,,,22catchall,False,active,2026-05-15,2026-05-15,SS=hns_ss-export-tld.20251226_20260107_translated_20260117.adapted.csv;HSD=hns_bob_tlds.csv,2026-05-15T21:54:27,False
diaphoresis,,,False,,,,,22catchall,False,active,2026-05-15,2026-05-15,SS=hns_ss-export-tld.20251226_20260107_translated_20260117.adapted.csv;HSD=hns_bob_tlds.csv,2026-05-15T21:54:27,False
diceboard,,,False,,,,,tim4sk,False,active,2026-05-15,2026-05-15,SS=hns_ss-export-tld.20251226_20260107_translated_20260117.adapted.csv;HSD=hns_bob_tlds.csv,2026-05-15T21:54:27,False
diets,,,False,,,,,tim4sk,False,active,2026-05-15,2026-05-15,SS=hns_ss-export-tld.20251226_20260107_translated_20260117.adapted.csv;HSD=hns_bob_tlds.csv,2026-05-15T21:54:27,False
difficultchild,,,False,,,,,tim4sk,False,active,2026-05-15,2026-05-15,SS=hns_ss-export-tld.20251226_20260107_translated_20260117.adapted.csv;HSD=hns_bob_tlds.csv,2026-05-15T21:54:27,False
digenea,,,False,,,,,22catchall,False,active,2026-05-15,2026-05-15,SS=hns_ss-export-tld.20251226_20260107_translated_20260117.adapted.csv;HSD=hns_bob_tlds.csv,2026-05-15T21:54:27,False
diger,,,False,,,,,22catchall,False,active,2026-05-15,2026-05-15,SS=hns_ss-export-tld.20251226_20260107_translated_20260117.adapted.csv;HSD=hns_bob_tlds.csv,2026-05-15T21:54:27,False
dighari,,,False,,,,,22catchall,False,active,2026-05-15,2026-05-15,SS=hns_ss-export-tld.20251226_20260107_translated_20260117.adapted.csv;HSD=hns_bob_tlds.csv,2026-05-15T21:54:27,False
digitalfiles,,,False,,,,,22catchall,False,active,2026-05-15,2026-05-15,SS=hns_ss-export-tld.20251226_20260107_translated_20260117.adapted.csv;HSD=hns_bob_tlds.csv,2026-05-15T21:54:27,False
digitalharbor,,,False,,,,,22catchall,False,active,2026-05-15,2026-05-15,SS=hns_ss-export-tld.20251226_20260107_translated_20260117.adapted.csv;HSD=hns_bob_tlds.csv,2026-05-15T21:54:27,False
digitaljpeg,,,False,,,,,22catchall,False,active,2026-05-15,2026-05-15,SS=hns_ss-export-tld.20251226_20260107_translated_20260117.adapted.csv;HSD=hns_bob_tlds.csv,2026-05-15T21:54:27,False
digiwarz,,,False,,,,,tim4sk,False,active,2026-05-15,2026-05-15,SS=hns_ss-export-tld.20251226_20260107_translated_20260117.adapted.csv;HSD=hns_bob_tlds.csv,2026-05-15T21:54:27,False
digsair,,,False,,,,,22catchall,False,active,2026-05-15,2026-05-15,SS=hns_ss-export-tld.20251226_20260107_translated_20260117.adapted.csv;HSD=hns_bob_tlds.csv,2026-05-15T21:54:27,False
dildwar,,,False,,,,,22catchall,False,active,2026-05-15,2026-05-15,SS=hns_ss-export-tld.20251226_20260107_translated_20260117.adapted.csv;HSD=hns_bob_tlds.csv,2026-05-15T21:54:27,False
dinerabc,,,False,,,,,22catchall,False,active,2026-05-15,2026-05-15,SS=hns_ss-export-tld.20251226_20260107_translated_20260117.adapted.csv;HSD=hns_bob_tlds.csv,2026-05-15T21:54:27,False
dinersabc,,,False,,,,,22catchall,False,active,2026-05-15,2026-05-15,SS=hns_ss-export-tld.20251226_20260107_translated_20260117.adapted.csv;HSD=hns_bob_tlds.csv,2026-05-15T21:54:27,False
dingocoin,,,False,,,,,timaxau,False,active,2026-05-15,2026-05-15,SS=hns_ss-export-tld.20251226_20260107_translated_20260117.adapted.csv;HSD=hns_bob_tlds.csv,2026-05-15T21:54:27,False
dinosaurset,,,False,,,,,22catchall,False,active,2026-05-15,2026-05-15,SS=hns_ss-export-tld.20251226_20260107_translated_20260117.adapted.csv;HSD=hns_bob_tlds.csv,2026-05-15T21:54:27,False
diplomate,,,False,,,,,timaxau,False,active,2026-05-15,2026-05-15,SS=hns_ss-export-tld.20251226_20260107_translated_20260117.adapted.csv;HSD=hns_bob_tlds.csv,2026-05-15T21:54:27,False
dirge,,,False,,,,,k1f,False,active,2026-05-15,2026-05-15,SS=hns_ss-export-tld.20251226_20260107_translated_20260117.adapted.csv;HSD=hns_bob_tlds.csv,2026-05-15T21:54:27,False
disabledworld,,,False,,,,,22catchall,False,active,2026-05-15,2026-05-15,SS=hns_ss-export-tld.20251226_20260107_translated_20260117.adapted.csv;HSD=hns_bob_tlds.csv,2026-05-15T21:54:27,False
discorde,,,False,,,,,22catchall,False,active,2026-05-15,2026-05-15,SS=hns_ss-export-tld.20251226_20260107_translated_20260117.adapted.csv;HSD=hns_bob_tlds.csv,2026-05-15T21:54:27,False
ditchwater,,,False,,,,,22catchall,False,active,2026-05-15,2026-05-15,SS=hns_ss-export-tld.20251226_20260107_translated_20260117.adapted.csv;HSD=hns_bob_tlds.csv,2026-05-15T21:54:27,False
divetackle,,,False,,,,,h2o,False,active,2026-05-15,2026-05-15,SS=hns_ss-export-tld.20251226_20260107_translated_20260117.adapted.csv;HSD=hns_bob_tlds.csv,2026-05-15T21:54:27,False
diyhrt,,,False,,,,,k1f,False,active,2026-05-15,2026-05-15,SS=hns_ss-export-tld.20251226_20260107_translated_20260117.adapted.csv;HSD=hns_bob_tlds.csv,2026-05-15T21:54:27,False
diystores,,,False,,,,,22catchall,False,active,2026-05-15,2026-05-15,SS=hns_ss-export-tld.20251226_20260107_translated_20260117.adapted.csv;HSD=hns_bob_tlds.csv,2026-05-15T21:54:27,False
dj-m,,,False,,,,,dfps,False,active,2026-05-15,2026-05-15,SS=hns_ss-export-tld.20251226_20260107_translated_20260117.adapted.csv;HSD=hns_bob_tlds.csv,2026-05-15T21:54:27,False
djcm,,,False,,,,,dfps,False,active,2026-05-15,2026-05-15,SS=hns_ss-export-tld.20251226_20260107_translated_20260117.adapted.csv;HSD=hns_bob_tlds.csv,2026-05-15T21:54:27,False
dm73,,,False,,,,,22catchall,False,active,2026-05-15,2026-05-15,SS=hns_ss-export-tld.20251226_20260107_translated_20260117.adapted.csv;HSD=hns_bob_tlds.csv,2026-05-15T21:54:27,False
doabit,,,False,,,,,22catchall,False,active,2026-05-15,2026-05-15,SS=hns_ss-export-tld.20251226_20260107_translated_20260117.adapted.csv;HSD=hns_bob_tlds.csv,2026-05-15T21:54:27,False
dobring,,,False,,,,,22catchall,False,active,2026-05-15,2026-05-15,SS=hns_ss-export-tld.20251226_20260107_translated_20260117.adapted.csv;HSD=hns_bob_tlds.csv,2026-05-15T21:54:27,False
dobx,,,False,,,,,timaxau,False,active,2026-05-15,2026-05-15,SS=hns_ss-export-tld.20251226_20260107_translated_20260117.adapted.csv;HSD=hns_bob_tlds.csv,2026-05-15T21:54:27,False
doctorew,,,False,,,,,22catchall,False,active,2026-05-15,2026-05-15,SS=hns_ss-export-tld.20251226_20260107_translated_20260117.adapted.csv;HSD=hns_bob_tlds.csv,2026-05-15T21:54:27,False
dogvscat,,,False,,,,,22catchall,False,active,2026-05-15,2026-05-15,SS=hns_ss-export-tld.20251226_20260107_translated_20260117.adapted.csv;HSD=hns_bob_tlds.csv,2026-05-15T21:54:27,False
dohai,,,False,,,,,22catchall,False,active,2026-05-15,2026-05-15,SS=hns_ss-export-tld.20251226_20260107_translated_20260117.adapted.csv;HSD=hns_bob_tlds.csv,2026-05-15T21:54:27,False
dokhma,,,False,,,,,k1f,False,active,2026-05-15,2026-05-15,SS=hns_ss-export-tld.20251226_20260107_translated_20260117.adapted.csv;HSD=hns_bob_tlds.csv,2026-05-15T21:54:27,False
dolua,,,False,,,,,22catchall,False,active,2026-05-15,2026-05-15,SS=hns_ss-export-tld.20251226_20260107_translated_20260117.adapted.csv;HSD=hns_bob_tlds.csv,2026-05-15T21:54:27,False
domainal,,,False,,,,,22catchall,False,active,2026-05-15,2026-05-15,SS=hns_ss-export-tld.20251226_20260107_translated_20260117.adapted.csv;HSD=hns_bob_tlds.csv,2026-05-15T21:54:27,False
domainame,,,False,,,,,22catchall,False,active,2026-05-15,2026-05-15,SS=hns_ss-export-tld.20251226_20260107_translated_20260117.adapted.csv;HSD=hns_bob_tlds.csv,2026-05-15T21:54:27,False
domainbro,,,False,,,,,tim4sk,False,active,2026-05-15,2026-05-15,SS=hns_ss-export-tld.20251226_20260107_translated_20260117.adapted.csv;HSD=hns_bob_tlds.csv,2026-05-15T21:54:27,False
domainfinity,,,False,,,,,tim4sk,False,active,2026-05-15,2026-05-15,SS=hns_ss-export-tld.20251226_20260107_translated_20260117.adapted.csv;HSD=hns_bob_tlds.csv,2026-05-15T21:54:27,False
domainsau,,,False,,,,,22catchall,False,active,2026-05-15,2026-05-15,SS=hns_ss-export-tld.20251226_20260107_translated_20260117.adapted.csv;HSD=hns_bob_tlds.csv,2026-05-15T21:54:27,False
domainse,,,False,,,,,22catchall,False,active,2026-05-15,2026-05-15,SS=hns_ss-export-tld.20251226_20260107_translated_20260117.adapted.csv;HSD=hns_bob_tlds.csv,2026-05-15T21:54:27,False
domainsninja,,,False,,,,,22catchall,False,active,2026-05-15,2026-05-15,SS=hns_ss-export-tld.20251226_20260107_translated_20260117.adapted.csv;HSD=hns_bob_tlds.csv,2026-05-15T21:54:27,False
domaria,,,False,,,,,22catchall,False,active,2026-05-15,2026-05-15,SS=hns_ss-export-tld.20251226_20260107_translated_20260117.adapted.csv;HSD=hns_bob_tlds.csv,2026-05-15T21:54:27,False
don1,,,False,,,,,dfps,False,active,2026-05-15,2026-05-15,SS=hns_ss-export-tld.20251226_20260107_translated_20260117.adapted.csv;HSD=hns_bob_tlds.csv,2026-05-15T21:54:27,False
donaldjames,,,False,,,,,tim4sk,False,active,2026-05-15,2026-05-15,SS=hns_ss-export-tld.20251226_20260107_translated_20260117.adapted.csv;HSD=hns_bob_tlds.csv,2026-05-15T21:54:27,False
donalduck,,,False,,,,,dfps,False,active,2026-05-15,2026-05-15,SS=hns_ss-export-tld.20251226_20260107_translated_20260117.adapted.csv;HSD=hns_bob_tlds.csv,2026-05-15T21:54:27,False
donaram,,,False,,,,,22catchall,False,active,2026-05-15,2026-05-15,SS=hns_ss-export-tld.20251226_20260107_translated_20260117.adapted.csv;HSD=hns_bob_tlds.csv,2026-05-15T21:54:27,False
dondono,,,False,,,,,dfps,False,active,2026-05-15,2026-05-15,SS=hns_ss-export-tld.20251226_20260107_translated_20260117.adapted.csv;HSD=hns_bob_tlds.csv,2026-05-15T21:54:27,False
donethat,,,False,,,,,22catchall,False,active,2026-05-15,2026-05-15,SS=hns_ss-export-tld.20251226_20260107_translated_20260117.adapted.csv;HSD=hns_bob_tlds.csv,2026-05-15T21:54:27,False
dongar,,,False,,,,,22catchall,False,active,2026-05-15,2026-05-15,SS=hns_ss-export-tld.20251226_20260107_translated_20260117.adapted.csv;HSD=hns_bob_tlds.csv,2026-05-15T21:54:27,False
doola,,,False,,,,,k1f,False,active,2026-05-15,2026-05-15,SS=hns_ss-export-tld.20251226_20260107_translated_20260117.adapted.csv;HSD=hns_bob_tlds.csv,2026-05-15T21:54:27,False
dotardism,,,False,,,,,22catchall,False,active,2026-05-15,2026-05-15,SS=hns_ss-export-tld.20251226_20260107_translated_20260117.adapted.csv;HSD=hns_bob_tlds.csv,2026-05-15T21:54:27,False
dotau,,,False,,,,,22catchall,False,active,2026-05-15,2026-05-15,SS=hns_ss-export-tld.20251226_20260107_translated_20260117.adapted.csv;HSD=hns_bob_tlds.csv,2026-05-15T21:54:27,False
downthe-rabbithole,,,False,,,,,22catchall,False,active,2026-05-15,2026-05-15,SS=hns_ss-export-tld.20251226_20260107_translated_20260117.adapted.csv;HSD=hns_bob_tlds.csv,2026-05-15T21:54:27,False
drafttea,,,False,,,,,12tea,False,active,2026-05-15,2026-05-15,SS=hns_ss-export-tld.20251226_20260107_translated_20260117.adapted.csv;HSD=hns_bob_tlds.csv,2026-05-15T21:54:27,False
draganici,,,False,,,,,22catchall,False,active,2026-05-15,2026-05-15,SS=hns_ss-export-tld.20251226_20260107_translated_20260117.adapted.csv;HSD=hns_bob_tlds.csv,2026-05-15T21:54:27,False
dragovici,,,False,,,,,22catchall,False,active,2026-05-15,2026-05-15,SS=hns_ss-export-tld.20251226_20260107_translated_20260117.adapted.csv;HSD=hns_bob_tlds.csv,2026-05-15T21:54:27,False
drawstraws,,,False,,,,,22catchall,False,active,2026-05-15,2026-05-15,SS=hns_ss-export-tld.20251226_20260107_translated_20260117.adapted.csv;HSD=hns_bob_tlds.csv,2026-05-15T21:54:27,False
dreamreaver,,,False,,,,,22catchall,False,active,2026-05-15,2026-05-15,SS=hns_ss-export-tld.20251226_20260107_translated_20260117.adapted.csv;HSD=hns_bob_tlds.csv,2026-05-15T21:54:27,False
dreamtimes,,,False,,,,,timaxau,False,active,2026-05-15,2026-05-15,SS=hns_ss-export-tld.20251226_20260107_translated_20260117.adapted.csv;HSD=hns_bob_tlds.csv,2026-05-15T21:54:27,False
dreamwhirl,,,False,,,,,22catchall,False,active,2026-05-15,2026-05-15,SS=hns_ss-export-tld.20251226_20260107_translated_20260117.adapted.csv;HSD=hns_bob_tlds.csv,2026-05-15T21:54:27,False
driftwoodphotos,,,False,,,,,22catchall,False,active,2026-05-15,2026-05-15,SS=hns_ss-export-tld.20251226_20260107_translated_20260117.adapted.csv;HSD=hns_bob_tlds.csv,2026-05-15T21:54:27,False
driftwoodpics,,,False,,,,,22catchall,False,active,2026-05-15,2026-05-15,SS=hns_ss-export-tld.20251226_20260107_translated_20260117.adapted.csv;HSD=hns_bob_tlds.csv,2026-05-15T21:54:27,False
dtim,,,False,,,,,tim4sk,False,active,2026-05-15,2026-05-15,SS=hns_ss-export-tld.20251226_20260107_translated_20260117.adapted.csv;HSD=hns_bob_tlds.csv,2026-05-15T21:54:27,False
duboko,,,False,,,,,22catchall,False,active,2026-05-15,2026-05-15,SS=hns_ss-export-tld.20251226_20260107_translated_20260117.adapted.csv;HSD=hns_bob_tlds.csv,2026-05-15T21:54:27,False
dvau,,,False,,,,,timaxau,False,active,2026-05-15,2026-05-15,SS=hns_ss-export-tld.20251226_20260107_translated_20260117.adapted.csv;HSD=hns_bob_tlds.csv,2026-05-15T21:54:27,False
dwebpc,,,False,,,,,22catchall,False,active,2026-05-15,2026-05-15,SS=hns_ss-export-tld.20251226_20260107_translated_20260117.adapted.csv;HSD=hns_bob_tlds.csv,2026-05-15T21:54:27,False
dwebstat,,,False,,,,,22catchall,False,active,2026-05-15,2026-05-15,SS=hns_ss-export-tld.20251226_20260107_translated_20260117.adapted.csv;HSD=hns_bob_tlds.csv,2026-05-15T21:54:27,False
dyun,,,False,,,,,k1f,False,active,2026-05-15,2026-05-15,SS=hns_ss-export-tld.20251226_20260107_translated_20260117.adapted.csv;HSD=hns_bob_tlds.csv,2026-05-15T21:54:27,False
e-bio,,,False,,,,,22catchall,False,active,2026-05-15,2026-05-15,SS=hns_ss-export-tld.20251226_20260107_translated_20260117.adapted.csv;HSD=hns_bob_tlds.csv,2026-05-15T21:54:27,False
e-gift,,,False,,,,,22catchall,False,active,2026-05-15,2026-05-15,SS=hns_ss-export-tld.20251226_20260107_translated_20260117.adapted.csv;HSD=hns_bob_tlds.csv,2026-05-15T21:54:27,False
e414e,,,False,,,,,22catchall,False,active,2026-05-15,2026-05-15,SS=hns_ss-export-tld.20251226_20260107_translated_20260117.adapted.csv;HSD=hns_bob_tlds.csv,2026-05-15T21:54:27,False
earsea,,,False,,,,,22catchall,False,active,2026-05-15,2026-05-15,SS=hns_ss-export-tld.20251226_20260107_translated_20260117.adapted.csv;HSD=hns_bob_tlds.csv,2026-05-15T21:54:27,False
earthdead,,,False,,,,,tim4sk,False,active,2026-05-15,2026-05-15,SS=hns_ss-export-tld.20251226_20260107_translated_20260117.adapted.csv;HSD=hns_bob_tlds.csv,2026-05-15T21:54:27,False
earthdrive,,,False,,,,,22catchall,False,active,2026-05-15,2026-05-15,SS=hns_ss-export-tld.20251226_20260107_translated_20260117.adapted.csv;HSD=hns_bob_tlds.csv,2026-05-15T21:54:27,False
earthdust,,,False,,,,,22catchall,False,active,2026-05-15,2026-05-15,SS=hns_ss-export-tld.20251226_20260107_translated_20260117.adapted.csv;HSD=hns_bob_tlds.csv,2026-05-15T21:54:27,False
earthermometers,,,False,,,,,tim4sk,False,active,2026-05-15,2026-05-15,SS=hns_ss-export-tld.20251226_20260107_translated_20260117.adapted.csv;HSD=hns_bob_tlds.csv,2026-05-15T21:54:27,False
earthflora,,,False,,,,,tim4sk,False,active,2026-05-15,2026-05-15,SS=hns_ss-export-tld.20251226_20260107_translated_20260117.adapted.csv;HSD=hns_bob_tlds.csv,2026-05-15T21:54:27,False
earthgov,,,False,,,,,tim4sk,False,active,2026-05-15,2026-05-15,SS=hns_ss-export-tld.20251226_20260107_translated_20260117.adapted.csv;HSD=hns_bob_tlds.csv,2026-05-15T21:54:27,False
earthour,,,False,,,,,22catchall,False,active,2026-05-15,2026-05-15,SS=hns_ss-export-tld.20251226_20260107_translated_20260117.adapted.csv;HSD=hns_bob_tlds.csv,2026-05-15T21:54:27,False
earthtales,,,False,,,,,22catchall,False,active,2026-05-15,2026-05-15,SS=hns_ss-export-tld.20251226_20260107_translated_20260117.adapted.csv;HSD=hns_bob_tlds.csv,2026-05-15T21:54:27,False
earthtwo,,,False,,,,,22catchall,False,active,2026-05-15,2026-05-15,SS=hns_ss-export-tld.20251226_20260107_translated_20260117.adapted.csv;HSD=hns_bob_tlds.csv,2026-05-15T21:54:27,False
earthwhirl,,,False,,,,,22catchall,False,active,2026-05-15,2026-05-15,SS=hns_ss-export-tld.20251226_20260107_translated_20260117.adapted.csv;HSD=hns_bob_tlds.csv,2026-05-15T21:54:27,False
eatcrazy,,,False,,,,,22catchall,False,active,2026-05-15,2026-05-15,SS=hns_ss-export-tld.20251226_20260107_translated_20260117.adapted.csv;HSD=hns_bob_tlds.csv,2026-05-15T21:54:27,False
eatsleepwork,,,False,,,,,tim4sk,False,active,2026-05-15,2026-05-15,SS=hns_ss-export-tld.20251226_20260107_translated_20260117.adapted.csv;HSD=hns_bob_tlds.csv,2026-05-15T21:54:27,False
ebayart,,,False,,,,,22catchall,False,active,2026-05-15,2026-05-15,SS=hns_ss-export-tld.20251226_20260107_translated_20260117.adapted.csv;HSD=hns_bob_tlds.csv,2026-05-15T21:54:27,False
ebboflife,,,False,,,,,k1f,False,active,2026-05-15,2026-05-15,SS=hns_ss-export-tld.20251226_20260107_translated_20260117.adapted.csv;HSD=hns_bob_tlds.csv,2026-05-15T21:54:27,False
ebooklist,,,False,,,,,22catchall,False,active,2026-05-15,2026-05-15,SS=hns_ss-export-tld.20251226_20260107_translated_20260117.adapted.csv;HSD=hns_bob_tlds.csv,2026-05-15T21:54:27,False
ecocorp,,,False,,,,,dfps,False,active,2026-05-15,2026-05-15,SS=hns_ss-export-tld.20251226_20260107_translated_20260117.adapted.csv;HSD=hns_bob_tlds.csv,2026-05-15T21:54:27,False
ecoeating,,,False,,,,,22catchall,False,active,2026-05-15,2026-05-15,SS=hns_ss-export-tld.20251226_20260107_translated_20260117.adapted.csv;HSD=hns_bob_tlds.csv,2026-05-15T21:54:27,False
ecoessentials,,,False,,,,,22catchall,False,active,2026-05-15,2026-05-15,SS=hns_ss-export-tld.20251226_20260107_translated_20260117.adapted.csv;HSD=hns_bob_tlds.csv,2026-05-15T21:54:27,False
ecology365,,,False,,,,,22catchall,False,active,2026-05-15,2026-05-15,SS=hns_ss-export-tld.20251226_20260107_translated_20260117.adapted.csv;HSD=hns_bob_tlds.csv,2026-05-15T21:54:27,False
ecotinyhomes,,,False,,,,,22catchall,False,active,2026-05-15,2026-05-15,SS=hns_ss-export-tld.20251226_20260107_translated_20260117.adapted.csv;HSD=hns_bob_tlds.csv,2026-05-15T21:54:27,False
ecotool,,,False,,,,,22catchall,False,active,2026-05-15,2026-05-15,SS=hns_ss-export-tld.20251226_20260107_translated_20260117.adapted.csv;HSD=hns_bob_tlds.csv,2026-05-15T21:54:27,False
ecowhales,,,False,,,,,22catchall,False,active,2026-05-15,2026-05-15,SS=hns_ss-export-tld.20251226_20260107_translated_20260117.adapted.csv;HSD=hns_bob_tlds.csv,2026-05-15T21:54:27,False
ecoyachts,,,False,,,,,22catchall,False,active,2026-05-15,2026-05-15,SS=hns_ss-export-tld.20251226_20260107_translated_20260117.adapted.csv;HSD=hns_bob_tlds.csv,2026-05-15T21:54:27,False
edmeds,,,False,,,,,22catchall,False,active,2026-05-15,2026-05-15,SS=hns_ss-export-tld.20251226_20260107_translated_20260117.adapted.csv;HSD=hns_bob_tlds.csv,2026-05-15T21:54:27,False
el-nino,,,False,,,,,tim4sk,False,active,2026-05-15,2026-05-15,SS=hns_ss-export-tld.20251226_20260107_translated_20260117.adapted.csv;HSD=hns_bob_tlds.csv,2026-05-15T21:54:27,False
elburrito,,,False,,,,,22catchall,False,active,2026-05-15,2026-05-15,SS=hns_ss-export-tld.20251226_20260107_translated_20260117.adapted.csv;HSD=hns_bob_tlds.csv,2026-05-15T21:54:27,False
ele7en,,,False,,,,,22catchall,False,active,2026-05-15,2026-05-15,SS=hns_ss-export-tld.20251226_20260107_translated_20260117.adapted.csv;HSD=hns_bob_tlds.csv,2026-05-15T21:54:27,False
elicence,,,False,,,,,tim4sk,False,active,2026-05-15,2026-05-15,SS=hns_ss-export-tld.20251226_20260107_translated_20260117.adapted.csv;HSD=hns_bob_tlds.csv,2026-05-15T21:54:27,False
eliminant,,,False,,,,,22catchall,False,active,2026-05-15,2026-05-15,SS=hns_ss-export-tld.20251226_20260107_translated_20260117.adapted.csv;HSD=hns_bob_tlds.csv,2026-05-15T21:54:27,False
emccarthy,,,False,,,,,22catchall,False,active,2026-05-15,2026-05-15,SS=hns_ss-export-tld.20251226_20260107_translated_20260117.adapted.csv;HSD=hns_bob_tlds.csv,2026-05-15T21:54:27,False
emeninos,,,False,,,,,8urnt,False,active,2026-05-15,2026-05-15,SS=hns_ss-export-tld.20251226_20260107_translated_20260117.adapted.csv;HSD=hns_bob_tlds.csv,2026-05-15T21:54:27,False
emigrations,,,False,,,,,22catchall,False,active,2026-05-15,2026-05-15,SS=hns_ss-export-tld.20251226_20260107_translated_20260117.adapted.csv;HSD=hns_bob_tlds.csv,2026-05-15T21:54:27,False
emojimosaic,,,False,,,,,tim4sk,False,active,2026-05-15,2026-05-15,SS=hns_ss-export-tld.20251226_20260107_translated_20260117.adapted.csv;HSD=hns_bob_tlds.csv,2026-05-15T21:54:27,False
emort,,,False,,,,,k1f,False,active,2026-05-15,2026-05-15,SS=hns_ss-export-tld.20251226_20260107_translated_20260117.adapted.csv;HSD=hns_bob_tlds.csv,2026-05-15T21:54:27,False
enapt,,,False,,,,,tim4sk,False,active,2026-05-15,2026-05-15,SS=hns_ss-export-tld.20251226_20260107_translated_20260117.adapted.csv;HSD=hns_bob_tlds.csv,2026-05-15T21:54:27,False
encer,,,False,5L,,,,22catchall,False,active,2026-05-15,2026-05-15,SS=hns_ss-export-tld.20251226_20260107_translated_20260117.adapted.csv;HSD=hns_bob_tlds.csv,2026-05-15T21:54:27,False
enddeath,,,False,,,,,k1f,False,active,2026-05-15,2026-05-15,SS=hns_ss-export-tld.20251226_20260107_translated_20260117.adapted.csv;HSD=hns_bob_tlds.csv,2026-05-15T21:54:27,False
endlessrabbithole,,,False,,,,,22catchall,False,active,2026-05-15,2026-05-15,SS=hns_ss-export-tld.20251226_20260107_translated_20260117.adapted.csv;HSD=hns_bob_tlds.csv,2026-05-15T21:54:27,False
enplein,,,False,,,,,22catchall,False,active,2026-05-15,2026-05-15,SS=hns_ss-export-tld.20251226_20260107_translated_20260117.adapted.csv;HSD=hns_bob_tlds.csv,2026-05-15T21:54:27,False
ens-india,,,False,,,,,22catchall,False,active,2026-05-15,2026-05-15,SS=hns_ss-export-tld.20251226_20260107_translated_20260117.adapted.csv;HSD=hns_bob_tlds.csv,2026-05-15T21:54:27,False
ens1dao,,,False,,,,,22catchall,False,active,2026-05-15,2026-05-15,SS=hns_ss-export-tld.20251226_20260107_translated_20260117.adapted.csv;HSD=hns_bob_tlds.csv,2026-05-15T21:54:27,False
ensdb,,,False,,,,,22catchall,False,active,2026-05-15,2026-05-15,SS=hns_ss-export-tld.20251226_20260107_translated_20260117.adapted.csv;HSD=hns_bob_tlds.csv,2026-05-15T21:54:27,False
ensplan,,,False,,,,,22catchall,False,active,2026-05-15,2026-05-15,SS=hns_ss-export-tld.20251226_20260107_translated_20260117.adapted.csv;HSD=hns_bob_tlds.csv,2026-05-15T21:54:27,False
entendres,,,False,,,,,22catchall,False,active,2026-05-15,2026-05-15,SS=hns_ss-export-tld.20251226_20260107_translated_20260117.adapted.csv;HSD=hns_bob_tlds.csv,2026-05-15T21:54:27,False
entric,,,False,,,,,22catchall,False,active,2026-05-15,2026-05-15,SS=hns_ss-export-tld.20251226_20260107_translated_20260117.adapted.csv;HSD=hns_bob_tlds.csv,2026-05-15T21:54:27,False
enzed,,,False,,,,,22catchall,False,active,2026-05-15,2026-05-15,SS=hns_ss-export-tld.20251226_20260107_translated_20260117.adapted.csv;HSD=hns_bob_tlds.csv,2026-05-15T21:54:27,False
eorge,,,False,,,,,giftosend,False,active,2026-05-15,2026-05-15,SS=hns_ss-export-tld.20251226_20260107_translated_20260117.adapted.csv;HSD=hns_bob_tlds.csv,2026-05-15T21:54:27,False
epicwit,,,False,,,,,22catchall,False,active,2026-05-15,2026-05-15,SS=hns_ss-export-tld.20251226_20260107_translated_20260117.adapted.csv;HSD=hns_bob_tlds.csv,2026-05-15T21:54:27,False
eqld,,,False,,,,,timaxau,False,active,2026-05-15,2026-05-15,SS=hns_ss-export-tld.20251226_20260107_translated_20260117.adapted.csv;HSD=hns_bob_tlds.csv,2026-05-15T21:54:27,False
eremy,,,False,5L,,,,22catchall,False,active,2026-05-15,2026-05-15,SS=hns_ss-export-tld.20251226_20260107_translated_20260117.adapted.csv;HSD=hns_bob_tlds.csv,2026-05-15T21:54:27,False
erraticism,,,False,,,,,22catchall,False,active,2026-05-15,2026-05-15,SS=hns_ss-export-tld.20251226_20260107_translated_20260117.adapted.csv;HSD=hns_bob_tlds.csv,2026-05-15T21:54:27,False
erthen,,,False,,,,,22catchall,False,active,2026-05-15,2026-05-15,SS=hns_ss-export-tld.20251226_20260107_translated_20260117.adapted.csv;HSD=hns_bob_tlds.csv,2026-05-15T21:54:27,False
escapefund,,,False,,,,,22catchall,False,active,2026-05-15,2026-05-15,SS=hns_ss-export-tld.20251226_20260107_translated_20260117.adapted.csv;HSD=hns_bob_tlds.csv,2026-05-15T21:54:27,False
escry,,,False,,,,,22catchall,False,active,2026-05-15,2026-05-15,SS=hns_ss-export-tld.20251226_20260107_translated_20260117.adapted.csv;HSD=hns_bob_tlds.csv,2026-05-15T21:54:27,False
eslaw,,,False,5L,,,,22catchall,False,active,2026-05-15,2026-05-15,SS=hns_ss-export-tld.20251226_20260107_translated_20260117.adapted.csv;HSD=hns_bob_tlds.csv,2026-05-15T21:54:27,False
etchscratch,,,False,,,,,22catchall,False,active,2026-05-15,2026-05-15,SS=hns_ss-export-tld.20251226_20260107_translated_20260117.adapted.csv;HSD=hns_bob_tlds.csv,2026-05-15T21:54:27,False
eternitydao,,,False,,,,,22catchall,False,active,2026-05-15,2026-05-15,SS=hns_ss-export-tld.20251226_20260107_translated_20260117.adapted.csv;HSD=hns_bob_tlds.csv,2026-05-15T21:54:27,False
ethereumeth2,,,False,,,,,22catchall,False,active,2026-05-15,2026-05-15,SS=hns_ss-export-tld.20251226_20260107_translated_20260117.adapted.csv;HSD=hns_bob_tlds.csv,2026-05-15T21:54:27,False
ethereumos,,,False,,,,,22catchall,False,active,2026-05-15,2026-05-15,SS=hns_ss-export-tld.20251226_20260107_translated_20260117.adapted.csv;HSD=hns_bob_tlds.csv,2026-05-15T21:54:27,False
etheu,,,False,,,,,22catchall,False,active,2026-05-15,2026-05-15,SS=hns_ss-export-tld.20251226_20260107_translated_20260117.adapted.csv;HSD=hns_bob_tlds.csv,2026-05-15T21:54:27,False
ethinker,,,False,,,,,tim4sk,False,active,2026-05-15,2026-05-15,SS=hns_ss-export-tld.20251226_20260107_translated_20260117.adapted.csv;HSD=hns_bob_tlds.csv,2026-05-15T21:54:27,False
ethunterz,,,False,,,,,22catchall,False,active,2026-05-15,2026-05-15,SS=hns_ss-export-tld.20251226_20260107_translated_20260117.adapted.csv;HSD=hns_bob_tlds.csv,2026-05-15T21:54:27,False
etsgo,,,False,5L,,,,22catchall,False,active,2026-05-15,2026-05-15,SS=hns_ss-export-tld.20251226_20260107_translated_20260117.adapted.csv;HSD=hns_bob_tlds.csv,2026-05-15T21:54:27,False
eumail,,,False,,,,,22catchall,False,active,2026-05-15,2026-05-15,SS=hns_ss-export-tld.20251226_20260107_translated_20260117.adapted.csv;HSD=hns_bob_tlds.csv,2026-05-15T21:54:27,False
euphemizer,,,False,,,,,22catchall,False,active,2026-05-15,2026-05-15,SS=hns_ss-export-tld.20251226_20260107_translated_20260117.adapted.csv;HSD=hns_bob_tlds.csv,2026-05-15T21:54:27,False
euroboat,,,False,,,,,h2o,False,active,2026-05-15,2026-05-15,SS=hns_ss-export-tld.20251226_20260107_translated_20260117.adapted.csv;HSD=hns_bob_tlds.csv,2026-05-15T21:54:27,False
euthanasy,,,False,,,,,22catchall,False,active,2026-05-15,2026-05-15,SS=hns_ss-export-tld.20251226_20260107_translated_20260117.adapted.csv;HSD=hns_bob_tlds.csv,2026-05-15T21:54:27,False
evetide,,,False,,,,,22catchall,False,active,2026-05-15,2026-05-15,SS=hns_ss-export-tld.20251226_20260107_translated_20260117.adapted.csv;HSD=hns_bob_tlds.csv,2026-05-15T21:54:27,False
evolvefish,,,False,,,,,22catchall,False,active,2026-05-15,2026-05-15,SS=hns_ss-export-tld.20251226_20260107_translated_20260117.adapted.csv;HSD=hns_bob_tlds.csv,2026-05-15T21:54:27,False
evolvetoday,,,False,,,,,tim4sk,False,active,2026-05-15,2026-05-15,SS=hns_ss-export-tld.20251226_20260107_translated_20260117.adapted.csv;HSD=hns_bob_tlds.csv,2026-05-15T21:54:27,False
exergame,,,False,,,,,22catchall,False,active,2026-05-15,2026-05-15,SS=hns_ss-export-tld.20251226_20260107_translated_20260117.adapted.csv;HSD=hns_bob_tlds.csv,2026-05-15T21:54:27,False
exotichns,,,False,,,,,22catchall,False,active,2026-05-15,2026-05-15,SS=hns_ss-export-tld.20251226_20260107_translated_20260117.adapted.csv;HSD=hns_bob_tlds.csv,2026-05-15T21:54:27,False
exoticyachts,,,False,,,,,22catchall,False,active,2026-05-15,2026-05-15,SS=hns_ss-export-tld.20251226_20260107_translated_20260117.adapted.csv;HSD=hns_bob_tlds.csv,2026-05-15T21:54:27,False
expresstruck,,,False,,,,,22catchall,False,active,2026-05-15,2026-05-15,SS=hns_ss-export-tld.20251226_20260107_translated_20260117.adapted.csv;HSD=hns_bob_tlds.csv,2026-05-15T21:54:27,False
ezgolf,,,False,,,,,22catchall,False,active,2026-05-15,2026-05-15,SS=hns_ss-export-tld.20251226_20260107_translated_20260117.adapted.csv;HSD=hns_bob_tlds.csv,2026-05-15T21:54:27,False
f414f,,,False,,,,,22catchall,False,active,2026-05-15,2026-05-15,SS=hns_ss-export-tld.20251226_20260107_translated_20260117.adapted.csv;HSD=hns_bob_tlds.csv,2026-05-15T21:54:27,False
factorist,,,False,,,,,22catchall,False,active,2026-05-15,2026-05-15,SS=hns_ss-export-tld.20251226_20260107_translated_20260117.adapted.csv;HSD=hns_bob_tlds.csv,2026-05-15T21:54:27,False
fag-nig,,,False,,,,,tim4sk,False,active,2026-05-15,2026-05-15,SS=hns_ss-export-tld.20251226_20260107_translated_20260117.adapted.csv;HSD=hns_bob_tlds.csv,2026-05-15T21:54:27,False
fag-nigger,,,False,,,,,tim4sk,False,active,2026-05-15,2026-05-15,SS=hns_ss-export-tld.20251226_20260107_translated_20260117.adapted.csv;HSD=hns_bob_tlds.csv,2026-05-15T21:54:27,False
faggot-nigger,,,False,,,,,tim4sk,False,active,2026-05-15,2026-05-15,SS=hns_ss-export-tld.20251226_20260107_translated_20260117.adapted.csv;HSD=hns_bob_tlds.csv,2026-05-15T21:54:27,False
fairmedia,,,False,,,,,22catchall,False,active,2026-05-15,2026-05-15,SS=hns_ss-export-tld.20251226_20260107_translated_20260117.adapted.csv;HSD=hns_bob_tlds.csv,2026-05-15T21:54:27,False
faithblind,,,False,,,,,22catchall,False,active,2026-05-15,2026-05-15,SS=hns_ss-export-tld.20251226_20260107_translated_20260117.adapted.csv;HSD=hns_bob_tlds.csv,2026-05-15T21:54:27,False
falklands,,,False,,,,,22catchall,False,active,2026-05-15,2026-05-15,SS=hns_ss-export-tld.20251226_20260107_translated_20260117.adapted.csv;HSD=hns_bob_tlds.csv,2026-05-15T21:54:27,False
familyroots,,,False,,,,,22catchall,False,active,2026-05-15,2026-05-15,SS=hns_ss-export-tld.20251226_20260107_translated_20260117.adapted.csv;HSD=hns_bob_tlds.csv,2026-05-15T21:54:27,False
famish,,,False,,,,,22catchall,False,active,2026-05-15,2026-05-15,SS=hns_ss-export-tld.20251226_20260107_translated_20260117.adapted.csv;HSD=hns_bob_tlds.csv,2026-05-15T21:54:27,False
famx,,,False,,,,,timaxau,False,active,2026-05-15,2026-05-15,SS=hns_ss-export-tld.20251226_20260107_translated_20260117.adapted.csv;HSD=hns_bob_tlds.csv,2026-05-15T21:54:27,False
fanfishes,,,False,,,,,22catchall,False,active,2026-05-15,2026-05-15,SS=hns_ss-export-tld.20251226_20260107_translated_20260117.adapted.csv;HSD=hns_bob_tlds.csv,2026-05-15T21:54:27,False
fanwort,,,False,,,,,22catchall,False,active,2026-05-15,2026-05-15,SS=hns_ss-export-tld.20251226_20260107_translated_20260117.adapted.csv;HSD=hns_bob_tlds.csv,2026-05-15T21:54:27,False
farholiday,,,False,,,,,22catchall,False,active,2026-05-15,2026-05-15,SS=hns_ss-export-tld.20251226_20260107_translated_20260117.adapted.csv;HSD=hns_bob_tlds.csv,2026-05-15T21:54:27,False
farmcritters,,,False,,,,,tim4sk,False,active,2026-05-15,2026-05-15,SS=hns_ss-export-tld.20251226_20260107_translated_20260117.adapted.csv;HSD=hns_bob_tlds.csv,2026-05-15T21:54:27,False
farmtopalm,,,False,,,,,tim4sk,False,active,2026-05-15,2026-05-15,SS=hns_ss-export-tld.20251226_20260107_translated_20260117.adapted.csv;HSD=hns_bob_tlds.csv,2026-05-15T21:54:27,False
fasciate,,,False,,,,,22catchall,False,active,2026-05-15,2026-05-15,SS=hns_ss-export-tld.20251226_20260107_translated_20260117.adapted.csv;HSD=hns_bob_tlds.csv,2026-05-15T21:54:27,False
faxt,,,False,4L,,,,22catchall,False,active,2026-05-15,2026-05-15,SS=hns_ss-export-tld.20251226_20260107_translated_20260117.adapted.csv;HSD=hns_bob_tlds.csv,2026-05-15T21:54:27,False
faxun,,,False,,,,,tim4sk,False,active,2026-05-15,2026-05-15,SS=hns_ss-export-tld.20251226_20260107_translated_20260117.adapted.csv;HSD=hns_bob_tlds.csv,2026-05-15T21:54:27,False
fcem,,,False,,,,,dfps,False,active,2026-05-15,2026-05-15,SS=hns_ss-export-tld.20251226_20260107_translated_20260117.adapted.csv;HSD=hns_bob_tlds.csv,2026-05-15T21:54:27,False
feardeath,,,False,,,,,tim4sk,False,active,2026-05-15,2026-05-15,SS=hns_ss-export-tld.20251226_20260107_translated_20260117.adapted.csv;HSD=hns_bob_tlds.csv,2026-05-15T21:54:27,False
feebill,,,False,,,,,tim4sk,False,active,2026-05-15,2026-05-15,SS=hns_ss-export-tld.20251226_20260107_translated_20260117.adapted.csv;HSD=hns_bob_tlds.csv,2026-05-15T21:54:27,False
feelthe,,,False,,,,,22catchall,False,active,2026-05-15,2026-05-15,SS=hns_ss-export-tld.20251226_20260107_translated_20260117.adapted.csv;HSD=hns_bob_tlds.csv,2026-05-15T21:54:27,False
femalesea,,,False,,,,,tim4sk,False,active,2026-05-15,2026-05-15,SS=hns_ss-export-tld.20251226_20260107_translated_20260117.adapted.csv;HSD=hns_bob_tlds.csv,2026-05-15T21:54:27,False
feminacy,,,False,,,,,22catchall,False,active,2026-05-15,2026-05-15,SS=hns_ss-export-tld.20251226_20260107_translated_20260117.adapted.csv;HSD=hns_bob_tlds.csv,2026-05-15T21:54:27,False
fencein,,,False,,,,,22catchall,False,active,2026-05-15,2026-05-15,SS=hns_ss-export-tld.20251226_20260107_translated_20260117.adapted.csv;HSD=hns_bob_tlds.csv,2026-05-15T21:54:27,False
fernance,,,False,,,,,tim4sk,False,active,2026-05-15,2026-05-15,SS=hns_ss-export-tld.20251226_20260107_translated_20260117.adapted.csv;HSD=hns_bob_tlds.csv,2026-05-15T21:54:27,False
fertilitea,,,False,,,,,12tea,False,active,2026-05-15,2026-05-15,SS=hns_ss-export-tld.20251226_20260107_translated_20260117.adapted.csv;HSD=hns_bob_tlds.csv,2026-05-15T21:54:27,False
fibonnaci,,,False,,,,,timaxau,False,active,2026-05-15,2026-05-15,SS=hns_ss-export-tld.20251226_20260107_translated_20260117.adapted.csv;HSD=hns_bob_tlds.csv,2026-05-15T21:54:27,False
fidgetoys,,,False,,,,,22catchall,False,active,2026-05-15,2026-05-15,SS=hns_ss-export-tld.20251226_20260107_translated_20260117.adapted.csv;HSD=hns_bob_tlds.csv,2026-05-15T21:54:27,False
figurebreath,,,False,,,,,tim4sk,False,active,2026-05-15,2026-05-15,SS=hns_ss-export-tld.20251226_20260107_translated_20260117.adapted.csv;HSD=hns_bob_tlds.csv,2026-05-15T21:54:27,False
findbeats,,,False,,,,,22catchall,False,active,2026-05-15,2026-05-15,SS=hns_ss-export-tld.20251226_20260107_translated_20260117.adapted.csv;HSD=hns_bob_tlds.csv,2026-05-15T21:54:27,False
findsoftware,,,False,,,,,tim4sk,False,active,2026-05-15,2026-05-15,SS=hns_ss-export-tld.20251226_20260107_translated_20260117.adapted.csv;HSD=hns_bob_tlds.csv,2026-05-15T21:54:27,False
finecoast,,,False,,,,,tim4sk,False,active,2026-05-15,2026-05-15,SS=hns_ss-export-tld.20251226_20260107_translated_20260117.adapted.csv;HSD=hns_bob_tlds.csv,2026-05-15T21:54:27,False
finessefishing,,,False,,,,,tim4sk,False,active,2026-05-15,2026-05-15,SS=hns_ss-export-tld.20251226_20260107_translated_20260117.adapted.csv;HSD=hns_bob_tlds.csv,2026-05-15T21:54:27,False
fingertea,,,False,,,,,22catchall,False,active,2026-05-15,2026-05-15,SS=hns_ss-export-tld.20251226_20260107_translated_20260117.adapted.csv;HSD=hns_bob_tlds.csv,2026-05-15T21:54:27,False
finrific,,,False,,,,,22catchall,False,active,2026-05-15,2026-05-15,SS=hns_ss-export-tld.20251226_20260107_translated_20260117.adapted.csv;HSD=hns_bob_tlds.csv,2026-05-15T21:54:27,False
firemuse,,,False,,,,,22catchall,False,active,2026-05-15,2026-05-15,SS=hns_ss-export-tld.20251226_20260107_translated_20260117.adapted.csv;HSD=hns_bob_tlds.csv,2026-05-15T21:54:27,False
firetactics,,,False,,,,,22catchall,False,active,2026-05-15,2026-05-15,SS=hns_ss-export-tld.20251226_20260107_translated_20260117.adapted.csv;HSD=hns_bob_tlds.csv,2026-05-15T21:54:27,False
firewisp,,,False,,,,,22catchall,False,active,2026-05-15,2026-05-15,SS=hns_ss-export-tld.20251226_20260107_translated_20260117.adapted.csv;HSD=hns_bob_tlds.csv,2026-05-15T21:54:27,False
firstnumber,,,False,,,,,22catchall,False,active,2026-05-15,2026-05-15,SS=hns_ss-export-tld.20251226_20260107_translated_20260117.adapted.csv;HSD=hns_bob_tlds.csv,2026-05-15T21:54:27,False
firtar,,,False,,,,,22catchall,False,active,2026-05-15,2026-05-15,SS=hns_ss-export-tld.20251226_20260107_translated_20260117.adapted.csv;HSD=hns_bob_tlds.csv,2026-05-15T21:54:27,False
fish2fork,,,False,,,,,tim4sk,False,active,2026-05-15,2026-05-15,SS=hns_ss-export-tld.20251226_20260107_translated_20260117.adapted.csv;HSD=hns_bob_tlds.csv,2026-05-15T21:54:27,False
fishaboutin,,,False,,,,,22catchall,False,active,2026-05-15,2026-05-15,SS=hns_ss-export-tld.20251226_20260107_translated_20260117.adapted.csv;HSD=hns_bob_tlds.csv,2026-05-15T21:54:27,False
fishabroad,,,False,,,,,22catchall,False,active,2026-05-15,2026-05-15,SS=hns_ss-export-tld.20251226_20260107_translated_20260117.adapted.csv;HSD=hns_bob_tlds.csv,2026-05-15T21:54:27,False
fishblooded,,,False,,,,,r1f,False,active,2026-05-15,2026-05-15,SS=hns_ss-export-tld.20251226_20260107_translated_20260117.adapted.csv;HSD=hns_bob_tlds.csv,2026-05-15T21:54:27,False
fishbook,,,False,,,,,22catchall,False,active,2026-05-15,2026-05-15,SS=hns_ss-export-tld.20251226_20260107_translated_20260117.adapted.csv;HSD=hns_bob_tlds.csv,2026-05-15T21:54:27,False
fishcakerecipe,,,False,,,,,22catchall,False,active,2026-05-15,2026-05-15,SS=hns_ss-export-tld.20251226_20260107_translated_20260117.adapted.csv;HSD=hns_bob_tlds.csv,2026-05-15T21:54:27,False
fishcarpet,,,False,,,,,22catchall,False,active,2026-05-15,2026-05-15,SS=hns_ss-export-tld.20251226_20260107_translated_20260117.adapted.csv;HSD=hns_bob_tlds.csv,2026-05-15T21:54:27,False
fishcarrier,,,False,,,,,r1f,False,active,2026-05-15,2026-05-15,SS=hns_ss-export-tld.20251226_20260107_translated_20260117.adapted.csv;HSD=hns_bob_tlds.csv,2026-05-15T21:54:27,False
fishchecker,,,False,,,,,r1f,False,active,2026-05-15,2026-05-15,SS=hns_ss-export-tld.20251226_20260107_translated_20260117.adapted.csv;HSD=hns_bob_tlds.csv,2026-05-15T21:54:27,False
fishcreek,,,False,,,,,r1f,False,active,2026-05-15,2026-05-15,SS=hns_ss-export-tld.20251226_20260107_translated_20260117.adapted.csv;HSD=hns_bob_tlds.csv,2026-05-15T21:54:27,False
fishdata,,,False,,,,,h2o,False,active,2026-05-15,2026-05-15,SS=hns_ss-export-tld.20251226_20260107_translated_20260117.adapted.csv;HSD=hns_bob_tlds.csv,2026-05-15T21:54:27,False
fishdirect,,,False,,,,,22catchall,False,active,2026-05-15,2026-05-15,SS=hns_ss-export-tld.20251226_20260107_translated_20260117.adapted.csv;HSD=hns_bob_tlds.csv,2026-05-15T21:54:27,False
fisherpeople,,,False,,,,,22catchall,False,active,2026-05-15,2026-05-15,SS=hns_ss-export-tld.20251226_20260107_translated_20260117.adapted.csv;HSD=hns_bob_tlds.csv,2026-05-15T21:54:27,False
fisherysalt,,,False,,,,,r1f,False,active,2026-05-15,2026-05-15,SS=hns_ss-export-tld.20251226_20260107_translated_20260117.adapted.csv;HSD=hns_bob_tlds.csv,2026-05-15T21:54:27,False
fishessence,,,False,,,,,r1f,False,active,2026-05-15,2026-05-15,SS=hns_ss-export-tld.20251226_20260107_translated_20260117.adapted.csv;HSD=hns_bob_tlds.csv,2026-05-15T21:54:27,False
fishfeeding,,,False,,,,,r1f,False,active,2026-05-15,2026-05-15,SS=hns_ss-export-tld.20251226_20260107_translated_20260117.adapted.csv;HSD=hns_bob_tlds.csv,2026-05-15T21:54:27,False
fishguide,,,False,,,,,22catchall,False,active,2026-05-15,2026-05-15,SS=hns_ss-export-tld.20251226_20260107_translated_20260117.adapted.csv;HSD=hns_bob_tlds.csv,2026-05-15T21:54:27,False
fishhunt,,,False,,,,,22catchall,False,active,2026-05-15,2026-05-15,SS=hns_ss-export-tld.20251226_20260107_translated_20260117.adapted.csv;HSD=hns_bob_tlds.csv,2026-05-15T21:54:27,False
fishingislife,,,False,,,,,22catchall,False,active,2026-05-15,2026-05-15,SS=hns_ss-export-tld.20251226_20260107_translated_20260117.adapted.csv;HSD=hns_bob_tlds.csv,2026-05-15T21:54:27,False
fishingmagazines,,,False,,,,,22catchall,False,active,2026-05-15,2026-05-15,SS=hns_ss-export-tld.20251226_20260107_translated_20260117.adapted.csv;HSD=hns_bob_tlds.csv,2026-05-15T21:54:27,False
fishmobile,,,False,,,,,22catchall,False,active,2026-05-15,2026-05-15,SS=hns_ss-export-tld.20251226_20260107_translated_20260117.adapted.csv;HSD=hns_bob_tlds.csv,2026-05-15T21:54:27,False
fishnow,,,False,,,,,22catchall,False,active,2026-05-15,2026-05-15,SS=hns_ss-export-tld.20251226_20260107_translated_20260117.adapted.csv;HSD=hns_bob_tlds.csv,2026-05-15T21:54:27,False
fishpurple,,,False,,,,,22catchall,False,active,2026-05-15,2026-05-15,SS=hns_ss-export-tld.20251226_20260107_translated_20260117.adapted.csv;HSD=hns_bob_tlds.csv,2026-05-15T21:54:27,False
fishtoday,,,False,,,,,22catchall,False,active,2026-05-15,2026-05-15,SS=hns_ss-export-tld.20251226_20260107_translated_20260117.adapted.csv;HSD=hns_bob_tlds.csv,2026-05-15T21:54:27,False
fishtrick,,,False,,,,,r1f,False,active,2026-05-15,2026-05-15,SS=hns_ss-export-tld.20251226_20260107_translated_20260117.adapted.csv;HSD=hns_bob_tlds.csv,2026-05-15T21:54:27,False
fishvideo,,,False,,,,,22catchall,False,active,2026-05-15,2026-05-15,SS=hns_ss-export-tld.20251226_20260107_translated_20260117.adapted.csv;HSD=hns_bob_tlds.csv,2026-05-15T21:54:27,False
fishvideos,,,False,,,,,r1f,False,active,2026-05-15,2026-05-15,SS=hns_ss-export-tld.20251226_20260107_translated_20260117.adapted.csv;HSD=hns_bob_tlds.csv,2026-05-15T21:54:27,False
fishyfish,,,False,,,,,r1f,False,active,2026-05-15,2026-05-15,SS=hns_ss-export-tld.20251226_20260107_translated_20260117.adapted.csv;HSD=hns_bob_tlds.csv,2026-05-15T21:54:27,False
fishyfushy,,,False,,,,,r1f,False,active,2026-05-15,2026-05-15,SS=hns_ss-export-tld.20251226_20260107_translated_20260117.adapted.csv;HSD=hns_bob_tlds.csv,2026-05-15T21:54:27,False
fishytails,,,False,,,,,22catchall,False,active,2026-05-15,2026-05-15,SS=hns_ss-export-tld.20251226_20260107_translated_20260117.adapted.csv;HSD=hns_bob_tlds.csv,2026-05-15T21:54:27,False
fishzero,,,False,,,,,h2o,False,active,2026-05-15,2026-05-15,SS=hns_ss-export-tld.20251226_20260107_translated_20260117.adapted.csv;HSD=hns_bob_tlds.csv,2026-05-15T21:54:27,False
fitnessaustralia,,,False,,,,,timaxau,False,active,2026-05-15,2026-05-15,SS=hns_ss-export-tld.20251226_20260107_translated_20260117.adapted.csv;HSD=hns_bob_tlds.csv,2026-05-15T21:54:27,False
flag-ship-store,,,False,,,,,22catchall,False,active,2026-05-15,2026-05-15,SS=hns_ss-export-tld.20251226_20260107_translated_20260117.adapted.csv;HSD=hns_bob_tlds.csv,2026-05-15T21:54:27,False
flahr,,,False,,,,,22catchall,False,active,2026-05-15,2026-05-15,SS=hns_ss-export-tld.20251226_20260107_translated_20260117.adapted.csv;HSD=hns_bob_tlds.csv,2026-05-15T21:54:27,False
flatout,,,False,,,,,22catchall,False,active,2026-05-15,2026-05-15,SS=hns_ss-export-tld.20251226_20260107_translated_20260117.adapted.csv;HSD=hns_bob_tlds.csv,2026-05-15T21:54:27,False
flaxton,,,False,,,,,timaxau,False,active,2026-05-15,2026-05-15,SS=hns_ss-export-tld.20251226_20260107_translated_20260117.adapted.csv;HSD=hns_bob_tlds.csv,2026-05-15T21:54:27,False
flippingreatdomains,,,False,,,,,22catchall,False,active,2026-05-15,2026-05-15,SS=hns_ss-export-tld.20251226_20260107_translated_20260117.adapted.csv;HSD=hns_bob_tlds.csv,2026-05-15T21:54:27,False
floatative,,,False,,,,,22catchall,False,active,2026-05-15,2026-05-15,SS=hns_ss-export-tld.20251226_20260107_translated_20260117.adapted.csv;HSD=hns_bob_tlds.csv,2026-05-15T21:54:27,False
floodins,,,False,,,,,22catchall,False,active,2026-05-15,2026-05-15,SS=hns_ss-export-tld.20251226_20260107_translated_20260117.adapted.csv;HSD=hns_bob_tlds.csv,2026-05-15T21:54:27,False
floodmarks,,,False,,,,,timaxau,False,active,2026-05-15,2026-05-15,SS=hns_ss-export-tld.20251226_20260107_translated_20260117.adapted.csv;HSD=hns_bob_tlds.csv,2026-05-15T21:54:27,False
floodtide,,,False,,,,,22catchall,False,active,2026-05-15,2026-05-15,SS=hns_ss-export-tld.20251226_20260107_translated_20260117.adapted.csv;HSD=hns_bob_tlds.csv,2026-05-15T21:54:27,False
floodwater,,,False,,,,,22catchall,False,active,2026-05-15,2026-05-15,SS=hns_ss-export-tld.20251226_20260107_translated_20260117.adapted.csv;HSD=hns_bob_tlds.csv,2026-05-15T21:54:27,False
floweringplant,,,False,,,,,22catchall,False,active,2026-05-15,2026-05-15,SS=hns_ss-export-tld.20251226_20260107_translated_20260117.adapted.csv;HSD=hns_bob_tlds.csv,2026-05-15T21:54:27,False
flowerpics,,,False,,,,,tim4sk,False,active,2026-05-15,2026-05-15,SS=hns_ss-export-tld.20251226_20260107_translated_20260117.adapted.csv;HSD=hns_bob_tlds.csv,2026-05-15T21:54:27,False
flyingdino,,,False,,,,,r1f,False,active,2026-05-15,2026-05-15,SS=hns_ss-export-tld.20251226_20260107_translated_20260117.adapted.csv;HSD=hns_bob_tlds.csv,2026-05-15T21:54:27,False
foliages,,,False,,,,,22catchall,False,active,2026-05-15,2026-05-15,SS=hns_ss-export-tld.20251226_20260107_translated_20260117.adapted.csv;HSD=hns_bob_tlds.csv,2026-05-15T21:54:27,False
folkfest,,,False,,,,,22catchall,False,active,2026-05-15,2026-05-15,SS=hns_ss-export-tld.20251226_20260107_translated_20260117.adapted.csv;HSD=hns_bob_tlds.csv,2026-05-15T21:54:27,False
followhns,,,False,,,,,giftosend,False,active,2026-05-15,2026-05-15,SS=hns_ss-export-tld.20251226_20260107_translated_20260117.adapted.csv;HSD=hns_bob_tlds.csv,2026-05-15T21:54:27,False
fomosapien,,,False,,,,,22catchall,False,active,2026-05-15,2026-05-15,SS=hns_ss-export-tld.20251226_20260107_translated_20260117.adapted.csv;HSD=hns_bob_tlds.csv,2026-05-15T21:54:27,False
fonetik,,,False,,,,,22catchall,False,active,2026-05-15,2026-05-15,SS=hns_ss-export-tld.20251226_20260107_translated_20260117.adapted.csv;HSD=hns_bob_tlds.csv,2026-05-15T21:54:27,False
foodfish,,,False,,,,,22catchall,False,active,2026-05-15,2026-05-15,SS=hns_ss-export-tld.20251226_20260107_translated_20260117.adapted.csv;HSD=hns_bob_tlds.csv,2026-05-15T21:54:27,False
foodietv,,,False,,,,,tim4sk,False,active,2026-05-15,2026-05-15,SS=hns_ss-export-tld.20251226_20260107_translated_20260117.adapted.csv;HSD=hns_bob_tlds.csv,2026-05-15T21:54:27,False
foodoir,,,False,,,,,22catchall,False,active,2026-05-15,2026-05-15,SS=hns_ss-export-tld.20251226_20260107_translated_20260117.adapted.csv;HSD=hns_bob_tlds.csv,2026-05-15T21:54:27,False
foodwash,,,False,,,,,22catchall,False,active,2026-05-15,2026-05-15,SS=hns_ss-export-tld.20251226_20260107_translated_20260117.adapted.csv;HSD=hns_bob_tlds.csv,2026-05-15T21:54:27,False
foreal,,,False,,,,,tim4sk,False,active,2026-05-15,2026-05-15,SS=hns_ss-export-tld.20251226_20260107_translated_20260117.adapted.csv;HSD=hns_bob_tlds.csv,2026-05-15T21:54:27,False
forehew,,,False,,,,,22catchall,False,active,2026-05-15,2026-05-15,SS=hns_ss-export-tld.20251226_20260107_translated_20260117.adapted.csv;HSD=hns_bob_tlds.csv,2026-05-15T21:54:27,False
forestphoto,,,False,,,,,22catchall,False,active,2026-05-15,2026-05-15,SS=hns_ss-export-tld.20251226_20260107_translated_20260117.adapted.csv;HSD=hns_bob_tlds.csv,2026-05-15T21:54:27,False
forewritten,,,False,,,,,22catchall,False,active,2026-05-15,2026-05-15,SS=hns_ss-export-tld.20251226_20260107_translated_20260117.adapted.csv;HSD=hns_bob_tlds.csv,2026-05-15T21:54:27,False
fossickthrough,,,False,,,,,22catchall,False,active,2026-05-15,2026-05-15,SS=hns_ss-export-tld.20251226_20260107_translated_20260117.adapted.csv;HSD=hns_bob_tlds.csv,2026-05-15T21:54:27,False
foto3d,,,False,,,,,timaxau,False,active,2026-05-15,2026-05-15,SS=hns_ss-export-tld.20251226_20260107_translated_20260117.adapted.csv;HSD=hns_bob_tlds.csv,2026-05-15T21:54:27,False
fotofrag,,,False,,,,,tim4sk,False,active,2026-05-15,2026-05-15,SS=hns_ss-export-tld.20251226_20260107_translated_20260117.adapted.csv;HSD=hns_bob_tlds.csv,2026-05-15T21:54:27,False
fotografi,,,False,,,,,timaxau,False,active,2026-05-15,2026-05-15,SS=hns_ss-export-tld.20251226_20260107_translated_20260117.adapted.csv;HSD=hns_bob_tlds.csv,2026-05-15T21:54:27,False
fotografii,,,False,,,,,timaxau,False,active,2026-05-15,2026-05-15,SS=hns_ss-export-tld.20251226_20260107_translated_20260117.adapted.csv;HSD=hns_bob_tlds.csv,2026-05-15T21:54:27,False
fotografix,,,False,,,,,timaxau,False,active,2026-05-15,2026-05-15,SS=hns_ss-export-tld.20251226_20260107_translated_20260117.adapted.csv;HSD=hns_bob_tlds.csv,2026-05-15T21:54:27,False
fotonft,,,False,,,,,timaxau,False,active,2026-05-15,2026-05-15,SS=hns_ss-export-tld.20251226_20260107_translated_20260117.adapted.csv;HSD=hns_bob_tlds.csv,2026-05-15T21:54:27,False
fotosdefamilia,,,False,,,,,tim4sk,False,active,2026-05-15,2026-05-15,SS=hns_ss-export-tld.20251226_20260107_translated_20260117.adapted.csv;HSD=hns_bob_tlds.csv,2026-05-15T21:54:27,False
fotosgratis,,,False,,,,,tim4sk,False,active,2026-05-15,2026-05-15,SS=hns_ss-export-tld.20251226_20260107_translated_20260117.adapted.csv;HSD=hns_bob_tlds.csv,2026-05-15T21:54:27,False
fotouti,,,False,,,,,tim4sk,False,active,2026-05-15,2026-05-15,SS=hns_ss-export-tld.20251226_20260107_translated_20260117.adapted.csv;HSD=hns_bob_tlds.csv,2026-05-15T21:54:27,False
fotwograf,,,False,,,,,tim4sk,False,active,2026-05-15,2026-05-15,SS=hns_ss-export-tld.20251226_20260107_translated_20260117.adapted.csv;HSD=hns_bob_tlds.csv,2026-05-15T21:54:27,False
foxwu,,,False,,,,,8urnt,False,active,2026-05-15,2026-05-15,SS=hns_ss-export-tld.20251226_20260107_translated_20260117.adapted.csv;HSD=hns_bob_tlds.csv,2026-05-15T21:54:27,False
fractionalcurrency,,,False,,,,,k1f,False,active,2026-05-15,2026-05-15,SS=hns_ss-export-tld.20251226_20260107_translated_20260117.adapted.csv;HSD=hns_bob_tlds.csv,2026-05-15T21:54:27,False
fractl,,,False,,,,,22catchall,False,active,2026-05-15,2026-05-15,SS=hns_ss-export-tld.20251226_20260107_translated_20260117.adapted.csv;HSD=hns_bob_tlds.csv,2026-05-15T21:54:27,False
free2u,,,False,,,,,22catchall,False,active,2026-05-15,2026-05-15,SS=hns_ss-export-tld.20251226_20260107_translated_20260117.adapted.csv;HSD=hns_bob_tlds.csv,2026-05-15T21:54:27,False
freedomainbank,,,False,,,,,22catchall,False,active,2026-05-15,2026-05-15,SS=hns_ss-export-tld.20251226_20260107_translated_20260117.adapted.csv;HSD=hns_bob_tlds.csv,2026-05-15T21:54:27,False
freegovernment,,,False,,,,,22catchall,False,active,2026-05-15,2026-05-15,SS=hns_ss-export-tld.20251226_20260107_translated_20260117.adapted.csv;HSD=hns_bob_tlds.csv,2026-05-15T21:54:27,False
freemathlessons,,,False,,,,,r1f,False,active,2026-05-15,2026-05-15,SS=hns_ss-export-tld.20251226_20260107_translated_20260117.adapted.csv;HSD=hns_bob_tlds.csv,2026-05-15T21:54:27,False
freepdfeditor,,,False,,,,,22catchall,False,active,2026-05-15,2026-05-15,SS=hns_ss-export-tld.20251226_20260107_translated_20260117.adapted.csv;HSD=hns_bob_tlds.csv,2026-05-15T21:54:27,False
freephotoalbum,,,False,,,,,tim4sk,False,active,2026-05-15,2026-05-15,SS=hns_ss-export-tld.20251226_20260107_translated_20260117.adapted.csv;HSD=hns_bob_tlds.csv,2026-05-15T21:54:27,False
freshharbor,,,False,,,,,h2o,False,active,2026-05-15,2026-05-15,SS=hns_ss-export-tld.20251226_20260107_translated_20260117.adapted.csv;HSD=hns_bob_tlds.csv,2026-05-15T21:54:27,False
fretent,,,False,,,,,22catchall,False,active,2026-05-15,2026-05-15,SS=hns_ss-export-tld.20251226_20260107_translated_20260117.adapted.csv;HSD=hns_bob_tlds.csv,2026-05-15T21:54:27,False
friedworms,,,False,,,,,tim4sk,False,active,2026-05-15,2026-05-15,SS=hns_ss-export-tld.20251226_20260107_translated_20260117.adapted.csv;HSD=hns_bob_tlds.csv,2026-05-15T21:54:27,False
friendfish,,,False,,,,,tim4sk,False,active,2026-05-15,2026-05-15,SS=hns_ss-export-tld.20251226_20260107_translated_20260117.adapted.csv;HSD=hns_bob_tlds.csv,2026-05-15T21:54:27,False
friendshop,,,False,,,,,22catchall,False,active,2026-05-15,2026-05-15,SS=hns_ss-export-tld.20251226_20260107_translated_20260117.adapted.csv;HSD=hns_bob_tlds.csv,2026-05-15T21:54:27,False
frozensnacks,,,False,,,,,22catchall,False,active,2026-05-15,2026-05-15,SS=hns_ss-export-tld.20251226_20260107_translated_20260117.adapted.csv;HSD=hns_bob_tlds.csv,2026-05-15T21:54:27,False
fuckabyte,,,False,,,,,22catchall,False,active,2026-05-15,2026-05-15,SS=hns_ss-export-tld.20251226_20260107_translated_20260117.adapted.csv;HSD=hns_bob_tlds.csv,2026-05-15T21:54:27,False
fudingwhitetea,,,False,,,,,12tea,False,active,2026-05-15,2026-05-15,SS=hns_ss-export-tld.20251226_20260107_translated_20260117.adapted.csv;HSD=hns_bob_tlds.csv,2026-05-15T21:54:27,False
fujidevil,,,False,,,,,tim4sk,False,active,2026-05-15,2026-05-15,SS=hns_ss-export-tld.20251226_20260107_translated_20260117.adapted.csv;HSD=hns_bob_tlds.csv,2026-05-15T21:54:27,False
fundamentalparticle,,,False,,,,,22catchall,False,active,2026-05-15,2026-05-15,SS=hns_ss-export-tld.20251226_20260107_translated_20260117.adapted.csv;HSD=hns_bob_tlds.csv,2026-05-15T21:54:27,False
fungusgnat,,,False,,,,,22catchall,False,active,2026-05-15,2026-05-15,SS=hns_ss-export-tld.20251226_20260107_translated_20260117.adapted.csv;HSD=hns_bob_tlds.csv,2026-05-15T21:54:27,False
funnypower,,,False,,,,,22catchall,False,active,2026-05-15,2026-05-15,SS=hns_ss-export-tld.20251226_20260107_translated_20260117.adapted.csv;HSD=hns_bob_tlds.csv,2026-05-15T21:54:27,False
funrip,,,False,,,,,k1f,False,active,2026-05-15,2026-05-15,SS=hns_ss-export-tld.20251226_20260107_translated_20260117.adapted.csv;HSD=hns_bob_tlds.csv,2026-05-15T21:54:27,False
funship,,,False,,,,,22catchall,False,active,2026-05-15,2026-05-15,SS=hns_ss-export-tld.20251226_20260107_translated_20260117.adapted.csv;HSD=hns_bob_tlds.csv,2026-05-15T21:54:27,False
furriends,,,False,,,,,22catchall,False,active,2026-05-15,2026-05-15,SS=hns_ss-export-tld.20251226_20260107_translated_20260117.adapted.csv;HSD=hns_bob_tlds.csv,2026-05-15T21:54:27,False
furryears,,,False,,,,,m1f,False,active,2026-05-15,2026-05-15,SS=hns_ss-export-tld.20251226_20260107_translated_20260117.adapted.csv;HSD=hns_bob_tlds.csv,2026-05-15T21:54:27,False
furryfiesta,,,False,,,,,tim4sk,False,active,2026-05-15,2026-05-15,SS=hns_ss-export-tld.20251226_20260107_translated_20260117.adapted.csv;HSD=hns_bob_tlds.csv,2026-05-15T21:54:27,False
furryheads,,,False,,,,,r1f,False,active,2026-05-15,2026-05-15,SS=hns_ss-export-tld.20251226_20260107_translated_20260117.adapted.csv;HSD=hns_bob_tlds.csv,2026-05-15T21:54:27,False
g414g,,,False,,,,,22catchall,False,active,2026-05-15,2026-05-15,SS=hns_ss-export-tld.20251226_20260107_translated_20260117.adapted.csv;HSD=hns_bob_tlds.csv,2026-05-15T21:54:27,False
gainsays,,,False,,,,,22catchall,False,active,2026-05-15,2026-05-15,SS=hns_ss-export-tld.20251226_20260107_translated_20260117.adapted.csv;HSD=hns_bob_tlds.csv,2026-05-15T21:54:27,False
gaintrack,,,False,,,,,tim4sk,False,active,2026-05-15,2026-05-15,SS=hns_ss-export-tld.20251226_20260107_translated_20260117.adapted.csv;HSD=hns_bob_tlds.csv,2026-05-15T21:54:27,False
galvanist,,,False,,,,,22catchall,False,active,2026-05-15,2026-05-15,SS=hns_ss-export-tld.20251226_20260107_translated_20260117.adapted.csv;HSD=hns_bob_tlds.csv,2026-05-15T21:54:27,False
gamesforlife,,,False,,,,,22catchall,False,active,2026-05-15,2026-05-15,SS=hns_ss-export-tld.20251226_20260107_translated_20260117.adapted.csv;HSD=hns_bob_tlds.csv,2026-05-15T21:54:27,False
gamomachia,,,False,,,,,22catchall,False,active,2026-05-15,2026-05-15,SS=hns_ss-export-tld.20251226_20260107_translated_20260117.adapted.csv;HSD=hns_bob_tlds.csv,2026-05-15T21:54:27,False
gamophagia,,,False,,,,,22catchall,False,active,2026-05-15,2026-05-15,SS=hns_ss-export-tld.20251226_20260107_translated_20260117.adapted.csv;HSD=hns_bob_tlds.csv,2026-05-15T21:54:27,False
gangliar,,,False,,,,,tim4sk,False,active,2026-05-15,2026-05-15,SS=hns_ss-export-tld.20251226_20260107_translated_20260117.adapted.csv;HSD=hns_bob_tlds.csv,2026-05-15T21:54:27,False
garagemonkey,,,False,,,,,22catchall,False,active,2026-05-15,2026-05-15,SS=hns_ss-export-tld.20251226_20260107_translated_20260117.adapted.csv;HSD=hns_bob_tlds.csv,2026-05-15T21:54:27,False
garden-mold,,,False,,,,,tim4sk,False,active,2026-05-15,2026-05-15,SS=hns_ss-export-tld.20251226_20260107_translated_20260117.adapted.csv;HSD=hns_bob_tlds.csv,2026-05-15T21:54:27,False
gardenoffice,,,False,,,,,22catchall,False,active,2026-05-15,2026-05-15,SS=hns_ss-export-tld.20251226_20260107_translated_20260117.adapted.csv;HSD=hns_bob_tlds.csv,2026-05-15T21:54:27,False
garrarufafish,,,False,,,,,22catchall,False,active,2026-05-15,2026-05-15,SS=hns_ss-export-tld.20251226_20260107_translated_20260117.adapted.csv;HSD=hns_bob_tlds.csv,2026-05-15T21:54:27,False
geckoconft,,,False,,,,,22catchall,False,active,2026-05-15,2026-05-15,SS=hns_ss-export-tld.20251226_20260107_translated_20260117.adapted.csv;HSD=hns_bob_tlds.csv,2026-05-15T21:54:27,False
gemengraving,,,False,,,,,22catchall,False,active,2026-05-15,2026-05-15,SS=hns_ss-export-tld.20251226_20260107_translated_20260117.adapted.csv;HSD=hns_bob_tlds.csv,2026-05-15T21:54:27,False
gemflip,,,False,,,,,tim4sk,False,active,2026-05-15,2026-05-15,SS=hns_ss-export-tld.20251226_20260107_translated_20260117.adapted.csv;HSD=hns_bob_tlds.csv,2026-05-15T21:54:27,False
gemflipper,,,False,,,,,tim4sk,False,active,2026-05-15,2026-05-15,SS=hns_ss-export-tld.20251226_20260107_translated_20260117.adapted.csv;HSD=hns_bob_tlds.csv,2026-05-15T21:54:27,False
gemhunt,,,False,,,,,tim4sk,False,active,2026-05-15,2026-05-15,SS=hns_ss-export-tld.20251226_20260107_translated_20260117.adapted.csv;HSD=hns_bob_tlds.csv,2026-05-15T21:54:27,False
gemmastar,,,False,,,,,tim4sk,False,active,2026-05-15,2026-05-15,SS=hns_ss-export-tld.20251226_20260107_translated_20260117.adapted.csv;HSD=hns_bob_tlds.csv,2026-05-15T21:54:27,False
gemstoslay,,,False,,,,,tim4sk,False,active,2026-05-15,2026-05-15,SS=hns_ss-export-tld.20251226_20260107_translated_20260117.adapted.csv;HSD=hns_bob_tlds.csv,2026-05-15T21:54:27,False
genaud,,,False,,,,,timaxau,False,active,2026-05-15,2026-05-15,SS=hns_ss-export-tld.20251226_20260107_translated_20260117.adapted.csv;HSD=hns_bob_tlds.csv,2026-05-15T21:54:27,False
genepublic,,,False,,,,,22catchall,False,active,2026-05-15,2026-05-15,SS=hns_ss-export-tld.20251226_20260107_translated_20260117.adapted.csv;HSD=hns_bob_tlds.csv,2026-05-15T21:54:27,False
genome,,,False,,,,,22catchall,False,active,2026-05-15,2026-05-15,SS=hns_ss-export-tld.20251226_20260107_translated_20260117.adapted.csv;HSD=hns_bob_tlds.csv,2026-05-15T21:54:27,False
genteelish,,,False,,,,,22catchall,False,active,2026-05-15,2026-05-15,SS=hns_ss-export-tld.20251226_20260107_translated_20260117.adapted.csv;HSD=hns_bob_tlds.csv,2026-05-15T21:54:27,False
gentlehoney,,,False,,,,,tim4sk,False,active,2026-05-15,2026-05-15,SS=hns_ss-export-tld.20251226_20260107_translated_20260117.adapted.csv;HSD=hns_bob_tlds.csv,2026-05-15T21:54:27,False
geographix,,,False,,,,,tim4sk,False,active,2026-05-15,2026-05-15,SS=hns_ss-export-tld.20251226_20260107_translated_20260117.adapted.csv;HSD=hns_bob_tlds.csv,2026-05-15T21:54:27,False
getnature,,,False,,,,,tim4sk,False,active,2026-05-15,2026-05-15,SS=hns_ss-export-tld.20251226_20260107_translated_20260117.adapted.csv;HSD=hns_bob_tlds.csv,2026-05-15T21:54:27,False
ghostbat,,,False,,,,,22catchall,False,active,2026-05-15,2026-05-15,SS=hns_ss-export-tld.20251226_20260107_translated_20260117.adapted.csv;HSD=hns_bob_tlds.csv,2026-05-15T21:54:27,False
giftauthor,,,False,,,,,22catchall,False,active,2026-05-15,2026-05-15,SS=hns_ss-export-tld.20251226_20260107_translated_20260117.adapted.csv;HSD=hns_bob_tlds.csv,2026-05-15T21:54:27,False
girlswhofish,,,False,,,,,k1f,False,active,2026-05-15,2026-05-15,SS=hns_ss-export-tld.20251226_20260107_translated_20260117.adapted.csv;HSD=hns_bob_tlds.csv,2026-05-15T21:54:27,False
girtbysea,,,False,,,,,timaxau,False,active,2026-05-15,2026-05-15,SS=hns_ss-export-tld.20251226_20260107_translated_20260117.adapted.csv;HSD=hns_bob_tlds.csv,2026-05-15T21:54:27,False
gixt,,,False,,,,,h4ndsh4k,False,active,2026-05-15,2026-05-15,SS=hns_ss-export-tld.20251226_20260107_translated_20260117.adapted.csv;HSD=hns_bob_tlds.csv,2026-05-15T21:54:27,False
glass-house,,,False,,,,,22catchall,False,active,2026-05-15,2026-05-15,SS=hns_ss-export-tld.20251226_20260107_translated_20260117.adapted.csv;HSD=hns_bob_tlds.csv,2026-05-15T21:54:27,False
glasshousemountains,,,False,,,,,timaxau,False,active,2026-05-15,2026-05-15,SS=hns_ss-export-tld.20251226_20260107_translated_20260117.adapted.csv;HSD=hns_bob_tlds.csv,2026-05-15T21:54:27,False
glitchface,,,False,,,,,22catchall,False,active,2026-05-15,2026-05-15,SS=hns_ss-export-tld.20251226_20260107_translated_20260117.adapted.csv;HSD=hns_bob_tlds.csv,2026-05-15T21:54:27,False
glowmore,,,False,,,,,22catchall,False,active,2026-05-15,2026-05-15,SS=hns_ss-export-tld.20251226_20260107_translated_20260117.adapted.csv;HSD=hns_bob_tlds.csv,2026-05-15T21:54:27,False
gmpi,,,False,,,,,timaxau,False,active,2026-05-15,2026-05-15,SS=hns_ss-export-tld.20251226_20260107_translated_20260117.adapted.csv;HSD=hns_bob_tlds.csv,2026-05-15T21:54:27,False
god0,,,False,,,,,22catchall,False,active,2026-05-15,2026-05-15,SS=hns_ss-export-tld.20251226_20260107_translated_20260117.adapted.csv;HSD=hns_bob_tlds.csv,2026-05-15T21:54:27,False
gofuneral,,,False,,,,,k1f,False,active,2026-05-15,2026-05-15,SS=hns_ss-export-tld.20251226_20260107_translated_20260117.adapted.csv;HSD=hns_bob_tlds.csv,2026-05-15T21:54:27,False
gointohysterics,,,False,,,,,k1f,False,active,2026-05-15,2026-05-15,SS=hns_ss-export-tld.20251226_20260107_translated_20260117.adapted.csv;HSD=hns_bob_tlds.csv,2026-05-15T21:54:27,False
gold-bug,,,False,,,,,tim4sk,False,active,2026-05-15,2026-05-15,SS=hns_ss-export-tld.20251226_20260107_translated_20260117.adapted.csv;HSD=hns_bob_tlds.csv,2026-05-15T21:54:27,False
goldgems,,,False,,,,,tim4sk,False,active,2026-05-15,2026-05-15,SS=hns_ss-export-tld.20251226_20260107_translated_20260117.adapted.csv;HSD=hns_bob_tlds.csv,2026-05-15T21:54:27,False
goldsecret,,,False,,,,,22catchall,False,active,2026-05-15,2026-05-15,SS=hns_ss-export-tld.20251226_20260107_translated_20260117.adapted.csv;HSD=hns_bob_tlds.csv,2026-05-15T21:54:27,False
goldsite,,,False,,,,,22catchall,False,active,2026-05-15,2026-05-15,SS=hns_ss-export-tld.20251226_20260107_translated_20260117.adapted.csv;HSD=hns_bob_tlds.csv,2026-05-15T21:54:27,False
goldwithdiamonds,,,False,,,,,tim4sk,False,active,2026-05-15,2026-05-15,SS=hns_ss-export-tld.20251226_20260107_translated_20260117.adapted.csv;HSD=hns_bob_tlds.csv,2026-05-15T21:54:27,False
golfforbeginners,,,False,,,,,22catchall,False,active,2026-05-15,2026-05-15,SS=hns_ss-export-tld.20251226_20260107_translated_20260117.adapted.csv;HSD=hns_bob_tlds.csv,2026-05-15T21:54:27,False
goodonya,,,False,,,,,22catchall,False,active,2026-05-15,2026-05-15,SS=hns_ss-export-tld.20251226_20260107_translated_20260117.adapted.csv;HSD=hns_bob_tlds.csv,2026-05-15T21:54:27,False
gosalt,,,False,,,,,22catchall,False,active,2026-05-15,2026-05-15,SS=hns_ss-export-tld.20251226_20260107_translated_20260117.adapted.csv;HSD=hns_bob_tlds.csv,2026-05-15T21:54:27,False
gossipry,,,False,,,,,22catchall,False,active,2026-05-15,2026-05-15,SS=hns_ss-export-tld.20251226_20260107_translated_20260117.adapted.csv;HSD=hns_bob_tlds.csv,2026-05-15T21:54:27,False
govapi,,,False,,,,,22catchall,False,active,2026-05-15,2026-05-15,SS=hns_ss-export-tld.20251226_20260107_translated_20260117.adapted.csv;HSD=hns_bob_tlds.csv,2026-05-15T21:54:27,False
govdb,,,False,,,,,22catchall,False,active,2026-05-15,2026-05-15,SS=hns_ss-export-tld.20251226_20260107_translated_20260117.adapted.csv;HSD=hns_bob_tlds.csv,2026-05-15T21:54:27,False
gracerios,,,False,,,,,22catchall,False,active,2026-05-15,2026-05-15,SS=hns_ss-export-tld.20251226_20260107_translated_20260117.adapted.csv;HSD=hns_bob_tlds.csv,2026-05-15T21:54:27,False
grafi,,,False,,,,,tim4sk,False,active,2026-05-15,2026-05-15,SS=hns_ss-export-tld.20251226_20260107_translated_20260117.adapted.csv;HSD=hns_bob_tlds.csv,2026-05-15T21:54:27,False
grafix,,,False,,,,,tim4sk,False,active,2026-05-15,2026-05-15,SS=hns_ss-export-tld.20251226_20260107_translated_20260117.adapted.csv;HSD=hns_bob_tlds.csv,2026-05-15T21:54:27,False
grandscoop,,,False,,,,,22catchall,False,active,2026-05-15,2026-05-15,SS=hns_ss-export-tld.20251226_20260107_translated_20260117.adapted.csv;HSD=hns_bob_tlds.csv,2026-05-15T21:54:27,False
graymullet,,,False,,,,,22catchall,False,active,2026-05-15,2026-05-15,SS=hns_ss-export-tld.20251226_20260107_translated_20260117.adapted.csv;HSD=hns_bob_tlds.csv,2026-05-15T21:54:27,False
grayphotography,,,False,,,,,tim4sk,False,active,2026-05-15,2026-05-15,SS=hns_ss-export-tld.20251226_20260107_translated_20260117.adapted.csv;HSD=hns_bob_tlds.csv,2026-05-15T21:54:27,False
greasywrench,,,False,,,,,22catchall,False,active,2026-05-15,2026-05-15,SS=hns_ss-export-tld.20251226_20260107_translated_20260117.adapted.csv;HSD=hns_bob_tlds.csv,2026-05-15T21:54:27,False
greennrg,,,False,,,,,22catchall,False,active,2026-05-15,2026-05-15,SS=hns_ss-export-tld.20251226_20260107_translated_20260117.adapted.csv;HSD=hns_bob_tlds.csv,2026-05-15T21:54:27,False
groundedly,,,False,,,,,tim4sk,False,active,2026-05-15,2026-05-15,SS=hns_ss-export-tld.20251226_20260107_translated_20260117.adapted.csv;HSD=hns_bob_tlds.csv,2026-05-15T21:54:27,False
gt01,,,False,,,,,tim4sk,False,active,2026-05-15,2026-05-15,SS=hns_ss-export-tld.20251226_20260107_translated_20260117.adapted.csv;HSD=hns_bob_tlds.csv,2026-05-15T21:54:27,False
gt02,,,False,,,,,tim4sk,False,active,2026-05-15,2026-05-15,SS=hns_ss-export-tld.20251226_20260107_translated_20260117.adapted.csv;HSD=hns_bob_tlds.csv,2026-05-15T21:54:27,False
gt03,,,False,,,,,tim4sk,False,active,2026-05-15,2026-05-15,SS=hns_ss-export-tld.20251226_20260107_translated_20260117.adapted.csv;HSD=hns_bob_tlds.csv,2026-05-15T21:54:27,False
gt04,,,False,,,,,tim4sk,False,active,2026-05-15,2026-05-15,SS=hns_ss-export-tld.20251226_20260107_translated_20260117.adapted.csv;HSD=hns_bob_tlds.csv,2026-05-15T21:54:27,False
gt05,,,False,,,,,tim4sk,False,active,2026-05-15,2026-05-15,SS=hns_ss-export-tld.20251226_20260107_translated_20260117.adapted.csv;HSD=hns_bob_tlds.csv,2026-05-15T21:54:27,False
gt06,,,False,,,,,tim4sk,False,active,2026-05-15,2026-05-15,SS=hns_ss-export-tld.20251226_20260107_translated_20260117.adapted.csv;HSD=hns_bob_tlds.csv,2026-05-15T21:54:27,False
gt07,,,False,,,,,tim4sk,False,active,2026-05-15,2026-05-15,SS=hns_ss-export-tld.20251226_20260107_translated_20260117.adapted.csv;HSD=hns_bob_tlds.csv,2026-05-15T21:54:27,False
gt08,,,False,,,,,tim4sk,False,active,2026-05-15,2026-05-15,SS=hns_ss-export-tld.20251226_20260107_translated_20260117.adapted.csv;HSD=hns_bob_tlds.csv,2026-05-15T21:54:27,False
gt09,,,False,,,,,tim4sk,False,active,2026-05-15,2026-05-15,SS=hns_ss-export-tld.20251226_20260107_translated_20260117.adapted.csv;HSD=hns_bob_tlds.csv,2026-05-15T21:54:27,False
guako,,,False,,,,,22catchall,False,active,2026-05-15,2026-05-15,SS=hns_ss-export-tld.20251226_20260107_translated_20260117.adapted.csv;HSD=hns_bob_tlds.csv,2026-05-15T21:54:27,False
guidedao,,,False,,,,,22catchall,False,active,2026-05-15,2026-05-15,SS=hns_ss-export-tld.20251226_20260107_translated_20260117.adapted.csv;HSD=hns_bob_tlds.csv,2026-05-15T21:54:27,False
gvau,,,False,,,,,timaxau,False,active,2026-05-15,2026-05-15,SS=hns_ss-export-tld.20251226_20260107_translated_20260117.adapted.csv;HSD=hns_bob_tlds.csv,2026-05-15T21:54:27,False
gypsology,,,False,,,,,22catchall,False,active,2026-05-15,2026-05-15,SS=hns_ss-export-tld.20251226_20260107_translated_20260117.adapted.csv;HSD=hns_bob_tlds.csv,2026-05-15T21:54:27,False
gyst,,,False,,,,,h4ndsh4k,False,active,2026-05-15,2026-05-15,SS=hns_ss-export-tld.20251226_20260107_translated_20260117.adapted.csv;HSD=hns_bob_tlds.csv,2026-05-15T21:54:27,False
h4ndsh4k,,,False,,,,,h4ndsh4k,False,active,2026-05-15,2026-05-15,SS=hns_ss-export-tld.20251226_20260107_translated_20260117.adapted.csv;HSD=hns_bob_tlds.csv,2026-05-15T21:54:27,False
hackdeeznuts,,,False,,,,,tim4sk,False,active,2026-05-15,2026-05-15,SS=hns_ss-export-tld.20251226_20260107_translated_20260117.adapted.csv;HSD=hns_bob_tlds.csv,2026-05-15T21:54:27,False
hahahns,,,False,,,,,giftosend,False,active,2026-05-15,2026-05-15,SS=hns_ss-export-tld.20251226_20260107_translated_20260117.adapted.csv;HSD=hns_bob_tlds.csv,2026-05-15T21:54:27,False
halitus,,,False,,,,,timaxau,False,active,2026-05-15,2026-05-15,SS=hns_ss-export-tld.20251226_20260107_translated_20260117.adapted.csv;HSD=hns_bob_tlds.csv,2026-05-15T21:54:27,False
hand-gear,,,False,,,,,tim4sk,False,active,2026-05-15,2026-05-15,SS=hns_ss-export-tld.20251226_20260107_translated_20260117.adapted.csv;HSD=hns_bob_tlds.csv,2026-05-15T21:54:27,False
handshak,,,False,,,,,h4ndsh4k,False,active,2026-05-15,2026-05-15,SS=hns_ss-export-tld.20251226_20260107_translated_20260117.adapted.csv;HSD=hns_bob_tlds.csv,2026-05-15T21:54:27,False
handshake-gear,,,False,,,,,22catchall,False,active,2026-05-15,2026-05-15,SS=hns_ss-export-tld.20251226_20260107_translated_20260117.adapted.csv;HSD=hns_bob_tlds.csv,2026-05-15T21:54:27,False
handshake-hns,,,False,,,,,22catchall,False,active,2026-05-15,2026-05-15,SS=hns_ss-export-tld.20251226_20260107_translated_20260117.adapted.csv;HSD=hns_bob_tlds.csv,2026-05-15T21:54:27,False
handshakepoet,,,False,,,,,tim4sk,False,active,2026-05-15,2026-05-15,SS=hns_ss-export-tld.20251226_20260107_translated_20260117.adapted.csv;HSD=hns_bob_tlds.csv,2026-05-15T21:54:27,False
handtea,,,False,,,,,12tea,False,active,2026-05-15,2026-05-15,SS=hns_ss-export-tld.20251226_20260107_translated_20260117.adapted.csv;HSD=hns_bob_tlds.csv,2026-05-15T21:54:27,False
handybug,,,False,,,,,22catchall,False,active,2026-05-15,2026-05-15,SS=hns_ss-export-tld.20251226_20260107_translated_20260117.adapted.csv;HSD=hns_bob_tlds.csv,2026-05-15T21:54:27,False
handymind,,,False,,,,,22catchall,False,active,2026-05-15,2026-05-15,SS=hns_ss-export-tld.20251226_20260107_translated_20260117.adapted.csv;HSD=hns_bob_tlds.csv,2026-05-15T21:54:27,False
handyplan,,,False,,,,,22catchall,False,active,2026-05-15,2026-05-15,SS=hns_ss-export-tld.20251226_20260107_translated_20260117.adapted.csv;HSD=hns_bob_tlds.csv,2026-05-15T21:54:27,False
happy21st,,,False,,,,,22catchall,False,active,2026-05-15,2026-05-15,SS=hns_ss-export-tld.20251226_20260107_translated_20260117.adapted.csv;HSD=hns_bob_tlds.csv,2026-05-15T21:54:27,False
happykitty,,,False,,,,,22catchall,False,active,2026-05-15,2026-05-15,SS=hns_ss-export-tld.20251226_20260107_translated_20260117.adapted.csv;HSD=hns_bob_tlds.csv,2026-05-15T21:54:27,False
harbormaster,,,False,,,,,22catchall,False,active,2026-05-15,2026-05-15,SS=hns_ss-export-tld.20251226_20260107_translated_20260117.adapted.csv;HSD=hns_bob_tlds.csv,2026-05-15T21:54:27,False
harbormate,,,False,,,,,22catchall,False,active,2026-05-15,2026-05-15,SS=hns_ss-export-tld.20251226_20260107_translated_20260117.adapted.csv;HSD=hns_bob_tlds.csv,2026-05-15T21:54:27,False
hardbase,,,False,,,,,22catchall,False,active,2026-05-15,2026-05-15,SS=hns_ss-export-tld.20251226_20260107_translated_20260117.adapted.csv;HSD=hns_bob_tlds.csv,2026-05-15T21:54:27,False
hardfist,,,False,,,,,22catchall,False,active,2026-05-15,2026-05-15,SS=hns_ss-export-tld.20251226_20260107_translated_20260117.adapted.csv;HSD=hns_bob_tlds.csv,2026-05-15T21:54:27,False
hashtagwills,,,False,,,,,k1f,False,active,2026-05-15,2026-05-15,SS=hns_ss-export-tld.20251226_20260107_translated_20260117.adapted.csv;HSD=hns_bob_tlds.csv,2026-05-15T21:54:27,False
hautejpegs,,,False,,,,,tim4sk,False,active,2026-05-15,2026-05-15,SS=hns_ss-export-tld.20251226_20260107_translated_20260117.adapted.csv;HSD=hns_bob_tlds.csv,2026-05-15T21:54:27,False
haveago,,,False,,,,,timaxau,False,active,2026-05-15,2026-05-15,SS=hns_ss-export-tld.20251226_20260107_translated_20260117.adapted.csv;HSD=hns_bob_tlds.csv,2026-05-15T21:54:27,False
hawtdog,,,False,,,,,22catchall,False,active,2026-05-15,2026-05-15,SS=hns_ss-export-tld.20251226_20260107_translated_20260117.adapted.csv;HSD=hns_bob_tlds.csv,2026-05-15T21:54:27,False
heala,,,False,,,,,tim4sk,False,active,2026-05-15,2026-05-15,SS=hns_ss-export-tld.20251226_20260107_translated_20260117.adapted.csv;HSD=hns_bob_tlds.csv,2026-05-15T21:54:27,False
healerhub,,,False,,,,,tim4sk,False,active,2026-05-15,2026-05-15,SS=hns_ss-export-tld.20251226_20260107_translated_20260117.adapted.csv;HSD=hns_bob_tlds.csv,2026-05-15T21:54:27,False
healthyou,,,False,,,,,22catchall,False,active,2026-05-15,2026-05-15,SS=hns_ss-export-tld.20251226_20260107_translated_20260117.adapted.csv;HSD=hns_bob_tlds.csv,2026-05-15T21:54:27,False
heardislandandmcdonaldislands,,,False,,,,,timaxau,False,active,2026-05-15,2026-05-15,SS=hns_ss-export-tld.20251226_20260107_translated_20260117.adapted.csv;HSD=hns_bob_tlds.csv,2026-05-15T21:54:27,False
heartmaster,,,False,,,,,22catchall,False,active,2026-05-15,2026-05-15,SS=hns_ss-export-tld.20251226_20260107_translated_20260117.adapted.csv;HSD=hns_bob_tlds.csv,2026-05-15T21:54:27,False
heathenist,,,False,,,,,22catchall,False,active,2026-05-15,2026-05-15,SS=hns_ss-export-tld.20251226_20260107_translated_20260117.adapted.csv;HSD=hns_bob_tlds.csv,2026-05-15T21:54:27,False
heaveintosight,,,False,,,,,22catchall,False,active,2026-05-15,2026-05-15,SS=hns_ss-export-tld.20251226_20260107_translated_20260117.adapted.csv;HSD=hns_bob_tlds.csv,2026-05-15T21:54:27,False
heaveintoview,,,False,,,,,22catchall,False,active,2026-05-15,2026-05-15,SS=hns_ss-export-tld.20251226_20260107_translated_20260117.adapted.csv;HSD=hns_bob_tlds.csv,2026-05-15T21:54:27,False
heaveinview,,,False,,,,,22catchall,False,active,2026-05-15,2026-05-15,SS=hns_ss-export-tld.20251226_20260107_translated_20260117.adapted.csv;HSD=hns_bob_tlds.csv,2026-05-15T21:54:27,False
heavenless,,,False,,,,,22catchall,False,active,2026-05-15,2026-05-15,SS=hns_ss-export-tld.20251226_20260107_translated_20260117.adapted.csv;HSD=hns_bob_tlds.csv,2026-05-15T21:54:27,False
heaveto,,,False,,,,,22catchall,False,active,2026-05-15,2026-05-15,SS=hns_ss-export-tld.20251226_20260107_translated_20260117.adapted.csv;HSD=hns_bob_tlds.csv,2026-05-15T21:54:27,False
hedgewizard,,,False,,,,,22catchall,False,active,2026-05-15,2026-05-15,SS=hns_ss-export-tld.20251226_20260107_translated_20260117.adapted.csv;HSD=hns_bob_tlds.csv,2026-05-15T21:54:27,False
helisite,,,False,,,,,22catchall,False,active,2026-05-15,2026-05-15,SS=hns_ss-export-tld.20251226_20260107_translated_20260117.adapted.csv;HSD=hns_bob_tlds.csv,2026-05-15T21:54:27,False
herbalize,,,False,,,,,tim4sk,False,active,2026-05-15,2026-05-15,SS=hns_ss-export-tld.20251226_20260107_translated_20260117.adapted.csv;HSD=hns_bob_tlds.csv,2026-05-15T21:54:27,False
herogear,,,False,,,,,22catchall,False,active,2026-05-15,2026-05-15,SS=hns_ss-export-tld.20251226_20260107_translated_20260117.adapted.csv;HSD=hns_bob_tlds.csv,2026-05-15T21:54:27,False
hetbeste,,,False,,,,,22catchall,False,active,2026-05-15,2026-05-15,SS=hns_ss-export-tld.20251226_20260107_translated_20260117.adapted.csv;HSD=hns_bob_tlds.csv,2026-05-15T21:54:27,False
hetericism,,,False,,,,,22catchall,False,active,2026-05-15,2026-05-15,SS=hns_ss-export-tld.20251226_20260107_translated_20260117.adapted.csv;HSD=hns_bob_tlds.csv,2026-05-15T21:54:27,False
hidemany,,,False,,,,,tim4sk,False,active,2026-05-15,2026-05-15,SS=hns_ss-export-tld.20251226_20260107_translated_20260117.adapted.csv;HSD=hns_bob_tlds.csv,2026-05-15T21:54:27,False
hideother,,,False,,,,,tim4sk,False,active,2026-05-15,2026-05-15,SS=hns_ss-export-tld.20251226_20260107_translated_20260117.adapted.csv;HSD=hns_bob_tlds.csv,2026-05-15T21:54:27,False
hillroad,,,False,,,,,22catchall,False,active,2026-05-15,2026-05-15,SS=hns_ss-export-tld.20251226_20260107_translated_20260117.adapted.csv;HSD=hns_bob_tlds.csv,2026-05-15T21:54:27,False
himward,,,False,,,,,22catchall,False,active,2026-05-15,2026-05-15,SS=hns_ss-export-tld.20251226_20260107_translated_20260117.adapted.csv;HSD=hns_bob_tlds.csv,2026-05-15T21:54:27,False
hisgirl,,,False,,,,,22catchall,False,active,2026-05-15,2026-05-15,SS=hns_ss-export-tld.20251226_20260107_translated_20260117.adapted.csv;HSD=hns_bob_tlds.csv,2026-05-15T21:54:27,False
hmart,,,False,,,,,22catchall,False,active,2026-05-15,2026-05-15,SS=hns_ss-export-tld.20251226_20260107_translated_20260117.adapted.csv;HSD=hns_bob_tlds.csv,2026-05-15T21:54:27,False
hns4yr,,,False,,,,,22catchall,False,active,2026-05-15,2026-05-15,SS=hns_ss-export-tld.20251226_20260107_translated_20260117.adapted.csv;HSD=hns_bob_tlds.csv,2026-05-15T21:54:27,False
hnsarmy,,,False,,,,,tim4sk,False,active,2026-05-15,2026-05-15,SS=hns_ss-export-tld.20251226_20260107_translated_20260117.adapted.csv;HSD=hns_bob_tlds.csv,2026-05-15T21:54:27,False
hnsau,,,False,,,,,timaxau,False,active,2026-05-15,2026-05-15,SS=hns_ss-export-tld.20251226_20260107_translated_20260117.adapted.csv;HSD=hns_bob_tlds.csv,2026-05-15T21:54:27,False
hnsaus,,,False,,,,,22catchall,False,active,2026-05-15,2026-05-15,SS=hns_ss-export-tld.20251226_20260107_translated_20260117.adapted.csv;HSD=hns_bob_tlds.csv,2026-05-15T21:54:27,False
hnsaussie,,,False,,,,,tim4sk,False,active,2026-05-15,2026-05-15,SS=hns_ss-export-tld.20251226_20260107_translated_20260117.adapted.csv;HSD=hns_bob_tlds.csv,2026-05-15T21:54:27,False
hnsaustralia,,,False,,,,,tim4sk,False,active,2026-05-15,2026-05-15,SS=hns_ss-export-tld.20251226_20260107_translated_20260117.adapted.csv;HSD=hns_bob_tlds.csv,2026-05-15T21:54:27,False
hnsays,,,False,,,,,h4ndsh4k,False,active,2026-05-15,2026-05-15,SS=hns_ss-export-tld.20251226_20260107_translated_20260117.adapted.csv;HSD=hns_bob_tlds.csv,2026-05-15T21:54:27,False
hnsclient,,,False,,,,,22catchall,False,active,2026-05-15,2026-05-15,SS=hns_ss-export-tld.20251226_20260107_translated_20260117.adapted.csv;HSD=hns_bob_tlds.csv,2026-05-15T21:54:27,False
hnscores,,,False,,,,,22catchall,False,active,2026-05-15,2026-05-15,SS=hns_ss-export-tld.20251226_20260107_translated_20260117.adapted.csv;HSD=hns_bob_tlds.csv,2026-05-15T21:54:27,False
hnseal,,,False,,,,,h4ndsh4k,False,active,2026-05-15,2026-05-15,SS=hns_ss-export-tld.20251226_20260107_translated_20260117.adapted.csv;HSD=hns_bob_tlds.csv,2026-05-15T21:54:27,False
hnsect,,,False,,,,,h4ndsh4k,False,active,2026-05-15,2026-05-15,SS=hns_ss-export-tld.20251226_20260107_translated_20260117.adapted.csv;HSD=hns_bob_tlds.csv,2026-05-15T21:54:27,False
hnseed,,,False,,,,,h4ndsh4k,False,active,2026-05-15,2026-05-15,SS=hns_ss-export-tld.20251226_20260107_translated_20260117.adapted.csv;HSD=hns_bob_tlds.csv,2026-05-15T21:54:27,False
hnseen,,,False,,,,,h4ndsh4k,False,active,2026-05-15,2026-05-15,SS=hns_ss-export-tld.20251226_20260107_translated_20260117.adapted.csv;HSD=hns_bob_tlds.csv,2026-05-15T21:54:27,False
hnseep,,,False,,,,,h4ndsh4k,False,active,2026-05-15,2026-05-15,SS=hns_ss-export-tld.20251226_20260107_translated_20260117.adapted.csv;HSD=hns_bob_tlds.csv,2026-05-15T21:54:27,False
hnsees,,,False,,,,,h4ndsh4k,False,active,2026-05-15,2026-05-15,SS=hns_ss-export-tld.20251226_20260107_translated_20260117.adapted.csv;HSD=hns_bob_tlds.csv,2026-05-15T21:54:27,False
hnseize,,,False,,,,,h4ndsh4k,False,active,2026-05-15,2026-05-15,SS=hns_ss-export-tld.20251226_20260107_translated_20260117.adapted.csv;HSD=hns_bob_tlds.csv,2026-05-15T21:54:27,False
hnself,,,False,,,,,h4ndsh4k,False,active,2026-05-15,2026-05-15,SS=hns_ss-export-tld.20251226_20260107_translated_20260117.adapted.csv;HSD=hns_bob_tlds.csv,2026-05-15T21:54:27,False
hnsell,,,False,,,,,h4ndsh4k,False,active,2026-05-15,2026-05-15,SS=hns_ss-export-tld.20251226_20260107_translated_20260117.adapted.csv;HSD=hns_bob_tlds.csv,2026-05-15T21:54:27,False
hnsells,,,False,,,,,h4ndsh4k,False,active,2026-05-15,2026-05-15,SS=hns_ss-export-tld.20251226_20260107_translated_20260117.adapted.csv;HSD=hns_bob_tlds.csv,2026-05-15T21:54:27,False
hnsend,,,False,,,,,h4ndsh4k,False,active,2026-05-15,2026-05-15,SS=hns_ss-export-tld.20251226_20260107_translated_20260117.adapted.csv;HSD=hns_bob_tlds.csv,2026-05-15T21:54:27,False
hnsent,,,False,,,,,h4ndsh4k,False,active,2026-05-15,2026-05-15,SS=hns_ss-export-tld.20251226_20260107_translated_20260117.adapted.csv;HSD=hns_bob_tlds.csv,2026-05-15T21:54:27,False
hnserve,,,False,,,,,h4ndsh4k,False,active,2026-05-15,2026-05-15,SS=hns_ss-export-tld.20251226_20260107_translated_20260117.adapted.csv;HSD=hns_bob_tlds.csv,2026-05-15T21:54:27,False
hnseta,,,False,,,,,h4ndsh4k,False,active,2026-05-15,2026-05-15,SS=hns_ss-export-tld.20251226_20260107_translated_20260117.adapted.csv;HSD=hns_bob_tlds.csv,2026-05-15T21:54:27,False
hnsets,,,False,,,,,h4ndsh4k,False,active,2026-05-15,2026-05-15,SS=hns_ss-export-tld.20251226_20260107_translated_20260117.adapted.csv;HSD=hns_bob_tlds.csv,2026-05-15T21:54:27,False
hnsever,,,False,,,,,h4ndsh4k,False,active,2026-05-15,2026-05-15,SS=hns_ss-export-tld.20251226_20260107_translated_20260117.adapted.csv;HSD=hns_bob_tlds.csv,2026-05-15T21:54:27,False
hnsewn,,,False,,,,,h4ndsh4k,False,active,2026-05-15,2026-05-15,SS=hns_ss-export-tld.20251226_20260107_translated_20260117.adapted.csv;HSD=hns_bob_tlds.csv,2026-05-15T21:54:27,False
hnsgear,,,False,,,,,22catchall,False,active,2026-05-15,2026-05-15,SS=hns_ss-export-tld.20251226_20260107_translated_20260117.adapted.csv;HSD=hns_bob_tlds.csv,2026-05-15T21:54:27,False
hnsia,,,False,,,,,tim4sk,False,active,2026-05-15,2026-05-15,SS=hns_ss-export-tld.20251226_20260107_translated_20260117.adapted.csv;HSD=hns_bob_tlds.csv,2026-05-15T21:54:27,False
hnsib,,,False,,,,,tim4sk,False,active,2026-05-15,2026-05-15,SS=hns_ss-export-tld.20251226_20260107_translated_20260117.adapted.csv;HSD=hns_bob_tlds.csv,2026-05-15T21:54:27,False
hnside,,,False,,,,,h4ndsh4k,False,active,2026-05-15,2026-05-15,SS=hns_ss-export-tld.20251226_20260107_translated_20260117.adapted.csv;HSD=hns_bob_tlds.csv,2026-05-15T21:54:27,False
hnsif,,,False,,,,,tim4sk,False,active,2026-05-15,2026-05-15,SS=hns_ss-export-tld.20251226_20260107_translated_20260117.adapted.csv;HSD=hns_bob_tlds.csv,2026-05-15T21:54:27,False
hnsig,,,False,,,,,tim4sk,False,active,2026-05-15,2026-05-15,SS=hns_ss-export-tld.20251226_20260107_translated_20260117.adapted.csv;HSD=hns_bob_tlds.csv,2026-05-15T21:54:27,False
hnsign,,,False,,,,,h4ndsh4k,False,active,2026-05-15,2026-05-15,SS=hns_ss-export-tld.20251226_20260107_translated_20260117.adapted.csv;HSD=hns_bob_tlds.csv,2026-05-15T21:54:27,False
hnsih,,,False,,,,,tim4sk,False,active,2026-05-15,2026-05-15,SS=hns_ss-export-tld.20251226_20260107_translated_20260117.adapted.csv;HSD=hns_bob_tlds.csv,2026-05-15T21:54:27,False
hnsii,,,False,,,,,tim4sk,False,active,2026-05-15,2026-05-15,SS=hns_ss-export-tld.20251226_20260107_translated_20260117.adapted.csv;HSD=hns_bob_tlds.csv,2026-05-15T21:54:27,False
hnsij,,,False,,,,,tim4sk,False,active,2026-05-15,2026-05-15,SS=hns_ss-export-tld.20251226_20260107_translated_20260117.adapted.csv;HSD=hns_bob_tlds.csv,2026-05-15T21:54:27,False
hnsik,,,False,,,,,tim4sk,False,active,2026-05-15,2026-05-15,SS=hns_ss-export-tld.20251226_20260107_translated_20260117.adapted.csv;HSD=hns_bob_tlds.csv,2026-05-15T21:54:27,False
hnsim,,,False,,,,,tim4sk,False,active,2026-05-15,2026-05-15,SS=hns_ss-export-tld.20251226_20260107_translated_20260117.adapted.csv;HSD=hns_bob_tlds.csv,2026-05-15T21:54:27,False
hnsiot,,,False,,,,,22catchall,False,active,2026-05-15,2026-05-15,SS=hns_ss-export-tld.20251226_20260107_translated_20260117.adapted.csv;HSD=hns_bob_tlds.csv,2026-05-15T21:54:27,False
hnsip,,,False,,,,,tim4sk,False,active,2026-05-15,2026-05-15,SS=hns_ss-export-tld.20251226_20260107_translated_20260117.adapted.csv;HSD=hns_bob_tlds.csv,2026-05-15T21:54:27,False
hnsite,,,False,,,,,tim4sk,False,active,2026-05-15,2026-05-15,SS=hns_ss-export-tld.20251226_20260107_translated_20260117.adapted.csv;HSD=hns_bob_tlds.csv,2026-05-15T21:54:27,False
hnsiu,,,False,,,,,tim4sk,False,active,2026-05-15,2026-05-15,SS=hns_ss-export-tld.20251226_20260107_translated_20260117.adapted.csv;HSD=hns_bob_tlds.csv,2026-05-15T21:54:27,False
hnsiv,,,False,,,,,tim4sk,False,active,2026-05-15,2026-05-15,SS=hns_ss-export-tld.20251226_20260107_translated_20260117.adapted.csv;HSD=hns_bob_tlds.csv,2026-05-15T21:54:27,False
hnsiz,,,False,,,,,tim4sk,False,active,2026-05-15,2026-05-15,SS=hns_ss-export-tld.20251226_20260107_translated_20260117.adapted.csv;HSD=hns_bob_tlds.csv,2026-05-15T21:54:27,False
hnsize,,,False,,,,,h4ndsh4k,False,active,2026-05-15,2026-05-15,SS=hns_ss-export-tld.20251226_20260107_translated_20260117.adapted.csv;HSD=hns_bob_tlds.csv,2026-05-15T21:54:27,False
hnsldns,,,False,,,,,22catchall,False,active,2026-05-15,2026-05-15,SS=hns_ss-export-tld.20251226_20260107_translated_20260117.adapted.csv;HSD=hns_bob_tlds.csv,2026-05-15T21:54:27,False
hnsmarkt,,,False,,,,,tim4sk,False,active,2026-05-15,2026-05-15,SS=hns_ss-export-tld.20251226_20260107_translated_20260117.adapted.csv;HSD=hns_bob_tlds.csv,2026-05-15T21:54:27,False
hnsopia,,,False,,,,,22catchall,False,active,2026-05-15,2026-05-15,SS=hns_ss-export-tld.20251226_20260107_translated_20260117.adapted.csv;HSD=hns_bob_tlds.csv,2026-05-15T21:54:27,False
hnssld,,,False,,,,,22catchall,False,active,2026-05-15,2026-05-15,SS=hns_ss-export-tld.20251226_20260107_translated_20260117.adapted.csv;HSD=hns_bob_tlds.csv,2026-05-15T21:54:27,False
hnssub,,,False,,,,,h4ndsh4k,False,active,2026-05-15,2026-05-15,SS=hns_ss-export-tld.20251226_20260107_translated_20260117.adapted.csv;HSD=hns_bob_tlds.csv,2026-05-15T21:54:27,False
hnstim,,,False,,,,,timaxau,False,active,2026-05-15,2026-05-15,SS=hns_ss-export-tld.20251226_20260107_translated_20260117.adapted.csv;HSD=hns_bob_tlds.csv,2026-05-15T21:54:27,False
hnsub,,,False,,,,,h4ndsh4k,False,active,2026-05-15,2026-05-15,SS=hns_ss-export-tld.20251226_20260107_translated_20260117.adapted.csv;HSD=hns_bob_tlds.csv,2026-05-15T21:54:27,False
hnsubs,,,False,,,,,h4ndsh4k,False,active,2026-05-15,2026-05-15,SS=hns_ss-export-tld.20251226_20260107_translated_20260117.adapted.csv;HSD=hns_bob_tlds.csv,2026-05-15T21:54:27,False
holdwater,,,False,,,,,22catchall,False,active,2026-05-15,2026-05-15,SS=hns_ss-export-tld.20251226_20260107_translated_20260117.adapted.csv;HSD=hns_bob_tlds.csv,2026-05-15T21:54:27,False
holepower,,,False,,,,,22catchall,False,active,2026-05-15,2026-05-15,SS=hns_ss-export-tld.20251226_20260107_translated_20260117.adapted.csv;HSD=hns_bob_tlds.csv,2026-05-15T21:54:27,False
hollyking,,,False,,,,,22catchall,False,active,2026-05-15,2026-05-15,SS=hns_ss-export-tld.20251226_20260107_translated_20260117.adapted.csv;HSD=hns_bob_tlds.csv,2026-05-15T21:54:27,False
homchai,,,False,,,,,12tea,False,active,2026-05-15,2026-05-15,SS=hns_ss-export-tld.20251226_20260107_translated_20260117.adapted.csv;HSD=hns_bob_tlds.csv,2026-05-15T21:54:27,False
homophylic,,,False,,,,,22catchall,False,active,2026-05-15,2026-05-15,SS=hns_ss-export-tld.20251226_20260107_translated_20260117.adapted.csv;HSD=hns_bob_tlds.csv,2026-05-15T21:54:27,False
honeycell,,,False,,,,,dfps,False,active,2026-05-15,2026-05-15,SS=hns_ss-export-tld.20251226_20260107_translated_20260117.adapted.csv;HSD=hns_bob_tlds.csv,2026-05-15T21:54:27,False
honeyisle,,,False,,,,,tim4sk,False,active,2026-05-15,2026-05-15,SS=hns_ss-export-tld.20251226_20260107_translated_20260117.adapted.csv;HSD=hns_bob_tlds.csv,2026-05-15T21:54:27,False
hookwork,,,False,,,,,22catchall,False,active,2026-05-15,2026-05-15,SS=hns_ss-export-tld.20251226_20260107_translated_20260117.adapted.csv;HSD=hns_bob_tlds.csv,2026-05-15T21:54:27,False
hospitalblockchain,,,False,,,,,22catchall,False,active,2026-05-15,2026-05-15,SS=hns_ss-export-tld.20251226_20260107_translated_20260117.adapted.csv;HSD=hns_bob_tlds.csv,2026-05-15T21:54:27,False
hotimg,,,False,,,,,22catchall,False,active,2026-05-15,2026-05-15,SS=hns_ss-export-tld.20251226_20260107_translated_20260117.adapted.csv;HSD=hns_bob_tlds.csv,2026-05-15T21:54:27,False
houseofdeath,,,False,,,,,k1f,False,active,2026-05-15,2026-05-15,SS=hns_ss-export-tld.20251226_20260107_translated_20260117.adapted.csv;HSD=hns_bob_tlds.csv,2026-05-15T21:54:27,False
howtofishing,,,False,,,,,tim4sk,False,active,2026-05-15,2026-05-15,SS=hns_ss-export-tld.20251226_20260107_translated_20260117.adapted.csv;HSD=hns_bob_tlds.csv,2026-05-15T21:54:27,False
hrosth,,,False,,,,,tim4sk,False,active,2026-05-15,2026-05-15,SS=hns_ss-export-tld.20251226_20260107_translated_20260117.adapted.csv;HSD=hns_bob_tlds.csv,2026-05-15T21:54:27,False
hroths,,,False,,,,,tim4sk,False,active,2026-05-15,2026-05-15,SS=hns_ss-export-tld.20251226_20260107_translated_20260117.adapted.csv;HSD=hns_bob_tlds.csv,2026-05-15T21:54:27,False
hrothst,,,False,,,,,tim4sk,False,active,2026-05-15,2026-05-15,SS=hns_ss-export-tld.20251226_20260107_translated_20260117.adapted.csv;HSD=hns_bob_tlds.csv,2026-05-15T21:54:27,False
hrothzt,,,False,,,,,tim4sk,False,active,2026-05-15,2026-05-15,SS=hns_ss-export-tld.20251226_20260107_translated_20260117.adapted.csv;HSD=hns_bob_tlds.csv,2026-05-15T21:54:27,False
hroxth,,,False,,,,,tim4sk,False,active,2026-05-15,2026-05-15,SS=hns_ss-export-tld.20251226_20260107_translated_20260117.adapted.csv;HSD=hns_bob_tlds.csv,2026-05-15T21:54:27,False
hroxtx,,,False,,,,,tim4sk,False,active,2026-05-15,2026-05-15,SS=hns_ss-export-tld.20251226_20260107_translated_20260117.adapted.csv;HSD=hns_bob_tlds.csv,2026-05-15T21:54:27,False
hrozth,,,False,,,,,tim4sk,False,active,2026-05-15,2026-05-15,SS=hns_ss-export-tld.20251226_20260107_translated_20260117.adapted.csv;HSD=hns_bob_tlds.csv,2026-05-15T21:54:27,False
hrshot,,,False,,,,,tim4sk,False,active,2026-05-15,2026-05-15,SS=hns_ss-export-tld.20251226_20260107_translated_20260117.adapted.csv;HSD=hns_bob_tlds.csv,2026-05-15T21:54:27,False
hrsorh,,,False,,,,,tim4sk,False,active,2026-05-15,2026-05-15,SS=hns_ss-export-tld.20251226_20260107_translated_20260117.adapted.csv;HSD=hns_bob_tlds.csv,2026-05-15T21:54:27,False
hrstoh,,,False,,,,,tim4sk,False,active,2026-05-15,2026-05-15,SS=hns_ss-export-tld.20251226_20260107_translated_20260117.adapted.csv;HSD=hns_bob_tlds.csv,2026-05-15T21:54:27,False
hrthso,,,False,,,,,tim4sk,False,active,2026-05-15,2026-05-15,SS=hns_ss-export-tld.20251226_20260107_translated_20260117.adapted.csv;HSD=hns_bob_tlds.csv,2026-05-15T21:54:27,False
hrthzo,,,False,,,,,tim4sk,False,active,2026-05-15,2026-05-15,SS=hns_ss-export-tld.20251226_20260107_translated_20260117.adapted.csv;HSD=hns_bob_tlds.csv,2026-05-15T21:54:27,False
hrtohs,,,False,,,,,tim4sk,False,active,2026-05-15,2026-05-15,SS=hns_ss-export-tld.20251226_20260107_translated_20260117.adapted.csv;HSD=hns_bob_tlds.csv,2026-05-15T21:54:27,False
hrtohx,,,False,,,,,tim4sk,False,active,2026-05-15,2026-05-15,SS=hns_ss-export-tld.20251226_20260107_translated_20260117.adapted.csv;HSD=hns_bob_tlds.csv,2026-05-15T21:54:27,False
hrxorh,,,False,,,,,tim4sk,False,active,2026-05-15,2026-05-15,SS=hns_ss-export-tld.20251226_20260107_translated_20260117.adapted.csv;HSD=hns_bob_tlds.csv,2026-05-15T21:54:27,False
hrxoth,,,False,,,,,tim4sk,False,active,2026-05-15,2026-05-15,SS=hns_ss-export-tld.20251226_20260107_translated_20260117.adapted.csv;HSD=hns_bob_tlds.csv,2026-05-15T21:54:27,False
hrxtho,,,False,,,,,tim4sk,False,active,2026-05-15,2026-05-15,SS=hns_ss-export-tld.20251226_20260107_translated_20260117.adapted.csv;HSD=hns_bob_tlds.csv,2026-05-15T21:54:27,False
hrzhot,,,False,,,,,tim4sk,False,active,2026-05-15,2026-05-15,SS=hns_ss-export-tld.20251226_20260107_translated_20260117.adapted.csv;HSD=hns_bob_tlds.csv,2026-05-15T21:54:27,False
hrzoth,,,False,,,,,tim4sk,False,active,2026-05-15,2026-05-15,SS=hns_ss-export-tld.20251226_20260107_translated_20260117.adapted.csv;HSD=hns_bob_tlds.csv,2026-05-15T21:54:27,False
hrztho,,,False,,,,,tim4sk,False,active,2026-05-15,2026-05-15,SS=hns_ss-export-tld.20251226_20260107_translated_20260117.adapted.csv;HSD=hns_bob_tlds.csv,2026-05-15T21:54:27,False
hrztoh,,,False,,,,,tim4sk,False,active,2026-05-15,2026-05-15,SS=hns_ss-export-tld.20251226_20260107_translated_20260117.adapted.csv;HSD=hns_bob_tlds.csv,2026-05-15T21:54:27,False
hsub,,,False,,,,,h4ndsh4k,False,active,2026-05-15,2026-05-15,SS=hns_ss-export-tld.20251226_20260107_translated_20260117.adapted.csv;HSD=hns_bob_tlds.csv,2026-05-15T21:54:27,False
htjoepo376i4q546bdr652w6yik3e63767a3us2wt7hxdtet4uta,,,False,,,,,22catchall,False,active,2026-05-15,2026-05-15,SS=hns_ss-export-tld.20251226_20260107_translated_20260117.adapted.csv;HSD=hns_bob_tlds.csv,2026-05-15T21:54:27,False
htorst,,,False,,,,,tim4sk,False,active,2026-05-15,2026-05-15,SS=hns_ss-export-tld.20251226_20260107_translated_20260117.adapted.csv;HSD=hns_bob_tlds.csv,2026-05-15T21:54:27,False
htortz,,,False,,,,,tim4sk,False,active,2026-05-15,2026-05-15,SS=hns_ss-export-tld.20251226_20260107_translated_20260117.adapted.csv;HSD=hns_bob_tlds.csv,2026-05-15T21:54:27,False
htorxt,,,False,,,,,tim4sk,False,active,2026-05-15,2026-05-15,SS=hns_ss-export-tld.20251226_20260107_translated_20260117.adapted.csv;HSD=hns_bob_tlds.csv,2026-05-15T21:54:27,False
htorzt,,,False,,,,,tim4sk,False,active,2026-05-15,2026-05-15,SS=hns_ss-export-tld.20251226_20260107_translated_20260117.adapted.csv;HSD=hns_bob_tlds.csv,2026-05-15T21:54:27,False
htothrs,,,False,,,,,tim4sk,False,active,2026-05-15,2026-05-15,SS=hns_ss-export-tld.20251226_20260107_translated_20260117.adapted.csv;HSD=hns_bob_tlds.csv,2026-05-15T21:54:27,False
htothrx,,,False,,,,,tim4sk,False,active,2026-05-15,2026-05-15,SS=hns_ss-export-tld.20251226_20260107_translated_20260117.adapted.csv;HSD=hns_bob_tlds.csv,2026-05-15T21:54:27,False
htsort,,,False,,,,,tim4sk,False,active,2026-05-15,2026-05-15,SS=hns_ss-export-tld.20251226_20260107_translated_20260117.adapted.csv;HSD=hns_bob_tlds.csv,2026-05-15T21:54:27,False
htsotr,,,False,,,,,tim4sk,False,active,2026-05-15,2026-05-15,SS=hns_ss-export-tld.20251226_20260107_translated_20260117.adapted.csv;HSD=hns_bob_tlds.csv,2026-05-15T21:54:27,False
htsrot,,,False,,,,,tim4sk,False,active,2026-05-15,2026-05-15,SS=hns_ss-export-tld.20251226_20260107_translated_20260117.adapted.csv;HSD=hns_bob_tlds.csv,2026-05-15T21:54:27,False
htxort,,,False,,,,,tim4sk,False,active,2026-05-15,2026-05-15,SS=hns_ss-export-tld.20251226_20260107_translated_20260117.adapted.csv;HSD=hns_bob_tlds.csv,2026-05-15T21:54:27,False
htxotr,,,False,,,,,tim4sk,False,active,2026-05-15,2026-05-15,SS=hns_ss-export-tld.20251226_20260107_translated_20260117.adapted.csv;HSD=hns_bob_tlds.csv,2026-05-15T21:54:27,False
htxtro,,,False,,,,,tim4sk,False,active,2026-05-15,2026-05-15,SS=hns_ss-export-tld.20251226_20260107_translated_20260117.adapted.csv;HSD=hns_bob_tlds.csv,2026-05-15T21:54:27,False
htzort,,,False,,,,,tim4sk,False,active,2026-05-15,2026-05-15,SS=hns_ss-export-tld.20251226_20260107_translated_20260117.adapted.csv;HSD=hns_bob_tlds.csv,2026-05-15T21:54:27,False
htzotr,,,False,,,,,tim4sk,False,active,2026-05-15,2026-05-15,SS=hns_ss-export-tld.20251226_20260107_translated_20260117.adapted.csv;HSD=hns_bob_tlds.csv,2026-05-15T21:54:27,False
htzrot,,,False,,,,,tim4sk,False,active,2026-05-15,2026-05-15,SS=hns_ss-export-tld.20251226_20260107_translated_20260117.adapted.csv;HSD=hns_bob_tlds.csv,2026-05-15T21:54:27,False
htztro,,,False,,,,,tim4sk,False,active,2026-05-15,2026-05-15,SS=hns_ss-export-tld.20251226_20260107_translated_20260117.adapted.csv;HSD=hns_bob_tlds.csv,2026-05-15T21:54:27,False
hugd,,,False,,,,,22catchall,False,active,2026-05-15,2026-05-15,SS=hns_ss-export-tld.20251226_20260107_translated_20260117.adapted.csv;HSD=hns_bob_tlds.csv,2026-05-15T21:54:27,False
humaniform,,,False,,,,,22catchall,False,active,2026-05-15,2026-05-15,SS=hns_ss-export-tld.20251226_20260107_translated_20260117.adapted.csv;HSD=hns_bob_tlds.csv,2026-05-15T21:54:27,False
huntfish,,,False,,,,,tim4sk,False,active,2026-05-15,2026-05-15,SS=hns_ss-export-tld.20251226_20260107_translated_20260117.adapted.csv;HSD=hns_bob_tlds.csv,2026-05-15T21:54:27,False
hurrikkane,,,False,,,,,tim4sk,False,active,2026-05-15,2026-05-15,SS=hns_ss-export-tld.20251226_20260107_translated_20260117.adapted.csv;HSD=hns_bob_tlds.csv,2026-05-15T21:54:27,False
hurx,,,False,,,,,k1f,False,active,2026-05-15,2026-05-15,SS=hns_ss-export-tld.20251226_20260107_translated_20260117.adapted.csv;HSD=hns_bob_tlds.csv,2026-05-15T21:54:27,False
hypelust,,,False,,,,,22catchall,False,active,2026-05-15,2026-05-15,SS=hns_ss-export-tld.20251226_20260107_translated_20260117.adapted.csv;HSD=hns_bob_tlds.csv,2026-05-15T21:54:27,False
hyperbiz,,,False,,,,,22catchall,False,active,2026-05-15,2026-05-15,SS=hns_ss-export-tld.20251226_20260107_translated_20260117.adapted.csv;HSD=hns_bob_tlds.csv,2026-05-15T21:54:27,False
i-hub,,,False,,,,,22catchall,False,active,2026-05-15,2026-05-15,SS=hns_ss-export-tld.20251226_20260107_translated_20260117.adapted.csv;HSD=hns_bob_tlds.csv,2026-05-15T21:54:27,False
i414i,,,False,,,,,22catchall,False,active,2026-05-15,2026-05-15,SS=hns_ss-export-tld.20251226_20260107_translated_20260117.adapted.csv;HSD=hns_bob_tlds.csv,2026-05-15T21:54:27,False
icook,,,False,,,,,22catchall,False,active,2026-05-15,2026-05-15,SS=hns_ss-export-tld.20251226_20260107_translated_20260117.adapted.csv;HSD=hns_bob_tlds.csv,2026-05-15T21:54:27,False
idealwish,,,False,,,,,tim4sk,False,active,2026-05-15,2026-05-15,SS=hns_ss-export-tld.20251226_20260107_translated_20260117.adapted.csv;HSD=hns_bob_tlds.csv,2026-05-15T21:54:27,False
idiocrasy,,,False,,,,,tim4sk,False,active,2026-05-15,2026-05-15,SS=hns_ss-export-tld.20251226_20260107_translated_20260117.adapted.csv;HSD=hns_bob_tlds.csv,2026-05-15T21:54:27,False
idiologism,,,False,,,,,22catchall,False,active,2026-05-15,2026-05-15,SS=hns_ss-export-tld.20251226_20260107_translated_20260117.adapted.csv;HSD=hns_bob_tlds.csv,2026-05-15T21:54:27,False
idkdao,,,False,,,,,22catchall,False,active,2026-05-15,2026-05-15,SS=hns_ss-export-tld.20251226_20260107_translated_20260117.adapted.csv;HSD=hns_bob_tlds.csv,2026-05-15T21:54:27,False
ietv,,,False,,,,,22catchall,False,active,2026-05-15,2026-05-15,SS=hns_ss-export-tld.20251226_20260107_translated_20260117.adapted.csv;HSD=hns_bob_tlds.csv,2026-05-15T21:54:27,False
ihnsi,,,False,,,,,tim4sk,False,active,2026-05-15,2026-05-15,SS=hns_ss-export-tld.20251226_20260107_translated_20260117.adapted.csv;HSD=hns_bob_tlds.csv,2026-05-15T21:54:27,False
iinet,,,False,,,,,22catchall,False,active,2026-05-15,2026-05-15,SS=hns_ss-export-tld.20251226_20260107_translated_20260117.adapted.csv;HSD=hns_bob_tlds.csv,2026-05-15T21:54:27,False
iknow,,,False,5L,,,,22catchall,False,active,2026-05-15,2026-05-15,SS=hns_ss-export-tld.20251226_20260107_translated_20260117.adapted.csv;HSD=hns_bob_tlds.csv,2026-05-15T21:54:27,False
ilcaustralia,,,False,,,,,timaxau,False,active,2026-05-15,2026-05-15,SS=hns_ss-export-tld.20251226_20260107_translated_20260117.adapted.csv;HSD=hns_bob_tlds.csv,2026-05-15T21:54:27,False
imagg,,,False,,,,,22catchall,False,active,2026-05-15,2026-05-15,SS=hns_ss-export-tld.20251226_20260107_translated_20260117.adapted.csv;HSD=hns_bob_tlds.csv,2026-05-15T21:54:27,False
imaustralian,,,False,,,,,timaxau,False,active,2026-05-15,2026-05-15,SS=hns_ss-export-tld.20251226_20260107_translated_20260117.adapted.csv;HSD=hns_bob_tlds.csv,2026-05-15T21:54:27,False
imjimj,,,False,,,,,tim4sk,False,active,2026-05-15,2026-05-15,SS=hns_ss-export-tld.20251226_20260107_translated_20260117.adapted.csv;HSD=hns_bob_tlds.csv,2026-05-15T21:54:27,False
imjj,,,False,,,,,tim4sk,False,active,2026-05-15,2026-05-15,SS=hns_ss-export-tld.20251226_20260107_translated_20260117.adapted.csv;HSD=hns_bob_tlds.csv,2026-05-15T21:54:27,False
imothy,,,False,,,,,timaxau,False,active,2026-05-15,2026-05-15,SS=hns_ss-export-tld.20251226_20260107_translated_20260117.adapted.csv;HSD=hns_bob_tlds.csv,2026-05-15T21:54:27,False
imray,,,False,,,,,r1f,False,active,2026-05-15,2026-05-15,SS=hns_ss-export-tld.20251226_20260107_translated_20260117.adapted.csv;HSD=hns_bob_tlds.csv,2026-05-15T21:54:27,False
imtimt,,,False,,,,,22catchall,False,active,2026-05-15,2026-05-15,SS=hns_ss-export-tld.20251226_20260107_translated_20260117.adapted.csv;HSD=hns_bob_tlds.csv,2026-05-15T21:54:27,False
incomprensible,,,False,,,,,22catchall,False,active,2026-05-15,2026-05-15,SS=hns_ss-export-tld.20251226_20260107_translated_20260117.adapted.csv;HSD=hns_bob_tlds.csv,2026-05-15T21:54:27,False
indenizen,,,False,,,,,22catchall,False,active,2026-05-15,2026-05-15,SS=hns_ss-export-tld.20251226_20260107_translated_20260117.adapted.csv;HSD=hns_bob_tlds.csv,2026-05-15T21:54:27,False
insectaria,,,False,,,,,22catchall,False,active,2026-05-15,2026-05-15,SS=hns_ss-export-tld.20251226_20260107_translated_20260117.adapted.csv;HSD=hns_bob_tlds.csv,2026-05-15T21:54:27,False
inslowmo,,,False,,,,,22catchall,False,active,2026-05-15,2026-05-15,SS=hns_ss-export-tld.20251226_20260107_translated_20260117.adapted.csv;HSD=hns_bob_tlds.csv,2026-05-15T21:54:27,False
interlabial,,,False,,,,,22catchall,False,active,2026-05-15,2026-05-15,SS=hns_ss-export-tld.20251226_20260107_translated_20260117.adapted.csv;HSD=hns_bob_tlds.csv,2026-05-15T21:54:27,False
intersale,,,False,,,,,22catchall,False,active,2026-05-15,2026-05-15,SS=hns_ss-export-tld.20251226_20260107_translated_20260117.adapted.csv;HSD=hns_bob_tlds.csv,2026-05-15T21:54:27,False
ironists,,,False,,,,,22catchall,False,active,2026-05-15,2026-05-15,SS=hns_ss-export-tld.20251226_20260107_translated_20260117.adapted.csv;HSD=hns_bob_tlds.csv,2026-05-15T21:54:27,False
iross,,,False,,,,,22catchall,False,active,2026-05-15,2026-05-15,SS=hns_ss-export-tld.20251226_20260107_translated_20260117.adapted.csv;HSD=hns_bob_tlds.csv,2026-05-15T21:54:27,False
isail,,,False,,,,,22catchall,False,active,2026-05-15,2026-05-15,SS=hns_ss-export-tld.20251226_20260107_translated_20260117.adapted.csv;HSD=hns_bob_tlds.csv,2026-05-15T21:54:27,False
isdao,,,False,,,,,22catchall,False,active,2026-05-15,2026-05-15,SS=hns_ss-export-tld.20251226_20260107_translated_20260117.adapted.csv;HSD=hns_bob_tlds.csv,2026-05-15T21:54:27,False
isdev,,,False,,,,,h4ndsh4k,False,active,2026-05-15,2026-05-15,SS=hns_ss-export-tld.20251226_20260107_translated_20260117.adapted.csv;HSD=hns_bob_tlds.csv,2026-05-15T21:54:27,False
islandroam,,,False,,,,,h2o,False,active,2026-05-15,2026-05-15,SS=hns_ss-export-tld.20251226_20260107_translated_20260117.adapted.csv;HSD=hns_bob_tlds.csv,2026-05-15T21:54:27,False
islandtides,,,False,,,,,h2o,False,active,2026-05-15,2026-05-15,SS=hns_ss-export-tld.20251226_20260107_translated_20260117.adapted.csv;HSD=hns_bob_tlds.csv,2026-05-15T21:54:27,False
islenft,,,False,,,,,22catchall,False,active,2026-05-15,2026-05-15,SS=hns_ss-export-tld.20251226_20260107_translated_20260117.adapted.csv;HSD=hns_bob_tlds.csv,2026-05-15T21:54:27,False
isleof,,,False,,,,,22catchall,False,active,2026-05-15,2026-05-15,SS=hns_ss-export-tld.20251226_20260107_translated_20260117.adapted.csv;HSD=hns_bob_tlds.csv,2026-05-15T21:54:27,False
isleozzy,,,False,,,,,timaxau,False,active,2026-05-15,2026-05-15,SS=hns_ss-export-tld.20251226_20260107_translated_20260117.adapted.csv;HSD=hns_bob_tlds.csv,2026-05-15T21:54:27,False
isorropic,,,False,,,,,22catchall,False,active,2026-05-15,2026-05-15,SS=hns_ss-export-tld.20251226_20260107_translated_20260117.adapted.csv;HSD=hns_bob_tlds.csv,2026-05-15T21:54:27,False
isospore,,,False,,,,,22catchall,False,active,2026-05-15,2026-05-15,SS=hns_ss-export-tld.20251226_20260107_translated_20260117.adapted.csv;HSD=hns_bob_tlds.csv,2026-05-15T21:54:27,False
isuggire,,,False,,,,,22catchall,False,active,2026-05-15,2026-05-15,SS=hns_ss-export-tld.20251226_20260107_translated_20260117.adapted.csv;HSD=hns_bob_tlds.csv,2026-05-15T21:54:27,False
itaucorp,,,False,,,,,22catchall,False,active,2026-05-15,2026-05-15,SS=hns_ss-export-tld.20251226_20260107_translated_20260117.adapted.csv;HSD=hns_bob_tlds.csv,2026-05-15T21:54:27,False
itcafe,,,False,,,,,22catchall,False,active,2026-05-15,2026-05-15,SS=hns_ss-export-tld.20251226_20260107_translated_20260117.adapted.csv;HSD=hns_bob_tlds.csv,2026-05-15T21:54:27,False
itlooksrare,,,False,,,,,22catchall,False,active,2026-05-15,2026-05-15,SS=hns_ss-export-tld.20251226_20260107_translated_20260117.adapted.csv;HSD=hns_bob_tlds.csv,2026-05-15T21:54:27,False
ivau,,,False,,,,,timaxau,False,active,2026-05-15,2026-05-15,SS=hns_ss-export-tld.20251226_20260107_translated_20260117.adapted.csv;HSD=hns_bob_tlds.csv,2026-05-15T21:54:27,False
ivegotit,,,False,,,,,22catchall,False,active,2026-05-15,2026-05-15,SS=hns_ss-export-tld.20251226_20260107_translated_20260117.adapted.csv;HSD=hns_bob_tlds.csv,2026-05-15T21:54:27,False
izlaw,,,False,5L,,,,22catchall,False,active,2026-05-15,2026-05-15,SS=hns_ss-export-tld.20251226_20260107_translated_20260117.adapted.csv;HSD=hns_bob_tlds.csv,2026-05-15T21:54:27,False
j414j,,,False,,,,,22catchall,False,active,2026-05-15,2026-05-15,SS=hns_ss-export-tld.20251226_20260107_translated_20260117.adapted.csv;HSD=hns_bob_tlds.csv,2026-05-15T21:54:27,False
jackaroo,,,False,,,,,timaxau,False,active,2026-05-15,2026-05-15,SS=hns_ss-export-tld.20251226_20260107_translated_20260117.adapted.csv;HSD=hns_bob_tlds.csv,2026-05-15T21:54:27,False
jackpotx,,,False,,,,,22catchall,False,active,2026-05-15,2026-05-15,SS=hns_ss-export-tld.20251226_20260107_translated_20260117.adapted.csv;HSD=hns_bob_tlds.csv,2026-05-15T21:54:27,False
jameshns,,,False,,,,,giftosend,False,active,2026-05-15,2026-05-15,SS=hns_ss-export-tld.20251226_20260107_translated_20260117.adapted.csv;HSD=hns_bob_tlds.csv,2026-05-15T21:54:27,False
jamesonwilson,,,False,,,,,22catchall,False,active,2026-05-15,2026-05-15,SS=hns_ss-export-tld.20251226_20260107_translated_20260117.adapted.csv;HSD=hns_bob_tlds.csv,2026-05-15T21:54:27,False
jampam,,,False,,,,,22catchall,False,active,2026-05-15,2026-05-15,SS=hns_ss-export-tld.20251226_20260107_translated_20260117.adapted.csv;HSD=hns_bob_tlds.csv,2026-05-15T21:54:27,False
janaj,,,False,,,,,tim4sk,False,active,2026-05-15,2026-05-15,SS=hns_ss-export-tld.20251226_20260107_translated_20260117.adapted.csv;HSD=hns_bob_tlds.csv,2026-05-15T21:54:27,False
january21,,,False,,,,,k1f,False,active,2026-05-15,2026-05-15,SS=hns_ss-export-tld.20251226_20260107_translated_20260117.adapted.csv;HSD=hns_bob_tlds.csv,2026-05-15T21:54:27,False
japanft,,,False,,,,,tim4sk,False,active,2026-05-15,2026-05-15,SS=hns_ss-export-tld.20251226_20260107_translated_20260117.adapted.csv;HSD=hns_bob_tlds.csv,2026-05-15T21:54:27,False
jawa,,,True,4L,,,,22catchall,False,active,2026-05-15,2026-05-15,SS=hns_ss-export-tld.20251226_20260107_translated_20260117.adapted.csv;HSD=hns_bob_tlds.csv,2026-05-15T21:54:27,False
jayau,,,False,,,,,timaxau,False,active,2026-05-15,2026-05-15,SS=hns_ss-export-tld.20251226_20260107_translated_20260117.adapted.csv;HSD=hns_bob_tlds.csv,2026-05-15T21:54:27,False
jellybunny,,,False,,,,,r1f,False,active,2026-05-15,2026-05-15,SS=hns_ss-export-tld.20251226_20260107_translated_20260117.adapted.csv;HSD=hns_bob_tlds.csv,2026-05-15T21:54:27,False
jettypier,,,False,,,,,22catchall,False,active,2026-05-15,2026-05-15,SS=hns_ss-export-tld.20251226_20260107_translated_20260117.adapted.csv;HSD=hns_bob_tlds.csv,2026-05-15T21:54:27,False
jewlerydesigner,,,False,,,,,tim4sk,False,active,2026-05-15,2026-05-15,SS=hns_ss-export-tld.20251226_20260107_translated_20260117.adapted.csv;HSD=hns_bob_tlds.csv,2026-05-15T21:54:27,False
jillaroo,,,False,,,,,timaxau,False,active,2026-05-15,2026-05-15,SS=hns_ss-export-tld.20251226_20260107_translated_20260117.adapted.csv;HSD=hns_bob_tlds.csv,2026-05-15T21:54:27,False
jizau,,,False,,,,,tim4sk,False,active,2026-05-15,2026-05-15,SS=hns_ss-export-tld.20251226_20260107_translated_20260117.adapted.csv;HSD=hns_bob_tlds.csv,2026-05-15T21:54:27,False
jmms,,,False,,,,,tim4sk,False,active,2026-05-15,2026-05-15,SS=hns_ss-export-tld.20251226_20260107_translated_20260117.adapted.csv;HSD=hns_bob_tlds.csv,2026-05-15T21:54:27,False
johh,,,False,,,,,22catchall,False,active,2026-05-15,2026-05-15,SS=hns_ss-export-tld.20251226_20260107_translated_20260117.adapted.csv;HSD=hns_bob_tlds.csv,2026-05-15T21:54:27,False
johncleese,,,False,,,,,22catchall,False,active,2026-05-15,2026-05-15,SS=hns_ss-export-tld.20251226_20260107_translated_20260117.adapted.csv;HSD=hns_bob_tlds.csv,2026-05-15T21:54:27,False
johnny-jump-up,,,False,,,,,22catchall,False,active,2026-05-15,2026-05-15,SS=hns_ss-export-tld.20251226_20260107_translated_20260117.adapted.csv;HSD=hns_bob_tlds.csv,2026-05-15T21:54:27,False
jokedev,,,False,,,,,22catchall,False,active,2026-05-15,2026-05-15,SS=hns_ss-export-tld.20251226_20260107_translated_20260117.adapted.csv;HSD=hns_bob_tlds.csv,2026-05-15T21:54:27,False
journeyofmylife,,,False,,,,,22catchall,False,active,2026-05-15,2026-05-15,SS=hns_ss-export-tld.20251226_20260107_translated_20260117.adapted.csv;HSD=hns_bob_tlds.csv,2026-05-15T21:54:27,False
journeyx,,,False,,,,,22catchall,False,active,2026-05-15,2026-05-15,SS=hns_ss-export-tld.20251226_20260107_translated_20260117.adapted.csv;HSD=hns_bob_tlds.csv,2026-05-15T21:54:27,False
joyoflearning,,,False,,,,,22catchall,False,active,2026-05-15,2026-05-15,SS=hns_ss-export-tld.20251226_20260107_translated_20260117.adapted.csv;HSD=hns_bob_tlds.csv,2026-05-15T21:54:27,False
jpeghideout,,,False,,,,,22catchall,False,active,2026-05-15,2026-05-15,SS=hns_ss-export-tld.20251226_20260107_translated_20260117.adapted.csv;HSD=hns_bob_tlds.csv,2026-05-15T21:54:27,False
jumping-betty,,,False,,,,,22catchall,False,active,2026-05-15,2026-05-15,SS=hns_ss-export-tld.20251226_20260107_translated_20260117.adapted.csv;HSD=hns_bob_tlds.csv,2026-05-15T21:54:27,False
june1,,,False,,,,,tim4sk,False,active,2026-05-15,2026-05-15,SS=hns_ss-export-tld.20251226_20260107_translated_20260117.adapted.csv;HSD=hns_bob_tlds.csv,2026-05-15T21:54:27,False
justarts,,,False,,,,,22catchall,False,active,2026-05-15,2026-05-15,SS=hns_ss-export-tld.20251226_20260107_translated_20260117.adapted.csv;HSD=hns_bob_tlds.csv,2026-05-15T21:54:27,False
justsell,,,False,,,,,22catchall,False,active,2026-05-15,2026-05-15,SS=hns_ss-export-tld.20251226_20260107_translated_20260117.adapted.csv;HSD=hns_bob_tlds.csv,2026-05-15T21:54:27,False
justship,,,False,,,,,22catchall,False,active,2026-05-15,2026-05-15,SS=hns_ss-export-tld.20251226_20260107_translated_20260117.adapted.csv;HSD=hns_bob_tlds.csv,2026-05-15T21:54:27,False
k414k,,,False,,,,,22catchall,False,active,2026-05-15,2026-05-15,SS=hns_ss-export-tld.20251226_20260107_translated_20260117.adapted.csv;HSD=hns_bob_tlds.csv,2026-05-15T21:54:27,False
kadidi,,,False,,,,,22catchall,False,active,2026-05-15,2026-05-15,SS=hns_ss-export-tld.20251226_20260107_translated_20260117.adapted.csv;HSD=hns_bob_tlds.csv,2026-05-15T21:54:27,False
kangakid,,,False,,,,,22catchall,False,active,2026-05-15,2026-05-15,SS=hns_ss-export-tld.20251226_20260107_translated_20260117.adapted.csv;HSD=hns_bob_tlds.csv,2026-05-15T21:54:27,False
kangaroocake,,,False,,,,,timaxau,False,active,2026-05-15,2026-05-15,SS=hns_ss-export-tld.20251226_20260107_translated_20260117.adapted.csv;HSD=hns_bob_tlds.csv,2026-05-15T21:54:27,False
kangulero,,,False,,,,,timaxau,False,active,2026-05-15,2026-05-15,SS=hns_ss-export-tld.20251226_20260107_translated_20260117.adapted.csv;HSD=hns_bob_tlds.csv,2026-05-15T21:54:27,False
kathalin,,,False,,,,,k1f,False,active,2026-05-15,2026-05-15,SS=hns_ss-export-tld.20251226_20260107_translated_20260117.adapted.csv;HSD=hns_bob_tlds.csv,2026-05-15T21:54:27,False
katharin,,,False,,,,,k1f,False,active,2026-05-15,2026-05-15,SS=hns_ss-export-tld.20251226_20260107_translated_20260117.adapted.csv;HSD=hns_bob_tlds.csv,2026-05-15T21:54:27,False
katharinelin,,,False,,,,,k1f,False,active,2026-05-15,2026-05-15,SS=hns_ss-export-tld.20251226_20260107_translated_20260117.adapted.csv;HSD=hns_bob_tlds.csv,2026-05-15T21:54:27,False
katharinlin,,,False,,,,,k1f,False,active,2026-05-15,2026-05-15,SS=hns_ss-export-tld.20251226_20260107_translated_20260117.adapted.csv;HSD=hns_bob_tlds.csv,2026-05-15T21:54:27,False
kathlin,,,False,,,,,k1f,False,active,2026-05-15,2026-05-15,SS=hns_ss-export-tld.20251226_20260107_translated_20260117.adapted.csv;HSD=hns_bob_tlds.csv,2026-05-15T21:54:27,False
kathrynai,,,False,,,,,22catchall,False,active,2026-05-15,2026-05-15,SS=hns_ss-export-tld.20251226_20260107_translated_20260117.adapted.csv;HSD=hns_bob_tlds.csv,2026-05-15T21:54:27,False
katyina,,,False,,,,,tim4sk,False,active,2026-05-15,2026-05-15,SS=hns_ss-export-tld.20251226_20260107_translated_20260117.adapted.csv;HSD=hns_bob_tlds.csv,2026-05-15T21:54:27,False
keepsailing,,,False,,,,,22catchall,False,active,2026-05-15,2026-05-15,SS=hns_ss-export-tld.20251226_20260107_translated_20260117.adapted.csv;HSD=hns_bob_tlds.csv,2026-05-15T21:54:27,False
keeptea,,,False,,,,,12tea,False,active,2026-05-15,2026-05-15,SS=hns_ss-export-tld.20251226_20260107_translated_20260117.adapted.csv;HSD=hns_bob_tlds.csv,2026-05-15T21:54:27,False
keepyuppy,,,False,,,,,22catchall,False,active,2026-05-15,2026-05-15,SS=hns_ss-export-tld.20251226_20260107_translated_20260117.adapted.csv;HSD=hns_bob_tlds.csv,2026-05-15T21:54:27,False
kematen,,,False,,,,,22catchall,False,active,2026-05-15,2026-05-15,SS=hns_ss-export-tld.20251226_20260107_translated_20260117.adapted.csv;HSD=hns_bob_tlds.csv,2026-05-15T21:54:27,False
kemating,,,False,,,,,k1f,False,active,2026-05-15,2026-05-15,SS=hns_ss-export-tld.20251226_20260107_translated_20260117.adapted.csv;HSD=hns_bob_tlds.csv,2026-05-15T21:54:27,False
kendlersiedlung,,,False,,,,,22catchall,False,active,2026-05-15,2026-05-15,SS=hns_ss-export-tld.20251226_20260107_translated_20260117.adapted.csv;HSD=hns_bob_tlds.csv,2026-05-15T21:54:27,False
kenndorf,,,False,,,,,22catchall,False,active,2026-05-15,2026-05-15,SS=hns_ss-export-tld.20251226_20260107_translated_20260117.adapted.csv;HSD=hns_bob_tlds.csv,2026-05-15T21:54:27,False
kennelbach,,,False,,,,,22catchall,False,active,2026-05-15,2026-05-15,SS=hns_ss-export-tld.20251226_20260107_translated_20260117.adapted.csv;HSD=hns_bob_tlds.csv,2026-05-15T21:54:27,False
kepling,,,False,,,,,22catchall,False,active,2026-05-15,2026-05-15,SS=hns_ss-export-tld.20251226_20260107_translated_20260117.adapted.csv;HSD=hns_bob_tlds.csv,2026-05-15T21:54:27,False
keptman,,,False,,,,,22catchall,False,active,2026-05-15,2026-05-15,SS=hns_ss-export-tld.20251226_20260107_translated_20260117.adapted.csv;HSD=hns_bob_tlds.csv,2026-05-15T21:54:27,False
kerath,,,False,,,,,22catchall,False,active,2026-05-15,2026-05-15,SS=hns_ss-export-tld.20251226_20260107_translated_20260117.adapted.csv;HSD=hns_bob_tlds.csv,2026-05-15T21:54:27,False
kernhof,,,False,,,,,22catchall,False,active,2026-05-15,2026-05-15,SS=hns_ss-export-tld.20251226_20260107_translated_20260117.adapted.csv;HSD=hns_bob_tlds.csv,2026-05-15T21:54:27,False
kerschenbach,,,False,,,,,22catchall,False,active,2026-05-15,2026-05-15,SS=hns_ss-export-tld.20251226_20260107_translated_20260117.adapted.csv;HSD=hns_bob_tlds.csv,2026-05-15T21:54:27,False
kerschham,,,False,,,,,22catchall,False,active,2026-05-15,2026-05-15,SS=hns_ss-export-tld.20251226_20260107_translated_20260117.adapted.csv;HSD=hns_bob_tlds.csv,2026-05-15T21:54:27,False
keuschen,,,False,,,,,22catchall,False,active,2026-05-15,2026-05-15,SS=hns_ss-export-tld.20251226_20260107_translated_20260117.adapted.csv;HSD=hns_bob_tlds.csv,2026-05-15T21:54:27,False
khunegg,,,False,,,,,22catchall,False,active,2026-05-15,2026-05-15,SS=hns_ss-export-tld.20251226_20260107_translated_20260117.adapted.csv;HSD=hns_bob_tlds.csv,2026-05-15T21:54:27,False
kibahassmallpp,,,False,,,,,22catchall,False,active,2026-05-15,2026-05-15,SS=hns_ss-export-tld.20251226_20260107_translated_20260117.adapted.csv;HSD=hns_bob_tlds.csv,2026-05-15T21:54:27,False
kiblitz,,,False,,,,,22catchall,False,active,2026-05-15,2026-05-15,SS=hns_ss-export-tld.20251226_20260107_translated_20260117.adapted.csv;HSD=hns_bob_tlds.csv,2026-05-15T21:54:27,False
kickendorf,,,False,,,,,22catchall,False,active,2026-05-15,2026-05-15,SS=hns_ss-export-tld.20251226_20260107_translated_20260117.adapted.csv;HSD=hns_bob_tlds.csv,2026-05-15T21:54:27,False
kickenheim,,,False,,,,,22catchall,False,active,2026-05-15,2026-05-15,SS=hns_ss-export-tld.20251226_20260107_translated_20260117.adapted.csv;HSD=hns_bob_tlds.csv,2026-05-15T21:54:27,False
kidkorner,,,False,,,,,22catchall,False,active,2026-05-15,2026-05-15,SS=hns_ss-export-tld.20251226_20260107_translated_20260117.adapted.csv;HSD=hns_bob_tlds.csv,2026-05-15T21:54:27,False
kidsnames,,,False,,,,,tim4sk,False,active,2026-05-15,2026-05-15,SS=hns_ss-export-tld.20251226_20260107_translated_20260117.adapted.csv;HSD=hns_bob_tlds.csv,2026-05-15T21:54:27,False
kienberg,,,False,,,,,22catchall,False,active,2026-05-15,2026-05-15,SS=hns_ss-export-tld.20251226_20260107_translated_20260117.adapted.csv;HSD=hns_bob_tlds.csv,2026-05-15T21:54:27,False
kienburg,,,False,,,,,22catchall,False,active,2026-05-15,2026-05-15,SS=hns_ss-export-tld.20251226_20260107_translated_20260117.adapted.csv;HSD=hns_bob_tlds.csv,2026-05-15T21:54:27,False
kieneck,,,False,,,,,22catchall,False,active,2026-05-15,2026-05-15,SS=hns_ss-export-tld.20251226_20260107_translated_20260117.adapted.csv;HSD=hns_bob_tlds.csv,2026-05-15T21:54:27,False
kienegg,,,False,,,,,22catchall,False,active,2026-05-15,2026-05-15,SS=hns_ss-export-tld.20251226_20260107_translated_20260117.adapted.csv;HSD=hns_bob_tlds.csv,2026-05-15T21:54:27,False
kiensass,,,False,,,,,22catchall,False,active,2026-05-15,2026-05-15,SS=hns_ss-export-tld.20251226_20260107_translated_20260117.adapted.csv;HSD=hns_bob_tlds.csv,2026-05-15T21:54:27,False
kienzen,,,False,,,,,22catchall,False,active,2026-05-15,2026-05-15,SS=hns_ss-export-tld.20251226_20260107_translated_20260117.adapted.csv;HSD=hns_bob_tlds.csv,2026-05-15T21:54:27,False
kienzerle,,,False,,,,,22catchall,False,active,2026-05-15,2026-05-15,SS=hns_ss-export-tld.20251226_20260107_translated_20260117.adapted.csv;HSD=hns_bob_tlds.csv,2026-05-15T21:54:27,False
kierling,,,False,,,,,22catchall,False,active,2026-05-15,2026-05-15,SS=hns_ss-export-tld.20251226_20260107_translated_20260117.adapted.csv;HSD=hns_bob_tlds.csv,2026-05-15T21:54:27,False
kiesenberg,,,False,,,,,22catchall,False,active,2026-05-15,2026-05-15,SS=hns_ss-export-tld.20251226_20260107_translated_20260117.adapted.csv;HSD=hns_bob_tlds.csv,2026-05-15T21:54:27,False
kigerl,,,False,,,,,22catchall,False,active,2026-05-15,2026-05-15,SS=hns_ss-export-tld.20251226_20260107_translated_20260117.adapted.csv;HSD=hns_bob_tlds.csv,2026-05-15T21:54:27,False
kiking,,,False,,,,,22catchall,False,active,2026-05-15,2026-05-15,SS=hns_ss-export-tld.20251226_20260107_translated_20260117.adapted.csv;HSD=hns_bob_tlds.csv,2026-05-15T21:54:27,False
killabortionists,,,False,,,,,tim4sk,False,active,2026-05-15,2026-05-15,SS=hns_ss-export-tld.20251226_20260107_translated_20260117.adapted.csv;HSD=hns_bob_tlds.csv,2026-05-15T21:54:27,False
killbabykillers,,,False,,,,,tim4sk,False,active,2026-05-15,2026-05-15,SS=hns_ss-export-tld.20251226_20260107_translated_20260117.adapted.csv;HSD=hns_bob_tlds.csv,2026-05-15T21:54:27,False
killbums,,,False,,,,,tim4sk,False,active,2026-05-15,2026-05-15,SS=hns_ss-export-tld.20251226_20260107_translated_20260117.adapted.csv;HSD=hns_bob_tlds.csv,2026-05-15T21:54:27,False
killcommies,,,False,,,,,tim4sk,False,active,2026-05-15,2026-05-15,SS=hns_ss-export-tld.20251226_20260107_translated_20260117.adapted.csv;HSD=hns_bob_tlds.csv,2026-05-15T21:54:27,False
kindthal,,,False,,,,,22catchall,False,active,2026-05-15,2026-05-15,SS=hns_ss-export-tld.20251226_20260107_translated_20260117.adapted.csv;HSD=hns_bob_tlds.csv,2026-05-15T21:54:27,False
kinexon,,,False,,,,,22catchall,False,active,2026-05-15,2026-05-15,SS=hns_ss-export-tld.20251226_20260107_translated_20260117.adapted.csv;HSD=hns_bob_tlds.csv,2026-05-15T21:54:27,False
kingaroo,,,False,,,,,tim4sk,False,active,2026-05-15,2026-05-15,SS=hns_ss-export-tld.20251226_20260107_translated_20260117.adapted.csv;HSD=hns_bob_tlds.csv,2026-05-15T21:54:27,False
kingozzy,,,False,,,,,timaxau,False,active,2026-05-15,2026-05-15,SS=hns_ss-export-tld.20251226_20260107_translated_20260117.adapted.csv;HSD=hns_bob_tlds.csv,2026-05-15T21:54:27,False
kingtea,,,False,,,,,tim4sk,False,active,2026-05-15,2026-05-15,SS=hns_ss-export-tld.20251226_20260107_translated_20260117.adapted.csv;HSD=hns_bob_tlds.csv,2026-05-15T21:54:27,False
kinham,,,False,,,,,22catchall,False,active,2026-05-15,2026-05-15,SS=hns_ss-export-tld.20251226_20260107_translated_20260117.adapted.csv;HSD=hns_bob_tlds.csv,2026-05-15T21:54:27,False
kinsdorf,,,False,,,,,22catchall,False,active,2026-05-15,2026-05-15,SS=hns_ss-export-tld.20251226_20260107_translated_20260117.adapted.csv;HSD=hns_bob_tlds.csv,2026-05-15T21:54:27,False
kirchau,,,False,,,,,22catchall,False,active,2026-05-15,2026-05-15,SS=hns_ss-export-tld.20251226_20260107_translated_20260117.adapted.csv;HSD=hns_bob_tlds.csv,2026-05-15T21:54:27,False
kirchental,,,False,,,,,22catchall,False,active,2026-05-15,2026-05-15,SS=hns_ss-export-tld.20251226_20260107_translated_20260117.adapted.csv;HSD=hns_bob_tlds.csv,2026-05-15T21:54:27,False
kirchham,,,False,,,,,22catchall,False,active,2026-05-15,2026-05-15,SS=hns_ss-export-tld.20251226_20260107_translated_20260117.adapted.csv;HSD=hns_bob_tlds.csv,2026-05-15T21:54:27,False
kirnberg,,,False,,,,,22catchall,False,active,2026-05-15,2026-05-15,SS=hns_ss-export-tld.20251226_20260107_translated_20260117.adapted.csv;HSD=hns_bob_tlds.csv,2026-05-15T21:54:27,False
kirschlag,,,False,,,,,22catchall,False,active,2026-05-15,2026-05-15,SS=hns_ss-export-tld.20251226_20260107_translated_20260117.adapted.csv;HSD=hns_bob_tlds.csv,2026-05-15T21:54:27,False
kittenhood,,,False,,,,,22catchall,False,active,2026-05-15,2026-05-15,SS=hns_ss-export-tld.20251226_20260107_translated_20260117.adapted.csv;HSD=hns_bob_tlds.csv,2026-05-15T21:54:27,False
klachau,,,False,,,,,22catchall,False,active,2026-05-15,2026-05-15,SS=hns_ss-export-tld.20251226_20260107_translated_20260117.adapted.csv;HSD=hns_bob_tlds.csv,2026-05-15T21:54:27,False
klamberg,,,False,,,,,22catchall,False,active,2026-05-15,2026-05-15,SS=hns_ss-export-tld.20251226_20260107_translated_20260117.adapted.csv;HSD=hns_bob_tlds.csv,2026-05-15T21:54:27,False
klaubling,,,False,,,,,22catchall,False,active,2026-05-15,2026-05-15,SS=hns_ss-export-tld.20251226_20260107_translated_20260117.adapted.csv;HSD=hns_bob_tlds.csv,2026-05-15T21:54:27,False
klebing,,,False,,,,,22catchall,False,active,2026-05-15,2026-05-15,SS=hns_ss-export-tld.20251226_20260107_translated_20260117.adapted.csv;HSD=hns_bob_tlds.csv,2026-05-15T21:54:27,False
klnerd,,,False,,,,,k1f,False,active,2026-05-15,2026-05-15,SS=hns_ss-export-tld.20251226_20260107_translated_20260117.adapted.csv;HSD=hns_bob_tlds.csv,2026-05-15T21:54:27,False
kmrt,,,False,,,,,tim4sk,False,active,2026-05-15,2026-05-15,SS=hns_ss-export-tld.20251226_20260107_translated_20260117.adapted.csv;HSD=hns_bob_tlds.csv,2026-05-15T21:54:27,False
knapsacked,,,False,,,,,22catchall,False,active,2026-05-15,2026-05-15,SS=hns_ss-export-tld.20251226_20260107_translated_20260117.adapted.csv;HSD=hns_bob_tlds.csv,2026-05-15T21:54:27,False
knitfest,,,False,,,,,h4ndsh4k,False,active,2026-05-15,2026-05-15,SS=hns_ss-export-tld.20251226_20260107_translated_20260117.adapted.csv;HSD=hns_bob_tlds.csv,2026-05-15T21:54:27,False
knitit,,,False,,,,,k1f,False,active,2026-05-15,2026-05-15,SS=hns_ss-export-tld.20251226_20260107_translated_20260117.adapted.csv;HSD=hns_bob_tlds.csv,2026-05-15T21:54:27,False
knitwork,,,False,,,,,22catchall,False,active,2026-05-15,2026-05-15,SS=hns_ss-export-tld.20251226_20260107_translated_20260117.adapted.csv;HSD=hns_bob_tlds.csv,2026-05-15T21:54:27,False
knowaholic,,,False,,,,,22catchall,False,active,2026-05-15,2026-05-15,SS=hns_ss-export-tld.20251226_20260107_translated_20260117.adapted.csv;HSD=hns_bob_tlds.csv,2026-05-15T21:54:27,False
knowblockchain,,,False,,,,,22catchall,False,active,2026-05-15,2026-05-15,SS=hns_ss-export-tld.20251226_20260107_translated_20260117.adapted.csv;HSD=hns_bob_tlds.csv,2026-05-15T21:54:27,False
koalapicks,,,False,,,,,22catchall,False,active,2026-05-15,2026-05-15,SS=hns_ss-export-tld.20251226_20260107_translated_20260117.adapted.csv;HSD=hns_bob_tlds.csv,2026-05-15T21:54:27,False
koreataekwondo,,,False,,,,,22catchall,False,active,2026-05-15,2026-05-15,SS=hns_ss-export-tld.20251226_20260107_translated_20260117.adapted.csv;HSD=hns_bob_tlds.csv,2026-05-15T21:54:27,False
kpass,,,False,,,,,22catchall,False,active,2026-05-15,2026-05-15,SS=hns_ss-export-tld.20251226_20260107_translated_20260117.adapted.csv;HSD=hns_bob_tlds.csv,2026-05-15T21:54:27,False
kylianne,,,False,,,,,22catchall,False,active,2026-05-15,2026-05-15,SS=hns_ss-export-tld.20251226_20260107_translated_20260117.adapted.csv;HSD=hns_bob_tlds.csv,2026-05-15T21:54:27,False
l414l,,,False,,,,,22catchall,False,active,2026-05-15,2026-05-15,SS=hns_ss-export-tld.20251226_20260107_translated_20260117.adapted.csv;HSD=hns_bob_tlds.csv,2026-05-15T21:54:27,False
ladyinred,,,False,,,,,tim4sk,False,active,2026-05-15,2026-05-15,SS=hns_ss-export-tld.20251226_20260107_translated_20260117.adapted.csv;HSD=hns_bob_tlds.csv,2026-05-15T21:54:27,False
lafoto,,,False,,,,,22catchall,False,active,2026-05-15,2026-05-15,SS=hns_ss-export-tld.20251226_20260107_translated_20260117.adapted.csv;HSD=hns_bob_tlds.csv,2026-05-15T21:54:27,False
laksamit,,,False,,,,,timaxau,False,active,2026-05-15,2026-05-15,SS=hns_ss-export-tld.20251226_20260107_translated_20260117.adapted.csv;HSD=hns_bob_tlds.csv,2026-05-15T21:54:27,False
landsborough,,,False,,,,,timaxau,False,active,2026-05-15,2026-05-15,SS=hns_ss-export-tld.20251226_20260107_translated_20260117.adapted.csv;HSD=hns_bob_tlds.csv,2026-05-15T21:54:27,False
lanina,,,False,,,,,22catchall,False,active,2026-05-15,2026-05-15,SS=hns_ss-export-tld.20251226_20260107_translated_20260117.adapted.csv;HSD=hns_bob_tlds.csv,2026-05-15T21:54:27,False
lansare,,,False,,,,,22catchall,False,active,2026-05-15,2026-05-15,SS=hns_ss-export-tld.20251226_20260107_translated_20260117.adapted.csv;HSD=hns_bob_tlds.csv,2026-05-15T21:54:27,False
lapofhonour,,,False,,,,,22catchall,False,active,2026-05-15,2026-05-15,SS=hns_ss-export-tld.20251226_20260107_translated_20260117.adapted.csv;HSD=hns_bob_tlds.csv,2026-05-15T21:54:27,False
laptopguy,,,False,,,,,22catchall,False,active,2026-05-15,2026-05-15,SS=hns_ss-export-tld.20251226_20260107_translated_20260117.adapted.csv;HSD=hns_bob_tlds.csv,2026-05-15T21:54:27,False
larian,,,False,,,,,22catchall,False,active,2026-05-15,2026-05-15,SS=hns_ss-export-tld.20251226_20260107_translated_20260117.adapted.csv;HSD=hns_bob_tlds.csv,2026-05-15T21:54:27,False
lasfotos,,,False,,,,,tim4sk,False,active,2026-05-15,2026-05-15,SS=hns_ss-export-tld.20251226_20260107_translated_20260117.adapted.csv;HSD=hns_bob_tlds.csv,2026-05-15T21:54:27,False
lateens,,,False,,,,,22catchall,False,active,2026-05-15,2026-05-15,SS=hns_ss-export-tld.20251226_20260107_translated_20260117.adapted.csv;HSD=hns_bob_tlds.csv,2026-05-15T21:54:27,False
lawrule,,,False,,,,,22catchall,False,active,2026-05-15,2026-05-15,SS=hns_ss-export-tld.20251226_20260107_translated_20260117.adapted.csv;HSD=hns_bob_tlds.csv,2026-05-15T21:54:27,False
laxamit,,,False,,,,,tim4sk,False,active,2026-05-15,2026-05-15,SS=hns_ss-export-tld.20251226_20260107_translated_20260117.adapted.csv;HSD=hns_bob_tlds.csv,2026-05-15T21:54:27,False
leaf-mold,,,False,,,,,22catchall,False,active,2026-05-15,2026-05-15,SS=hns_ss-export-tld.20251226_20260107_translated_20260117.adapted.csv;HSD=hns_bob_tlds.csv,2026-05-15T21:54:27,False
leafwhisper,,,False,,,,,22catchall,False,active,2026-05-15,2026-05-15,SS=hns_ss-export-tld.20251226_20260107_translated_20260117.adapted.csv;HSD=hns_bob_tlds.csv,2026-05-15T21:54:27,False
leftoverfish,,,False,,,,,22catchall,False,active,2026-05-15,2026-05-15,SS=hns_ss-export-tld.20251226_20260107_translated_20260117.adapted.csv;HSD=hns_bob_tlds.csv,2026-05-15T21:54:27,False
leg-iron,,,False,,,,,timaxau,False,active,2026-05-15,2026-05-15,SS=hns_ss-export-tld.20251226_20260107_translated_20260117.adapted.csv;HSD=hns_bob_tlds.csv,2026-05-15T21:54:27,False
leschats,,,False,,,,,22catchall,False,active,2026-05-15,2026-05-15,SS=hns_ss-export-tld.20251226_20260107_translated_20260117.adapted.csv;HSD=hns_bob_tlds.csv,2026-05-15T21:54:27,False
letitcook,,,False,,,,,22catchall,False,active,2026-05-15,2026-05-15,SS=hns_ss-export-tld.20251226_20260107_translated_20260117.adapted.csv;HSD=hns_bob_tlds.csv,2026-05-15T21:54:27,False
letsau,,,False,,,,,timaxau,False,active,2026-05-15,2026-05-15,SS=hns_ss-export-tld.20251226_20260107_translated_20260117.adapted.csv;HSD=hns_bob_tlds.csv,2026-05-15T21:54:27,False
libidinist,,,False,,,,,22catchall,False,active,2026-05-15,2026-05-15,SS=hns_ss-export-tld.20251226_20260107_translated_20260117.adapted.csv;HSD=hns_bob_tlds.csv,2026-05-15T21:54:27,False
lifemedianews,,,False,,,,,22catchall,False,active,2026-05-15,2026-05-15,SS=hns_ss-export-tld.20251226_20260107_translated_20260117.adapted.csv;HSD=hns_bob_tlds.csv,2026-05-15T21:54:27,False
lifenewsmedia,,,False,,,,,22catchall,False,active,2026-05-15,2026-05-15,SS=hns_ss-export-tld.20251226_20260107_translated_20260117.adapted.csv;HSD=hns_bob_tlds.csv,2026-05-15T21:54:27,False
lifesavers,,,False,,,,,timaxau,False,active,2026-05-15,2026-05-15,SS=hns_ss-export-tld.20251226_20260107_translated_20260117.adapted.csv;HSD=hns_bob_tlds.csv,2026-05-15T21:54:27,False
lifesetup,,,False,,,,,tim4sk,False,active,2026-05-15,2026-05-15,SS=hns_ss-export-tld.20251226_20260107_translated_20260117.adapted.csv;HSD=hns_bob_tlds.csv,2026-05-15T21:54:27,False
lifetapestry,,,False,,,,,22catchall,False,active,2026-05-15,2026-05-15,SS=hns_ss-export-tld.20251226_20260107_translated_20260117.adapted.csv;HSD=hns_bob_tlds.csv,2026-05-15T21:54:27,False
lifetimelimit,,,False,,,,,22catchall,False,active,2026-05-15,2026-05-15,SS=hns_ss-export-tld.20251226_20260107_translated_20260117.adapted.csv;HSD=hns_bob_tlds.csv,2026-05-15T21:54:27,False
lifetimeword,,,False,,,,,22catchall,False,active,2026-05-15,2026-05-15,SS=hns_ss-export-tld.20251226_20260107_translated_20260117.adapted.csv;HSD=hns_bob_tlds.csv,2026-05-15T21:54:27,False
lifetlds,,,False,,,,,22catchall,False,active,2026-05-15,2026-05-15,SS=hns_ss-export-tld.20251226_20260107_translated_20260117.adapted.csv;HSD=hns_bob_tlds.csv,2026-05-15T21:54:27,False
lifeyet,,,False,,,,,k1f,False,active,2026-05-15,2026-05-15,SS=hns_ss-export-tld.20251226_20260107_translated_20260117.adapted.csv;HSD=hns_bob_tlds.csv,2026-05-15T21:54:27,False
likemeta,,,False,,,,,22catchall,False,active,2026-05-15,2026-05-15,SS=hns_ss-export-tld.20251226_20260107_translated_20260117.adapted.csv;HSD=hns_bob_tlds.csv,2026-05-15T21:54:27,False
linkmate,,,False,,,,,22catchall,False,active,2026-05-15,2026-05-15,SS=hns_ss-export-tld.20251226_20260107_translated_20260117.adapted.csv;HSD=hns_bob_tlds.csv,2026-05-15T21:54:27,False
linuxdev,,,False,,,,,22catchall,False,active,2026-05-15,2026-05-15,SS=hns_ss-export-tld.20251226_20260107_translated_20260117.adapted.csv;HSD=hns_bob_tlds.csv,2026-05-15T21:54:27,False
listn,,,False,,,,,timaxau,False,active,2026-05-15,2026-05-15,SS=hns_ss-export-tld.20251226_20260107_translated_20260117.adapted.csv;HSD=hns_bob_tlds.csv,2026-05-15T21:54:27,False
livenewmedias,,,False,,,,,22catchall,False,active,2026-05-15,2026-05-15,SS=hns_ss-export-tld.20251226_20260107_translated_20260117.adapted.csv;HSD=hns_bob_tlds.csv,2026-05-15T21:54:27,False
livenewsmedia,,,False,,,,,22catchall,False,active,2026-05-15,2026-05-15,SS=hns_ss-export-tld.20251226_20260107_translated_20260117.adapted.csv;HSD=hns_bob_tlds.csv,2026-05-15T21:54:27,False
livingsail,,,False,,,,,22catchall,False,active,2026-05-15,2026-05-15,SS=hns_ss-export-tld.20251226_20260107_translated_20260117.adapted.csv;HSD=hns_bob_tlds.csv,2026-05-15T21:54:27,False
lobbyman,,,False,,,,,22catchall,False,active,2026-05-15,2026-05-15,SS=hns_ss-export-tld.20251226_20260107_translated_20260117.adapted.csv;HSD=hns_bob_tlds.csv,2026-05-15T21:54:27,False
lobscuse,,,False,,,,,22catchall,False,active,2026-05-15,2026-05-15,SS=hns_ss-export-tld.20251226_20260107_translated_20260117.adapted.csv;HSD=hns_bob_tlds.csv,2026-05-15T21:54:27,False
lofizehns,,,False,,,,,giftosend,False,active,2026-05-15,2026-05-15,SS=hns_ss-export-tld.20251226_20260107_translated_20260117.adapted.csv;HSD=hns_bob_tlds.csv,2026-05-15T21:54:27,False
lossoflife,,,False,,,,,22catchall,False,active,2026-05-15,2026-05-15,SS=hns_ss-export-tld.20251226_20260107_translated_20260117.adapted.csv;HSD=hns_bob_tlds.csv,2026-05-15T21:54:27,False
lovementor,,,False,,,,,22catchall,False,active,2026-05-15,2026-05-15,SS=hns_ss-export-tld.20251226_20260107_translated_20260117.adapted.csv;HSD=hns_bob_tlds.csv,2026-05-15T21:54:27,False
lowgear,,,False,,,,,22catchall,False,active,2026-05-15,2026-05-15,SS=hns_ss-export-tld.20251226_20260107_translated_20260117.adapted.csv;HSD=hns_bob_tlds.csv,2026-05-15T21:54:27,False
luckintea,,,False,,,,,12tea,False,active,2026-05-15,2026-05-15,SS=hns_ss-export-tld.20251226_20260107_translated_20260117.adapted.csv;HSD=hns_bob_tlds.csv,2026-05-15T21:54:27,False
lucky-dip,,,False,,,,,22catchall,False,active,2026-05-15,2026-05-15,SS=hns_ss-export-tld.20251226_20260107_translated_20260117.adapted.csv;HSD=hns_bob_tlds.csv,2026-05-15T21:54:27,False
luckyrx,,,False,,,,,tim4sk,False,active,2026-05-15,2026-05-15,SS=hns_ss-export-tld.20251226_20260107_translated_20260117.adapted.csv;HSD=hns_bob_tlds.csv,2026-05-15T21:54:27,False
lumoz,,,False,,,,,22catchall,False,active,2026-05-15,2026-05-15,SS=hns_ss-export-tld.20251226_20260107_translated_20260117.adapted.csv;HSD=hns_bob_tlds.csv,2026-05-15T21:54:27,False
m1108,,,False,,,,,tim4sk,False,active,2026-05-15,2026-05-15,SS=hns_ss-export-tld.20251226_20260107_translated_20260117.adapted.csv;HSD=hns_bob_tlds.csv,2026-05-15T21:54:27,False
m3h,,,False,,,,,22catchall,False,active,2026-05-15,2026-05-15,SS=hns_ss-export-tld.20251226_20260107_translated_20260117.adapted.csv;HSD=hns_bob_tlds.csv,2026-05-15T21:54:27,False
m3xico,,,False,,,,,22catchall,False,active,2026-05-15,2026-05-15,SS=hns_ss-export-tld.20251226_20260107_translated_20260117.adapted.csv;HSD=hns_bob_tlds.csv,2026-05-15T21:54:27,False
macnutz,,,False,,,,,22catchall,False,active,2026-05-15,2026-05-15,SS=hns_ss-export-tld.20251226_20260107_translated_20260117.adapted.csv;HSD=hns_bob_tlds.csv,2026-05-15T21:54:27,False
macropterous,,,False,,,,,22catchall,False,active,2026-05-15,2026-05-15,SS=hns_ss-export-tld.20251226_20260107_translated_20260117.adapted.csv;HSD=hns_bob_tlds.csv,2026-05-15T21:54:27,False
maculose,,,False,,,,,22catchall,False,active,2026-05-15,2026-05-15,SS=hns_ss-export-tld.20251226_20260107_translated_20260117.adapted.csv;HSD=hns_bob_tlds.csv,2026-05-15T21:54:27,False
made-in-usa,,,False,,,,,22catchall,False,active,2026-05-15,2026-05-15,SS=hns_ss-export-tld.20251226_20260107_translated_20260117.adapted.csv;HSD=hns_bob_tlds.csv,2026-05-15T21:54:27,False
madeinaustraliag,,,False,,,,,timaxau,False,active,2026-05-15,2026-05-15,SS=hns_ss-export-tld.20251226_20260107_translated_20260117.adapted.csv;HSD=hns_bob_tlds.csv,2026-05-15T21:54:27,False
magginoodles,,,False,,,,,22catchall,False,active,2026-05-15,2026-05-15,SS=hns_ss-export-tld.20251226_20260107_translated_20260117.adapted.csv;HSD=hns_bob_tlds.csv,2026-05-15T21:54:27,False
magicfun,,,False,,,,,22catchall,False,active,2026-05-15,2026-05-15,SS=hns_ss-export-tld.20251226_20260107_translated_20260117.adapted.csv;HSD=hns_bob_tlds.csv,2026-05-15T21:54:27,False
mainsheet,,,False,,,,,tim4sk,False,active,2026-05-15,2026-05-15,SS=hns_ss-export-tld.20251226_20260107_translated_20260117.adapted.csv;HSD=hns_bob_tlds.csv,2026-05-15T21:54:27,False
majava,,,False,,,,,22catchall,False,active,2026-05-15,2026-05-15,SS=hns_ss-export-tld.20251226_20260107_translated_20260117.adapted.csv;HSD=hns_bob_tlds.csv,2026-05-15T21:54:27,False
maleny,,,False,,,,,timaxau,False,active,2026-05-15,2026-05-15,SS=hns_ss-export-tld.20251226_20260107_translated_20260117.adapted.csv;HSD=hns_bob_tlds.csv,2026-05-15T21:54:27,False
manftrades,,,False,,,,,22catchall,False,active,2026-05-15,2026-05-15,SS=hns_ss-export-tld.20251226_20260107_translated_20260117.adapted.csv;HSD=hns_bob_tlds.csv,2026-05-15T21:54:27,False
manualist,,,False,,,,,22catchall,False,active,2026-05-15,2026-05-15,SS=hns_ss-export-tld.20251226_20260107_translated_20260117.adapted.csv;HSD=hns_bob_tlds.csv,2026-05-15T21:54:27,False
mapillary,,,False,,,,,giftosend,False,active,2026-05-15,2026-05-15,SS=hns_ss-export-tld.20251226_20260107_translated_20260117.adapted.csv;HSD=hns_bob_tlds.csv,2026-05-15T21:54:27,False
marinecamp,,,False,,,,,h2o,False,active,2026-05-15,2026-05-15,SS=hns_ss-export-tld.20251226_20260107_translated_20260117.adapted.csv;HSD=hns_bob_tlds.csv,2026-05-15T21:54:27,False
marinecargo,,,False,,,,,22catchall,False,active,2026-05-15,2026-05-15,SS=hns_ss-export-tld.20251226_20260107_translated_20260117.adapted.csv;HSD=hns_bob_tlds.csv,2026-05-15T21:54:27,False
marinefishtanks,,,False,,,,,22catchall,False,active,2026-05-15,2026-05-15,SS=hns_ss-export-tld.20251226_20260107_translated_20260117.adapted.csv;HSD=hns_bob_tlds.csv,2026-05-15T21:54:27,False
marineloan,,,False,,,,,h2o,False,active,2026-05-15,2026-05-15,SS=hns_ss-export-tld.20251226_20260107_translated_20260117.adapted.csv;HSD=hns_bob_tlds.csv,2026-05-15T21:54:27,False
markyeh,,,False,,,,,tim4sk,False,active,2026-05-15,2026-05-15,SS=hns_ss-export-tld.20251226_20260107_translated_20260117.adapted.csv;HSD=hns_bob_tlds.csv,2026-05-15T21:54:27,False
mary-is-a-bell,,,False,,,,,m1f,False,active,2026-05-15,2026-05-15,SS=hns_ss-export-tld.20251226_20260107_translated_20260117.adapted.csv;HSD=hns_bob_tlds.csv,2026-05-15T21:54:27,False
marybel,,,False,,,,,m1f,False,active,2026-05-15,2026-05-15,SS=hns_ss-export-tld.20251226_20260107_translated_20260117.adapted.csv;HSD=hns_bob_tlds.csv,2026-05-15T21:54:27,False
marybell,,,False,,,,,m1f,False,active,2026-05-15,2026-05-15,SS=hns_ss-export-tld.20251226_20260107_translated_20260117.adapted.csv;HSD=hns_bob_tlds.csv,2026-05-15T21:54:27,False
maryf,,,False,,,,,tim4sk,False,active,2026-05-15,2026-05-15,SS=hns_ss-export-tld.20251226_20260107_translated_20260117.adapted.csv;HSD=hns_bob_tlds.csv,2026-05-15T21:54:27,False
maryisabel,,,False,,,,,tim4sk,False,active,2026-05-15,2026-05-15,SS=hns_ss-export-tld.20251226_20260107_translated_20260117.adapted.csv;HSD=hns_bob_tlds.csv,2026-05-15T21:54:27,False
maryisabelle,,,False,,,,,tim4sk,False,active,2026-05-15,2026-05-15,SS=hns_ss-export-tld.20251226_20260107_translated_20260117.adapted.csv;HSD=hns_bob_tlds.csv,2026-05-15T21:54:27,False
marysbell,,,False,,,,,tim4sk,False,active,2026-05-15,2026-05-15,SS=hns_ss-export-tld.20251226_20260107_translated_20260117.adapted.csv;HSD=hns_bob_tlds.csv,2026-05-15T21:54:27,False
marysmell,,,False,,,,,m1f,False,active,2026-05-15,2026-05-15,SS=hns_ss-export-tld.20251226_20260107_translated_20260117.adapted.csv;HSD=hns_bob_tlds.csv,2026-05-15T21:54:27,False
maryuk,,,False,,,,,tim4sk,False,active,2026-05-15,2026-05-15,SS=hns_ss-export-tld.20251226_20260107_translated_20260117.adapted.csv;HSD=hns_bob_tlds.csv,2026-05-15T21:54:27,False
masculism,,,False,,,,,22catchall,False,active,2026-05-15,2026-05-15,SS=hns_ss-export-tld.20251226_20260107_translated_20260117.adapted.csv;HSD=hns_bob_tlds.csv,2026-05-15T21:54:27,False
maskall,,,False,,,,,tim4sk,False,active,2026-05-15,2026-05-15,SS=hns_ss-export-tld.20251226_20260107_translated_20260117.adapted.csv;HSD=hns_bob_tlds.csv,2026-05-15T21:54:27,False
maurau,,,False,,,,,timaxau,False,active,2026-05-15,2026-05-15,SS=hns_ss-export-tld.20251226_20260107_translated_20260117.adapted.csv;HSD=hns_bob_tlds.csv,2026-05-15T21:54:27,False
mawf,,,False,,,,,22catchall,False,active,2026-05-15,2026-05-15,SS=hns_ss-export-tld.20251226_20260107_translated_20260117.adapted.csv;HSD=hns_bob_tlds.csv,2026-05-15T21:54:27,False
mawg,,,False,,,,,k1f,False,active,2026-05-15,2026-05-15,SS=hns_ss-export-tld.20251226_20260107_translated_20260117.adapted.csv;HSD=hns_bob_tlds.csv,2026-05-15T21:54:27,False
maxal,,,False,,,,,timaxau,False,active,2026-05-15,2026-05-15,SS=hns_ss-export-tld.20251226_20260107_translated_20260117.adapted.csv;HSD=hns_bob_tlds.csv,2026-05-15T21:54:27,False
maxalhub,,,False,,,,,timaxau,False,active,2026-05-15,2026-05-15,SS=hns_ss-export-tld.20251226_20260107_translated_20260117.adapted.csv;HSD=hns_bob_tlds.csv,2026-05-15T21:54:27,False
maxfoods,,,False,,,,,22catchall,False,active,2026-05-15,2026-05-15,SS=hns_ss-export-tld.20251226_20260107_translated_20260117.adapted.csv;HSD=hns_bob_tlds.csv,2026-05-15T21:54:27,False
maxnames,,,False,,,,,22catchall,False,active,2026-05-15,2026-05-15,SS=hns_ss-export-tld.20251226_20260107_translated_20260117.adapted.csv;HSD=hns_bob_tlds.csv,2026-05-15T21:54:27,False
maxtrips,,,False,,,,,22catchall,False,active,2026-05-15,2026-05-15,SS=hns_ss-export-tld.20251226_20260107_translated_20260117.adapted.csv;HSD=hns_bob_tlds.csv,2026-05-15T21:54:27,False
mckiehns,,,False,,,,,giftosend,False,active,2026-05-15,2026-05-15,SS=hns_ss-export-tld.20251226_20260107_translated_20260117.adapted.csv;HSD=hns_bob_tlds.csv,2026-05-15T21:54:27,False
meaner,,,False,,,,,22catchall,False,active,2026-05-15,2026-05-15,SS=hns_ss-export-tld.20251226_20260107_translated_20260117.adapted.csv;HSD=hns_bob_tlds.csv,2026-05-15T21:54:27,False
measuretime,,,False,,,,,22catchall,False,active,2026-05-15,2026-05-15,SS=hns_ss-export-tld.20251226_20260107_translated_20260117.adapted.csv;HSD=hns_bob_tlds.csv,2026-05-15T21:54:27,False
mechanicalguru,,,False,,,,,22catchall,False,active,2026-05-15,2026-05-15,SS=hns_ss-export-tld.20251226_20260107_translated_20260117.adapted.csv;HSD=hns_bob_tlds.csv,2026-05-15T21:54:27,False
medialifenews,,,False,,,,,22catchall,False,active,2026-05-15,2026-05-15,SS=hns_ss-export-tld.20251226_20260107_translated_20260117.adapted.csv;HSD=hns_bob_tlds.csv,2026-05-15T21:54:27,False
medianewslife,,,False,,,,,22catchall,False,active,2026-05-15,2026-05-15,SS=hns_ss-export-tld.20251226_20260107_translated_20260117.adapted.csv;HSD=hns_bob_tlds.csv,2026-05-15T21:54:27,False
mediasnewlife,,,False,,,,,22catchall,False,active,2026-05-15,2026-05-15,SS=hns_ss-export-tld.20251226_20260107_translated_20260117.adapted.csv;HSD=hns_bob_tlds.csv,2026-05-15T21:54:27,False
meetdeath,,,False,,,,,22catchall,False,active,2026-05-15,2026-05-15,SS=hns_ss-export-tld.20251226_20260107_translated_20260117.adapted.csv;HSD=hns_bob_tlds.csv,2026-05-15T21:54:27,False
melanys,,,False,,,,,timaxau,False,active,2026-05-15,2026-05-15,SS=hns_ss-export-tld.20251226_20260107_translated_20260117.adapted.csv;HSD=hns_bob_tlds.csv,2026-05-15T21:54:27,False
memoriam,,,False,,,,,k1f,False,active,2026-05-15,2026-05-15,SS=hns_ss-export-tld.20251226_20260107_translated_20260117.adapted.csv;HSD=hns_bob_tlds.csv,2026-05-15T21:54:27,False
menubowl,,,False,,,,,tim4sk,False,active,2026-05-15,2026-05-15,SS=hns_ss-export-tld.20251226_20260107_translated_20260117.adapted.csv;HSD=hns_bob_tlds.csv,2026-05-15T21:54:27,False
merchns,,,False,,,,,h4ndsh4k,False,active,2026-05-15,2026-05-15,SS=hns_ss-export-tld.20251226_20260107_translated_20260117.adapted.csv;HSD=hns_bob_tlds.csv,2026-05-15T21:54:27,False
mercurian,,,False,,,,,22catchall,False,active,2026-05-15,2026-05-15,SS=hns_ss-export-tld.20251226_20260107_translated_20260117.adapted.csv;HSD=hns_bob_tlds.csv,2026-05-15T21:54:27,False
meriau,,,False,,,,,timaxau,False,active,2026-05-15,2026-05-15,SS=hns_ss-export-tld.20251226_20260107_translated_20260117.adapted.csv;HSD=hns_bob_tlds.csv,2026-05-15T21:54:27,False
meropia,,,False,,,,,22catchall,False,active,2026-05-15,2026-05-15,SS=hns_ss-export-tld.20251226_20260107_translated_20260117.adapted.csv;HSD=hns_bob_tlds.csv,2026-05-15T21:54:27,False
messagefirst,,,False,,,,,22catchall,False,active,2026-05-15,2026-05-15,SS=hns_ss-export-tld.20251226_20260107_translated_20260117.adapted.csv;HSD=hns_bob_tlds.csv,2026-05-15T21:54:27,False
meta-face,,,False,,,,,22catchall,False,active,2026-05-15,2026-05-15,SS=hns_ss-export-tld.20251226_20260107_translated_20260117.adapted.csv;HSD=hns_bob_tlds.csv,2026-05-15T21:54:27,False
metabearz,,,False,,,,,22catchall,False,active,2026-05-15,2026-05-15,SS=hns_ss-export-tld.20251226_20260107_translated_20260117.adapted.csv;HSD=hns_bob_tlds.csv,2026-05-15T21:54:27,False
metamaxal,,,False,,,,,timaxau,False,active,2026-05-15,2026-05-15,SS=hns_ss-export-tld.20251226_20260107_translated_20260117.adapted.csv;HSD=hns_bob_tlds.csv,2026-05-15T21:54:27,False
metapsychical,,,False,,,,,22catchall,False,active,2026-05-15,2026-05-15,SS=hns_ss-export-tld.20251226_20260107_translated_20260117.adapted.csv;HSD=hns_bob_tlds.csv,2026-05-15T21:54:27,False
metaversesnipe,,,False,,,,,22catchall,False,active,2026-05-15,2026-05-15,SS=hns_ss-export-tld.20251226_20260107_translated_20260117.adapted.csv;HSD=hns_bob_tlds.csv,2026-05-15T21:54:27,False
microhabitat,,,False,,,,,tim4sk,False,active,2026-05-15,2026-05-15,SS=hns_ss-export-tld.20251226_20260107_translated_20260117.adapted.csv;HSD=hns_bob_tlds.csv,2026-05-15T21:54:27,False
midbowman,,,False,,,,,22catchall,False,active,2026-05-15,2026-05-15,SS=hns_ss-export-tld.20251226_20260107_translated_20260117.adapted.csv;HSD=hns_bob_tlds.csv,2026-05-15T21:54:27,False
midnightwater,,,False,,,,,22catchall,False,active,2026-05-15,2026-05-15,SS=hns_ss-export-tld.20251226_20260107_translated_20260117.adapted.csv;HSD=hns_bob_tlds.csv,2026-05-15T21:54:27,False
mildish,,,False,,,,,22catchall,False,active,2026-05-15,2026-05-15,SS=hns_ss-export-tld.20251226_20260107_translated_20260117.adapted.csv;HSD=hns_bob_tlds.csv,2026-05-15T21:54:27,False
milestonez,,,False,,,,,22catchall,False,active,2026-05-15,2026-05-15,SS=hns_ss-export-tld.20251226_20260107_translated_20260117.adapted.csv;HSD=hns_bob_tlds.csv,2026-05-15T21:54:27,False
mindlessdao,,,False,,,,,22catchall,False,active,2026-05-15,2026-05-15,SS=hns_ss-export-tld.20251226_20260107_translated_20260117.adapted.csv;HSD=hns_bob_tlds.csv,2026-05-15T21:54:27,False
mintink,,,False,,,,,22catchall,False,active,2026-05-15,2026-05-15,SS=hns_ss-export-tld.20251226_20260107_translated_20260117.adapted.csv;HSD=hns_bob_tlds.csv,2026-05-15T21:54:27,False
mintsite,,,False,,,,,22catchall,False,active,2026-05-15,2026-05-15,SS=hns_ss-export-tld.20251226_20260107_translated_20260117.adapted.csv;HSD=hns_bob_tlds.csv,2026-05-15T21:54:27,False
miothermic,,,False,,,,,22catchall,False,active,2026-05-15,2026-05-15,SS=hns_ss-export-tld.20251226_20260107_translated_20260117.adapted.csv;HSD=hns_bob_tlds.csv,2026-05-15T21:54:27,False
mirical,,,False,,,,,22catchall,False,active,2026-05-15,2026-05-15,SS=hns_ss-export-tld.20251226_20260107_translated_20260117.adapted.csv;HSD=hns_bob_tlds.csv,2026-05-15T21:54:27,False
misaltered,,,False,,,,,22catchall,False,active,2026-05-15,2026-05-15,SS=hns_ss-export-tld.20251226_20260107_translated_20260117.adapted.csv;HSD=hns_bob_tlds.csv,2026-05-15T21:54:27,False
miscarries,,,False,,,,,22catchall,False,active,2026-05-15,2026-05-15,SS=hns_ss-export-tld.20251226_20260107_translated_20260117.adapted.csv;HSD=hns_bob_tlds.csv,2026-05-15T21:54:27,False
miscarry,,,False,,,,,22catchall,False,active,2026-05-15,2026-05-15,SS=hns_ss-export-tld.20251226_20260107_translated_20260117.adapted.csv;HSD=hns_bob_tlds.csv,2026-05-15T21:54:27,False
missionbeach,,,False,,,,,timaxau,False,active,2026-05-15,2026-05-15,SS=hns_ss-export-tld.20251226_20260107_translated_20260117.adapted.csv;HSD=hns_bob_tlds.csv,2026-05-15T21:54:27,False
missis,,,False,,,,,22catchall,False,active,2026-05-15,2026-05-15,SS=hns_ss-export-tld.20251226_20260107_translated_20260117.adapted.csv;HSD=hns_bob_tlds.csv,2026-05-15T21:54:27,False
missmultiverse,,,False,,,,,tim4sk,False,active,2026-05-15,2026-05-15,SS=hns_ss-export-tld.20251226_20260107_translated_20260117.adapted.csv;HSD=hns_bob_tlds.csv,2026-05-15T21:54:27,False
misterdj,,,False,,,,,tim4sk,False,active,2026-05-15,2026-05-15,SS=hns_ss-export-tld.20251226_20260107_translated_20260117.adapted.csv;HSD=hns_bob_tlds.csv,2026-05-15T21:54:27,False
mistervr,,,False,,,,,22catchall,False,active,2026-05-15,2026-05-15,SS=hns_ss-export-tld.20251226_20260107_translated_20260117.adapted.csv;HSD=hns_bob_tlds.csv,2026-05-15T21:54:27,False
mistold,,,False,,,,,21trueone,False,active,2026-05-15,2026-05-15,SS=hns_ss-export-tld.20251226_20260107_translated_20260117.adapted.csv;HSD=hns_bob_tlds.csv,2026-05-15T21:54:27,False
mlnq,,,False,,,,,timaxau,False,active,2026-05-15,2026-05-15,SS=hns_ss-export-tld.20251226_20260107_translated_20260117.adapted.csv;HSD=hns_bob_tlds.csv,2026-05-15T21:54:27,False
mlny,,,False,,,,,timaxau,False,active,2026-05-15,2026-05-15,SS=hns_ss-export-tld.20251226_20260107_translated_20260117.adapted.csv;HSD=hns_bob_tlds.csv,2026-05-15T21:54:27,False
moap,,,False,,,,,h4ndsh4k,False,active,2026-05-15,2026-05-15,SS=hns_ss-export-tld.20251226_20260107_translated_20260117.adapted.csv;HSD=hns_bob_tlds.csv,2026-05-15T21:54:27,False
mobileobituary,,,False,,,,,k1f,False,active,2026-05-15,2026-05-15,SS=hns_ss-export-tld.20251226_20260107_translated_20260117.adapted.csv;HSD=hns_bob_tlds.csv,2026-05-15T21:54:27,False
mokyn,,,False,,,,,22catchall,False,active,2026-05-15,2026-05-15,SS=hns_ss-export-tld.20251226_20260107_translated_20260117.adapted.csv;HSD=hns_bob_tlds.csv,2026-05-15T21:54:27,False
monkeybiz,,,False,,,,,22catchall,False,active,2026-05-15,2026-05-15,SS=hns_ss-export-tld.20251226_20260107_translated_20260117.adapted.csv;HSD=hns_bob_tlds.csv,2026-05-15T21:54:27,False
monometers,,,False,,,,,22catchall,False,active,2026-05-15,2026-05-15,SS=hns_ss-export-tld.20251226_20260107_translated_20260117.adapted.csv;HSD=hns_bob_tlds.csv,2026-05-15T21:54:27,False
monosyllabism,,,False,,,,,22catchall,False,active,2026-05-15,2026-05-15,SS=hns_ss-export-tld.20251226_20260107_translated_20260117.adapted.csv;HSD=hns_bob_tlds.csv,2026-05-15T21:54:27,False
monthlymeals,,,False,,,,,22catchall,False,active,2026-05-15,2026-05-15,SS=hns_ss-export-tld.20251226_20260107_translated_20260117.adapted.csv;HSD=hns_bob_tlds.csv,2026-05-15T21:54:27,False
moodguru,,,False,,,,,22catchall,False,active,2026-05-15,2026-05-15,SS=hns_ss-export-tld.20251226_20260107_translated_20260117.adapted.csv;HSD=hns_bob_tlds.csv,2026-05-15T21:54:27,False
moonlightonwater,,,False,,,,,22catchall,False,active,2026-05-15,2026-05-15,SS=hns_ss-export-tld.20251226_20260107_translated_20260117.adapted.csv;HSD=hns_bob_tlds.csv,2026-05-15T21:54:27,False
moonlightrain,,,False,,,,,22catchall,False,active,2026-05-15,2026-05-15,SS=hns_ss-export-tld.20251226_20260107_translated_20260117.adapted.csv;HSD=hns_bob_tlds.csv,2026-05-15T21:54:27,False
moonlightsurf,,,False,,,,,h2o,False,active,2026-05-15,2026-05-15,SS=hns_ss-export-tld.20251226_20260107_translated_20260117.adapted.csv;HSD=hns_bob_tlds.csv,2026-05-15T21:54:27,False
moonwon,,,False,,,,,22catchall,False,active,2026-05-15,2026-05-15,SS=hns_ss-export-tld.20251226_20260107_translated_20260117.adapted.csv;HSD=hns_bob_tlds.csv,2026-05-15T21:54:27,False
moorepark,,,False,,,,,timaxau,False,active,2026-05-15,2026-05-15,SS=hns_ss-export-tld.20251226_20260107_translated_20260117.adapted.csv;HSD=hns_bob_tlds.csv,2026-05-15T21:54:27,False
mopes,,,False,,,,,22catchall,False,active,2026-05-15,2026-05-15,SS=hns_ss-export-tld.20251226_20260107_translated_20260117.adapted.csv;HSD=hns_bob_tlds.csv,2026-05-15T21:54:27,False
moreapps,,,False,,,,,22catchall,False,active,2026-05-15,2026-05-15,SS=hns_ss-export-tld.20251226_20260107_translated_20260117.adapted.csv;HSD=hns_bob_tlds.csv,2026-05-15T21:54:27,False
morename,,,False,,,,,22catchall,False,active,2026-05-15,2026-05-15,SS=hns_ss-export-tld.20251226_20260107_translated_20260117.adapted.csv;HSD=hns_bob_tlds.csv,2026-05-15T21:54:27,False
moreroad,,,False,,,,,22catchall,False,active,2026-05-15,2026-05-15,SS=hns_ss-export-tld.20251226_20260107_translated_20260117.adapted.csv;HSD=hns_bob_tlds.csv,2026-05-15T21:54:27,False
mountain-side,,,False,,,,,tim4sk,False,active,2026-05-15,2026-05-15,SS=hns_ss-export-tld.20251226_20260107_translated_20260117.adapted.csv;HSD=hns_bob_tlds.csv,2026-05-15T21:54:27,False
mountainphotos,,,False,,,,,22catchall,False,active,2026-05-15,2026-05-15,SS=hns_ss-export-tld.20251226_20260107_translated_20260117.adapted.csv;HSD=hns_bob_tlds.csv,2026-05-15T21:54:27,False
movedeath,,,False,,,,,tim4sk,False,active,2026-05-15,2026-05-15,SS=hns_ss-export-tld.20251226_20260107_translated_20260117.adapted.csv;HSD=hns_bob_tlds.csv,2026-05-15T21:54:27,False
mray,,,False,,,,,r1f,False,active,2026-05-15,2026-05-15,SS=hns_ss-export-tld.20251226_20260107_translated_20260117.adapted.csv;HSD=hns_bob_tlds.csv,2026-05-15T21:54:27,False
mrgrant,,,False,,,,,22catchall,False,active,2026-05-15,2026-05-15,SS=hns_ss-export-tld.20251226_20260107_translated_20260117.adapted.csv;HSD=hns_bob_tlds.csv,2026-05-15T21:54:27,False
mrsghost,,,False,,,,,22catchall,False,active,2026-05-15,2026-05-15,SS=hns_ss-export-tld.20251226_20260107_translated_20260117.adapted.csv;HSD=hns_bob_tlds.csv,2026-05-15T21:54:27,False
mrsp5lrfaoxtjzvsihwj2asebw3wngnoaptwwa376qs7ubbiyppa,,,False,,,,,tim4sk,False,active,2026-05-15,2026-05-15,SS=hns_ss-export-tld.20251226_20260107_translated_20260117.adapted.csv;HSD=hns_bob_tlds.csv,2026-05-15T21:54:27,False
mskinner,,,False,,,,,22catchall,False,active,2026-05-15,2026-05-15,SS=hns_ss-export-tld.20251226_20260107_translated_20260117.adapted.csv;HSD=hns_bob_tlds.csv,2026-05-15T21:54:27,False
mskl,,,False,,,,,timaxau,False,active,2026-05-15,2026-05-15,SS=hns_ss-export-tld.20251226_20260107_translated_20260117.adapted.csv;HSD=hns_bob_tlds.csv,2026-05-15T21:54:27,False
mugsmug,,,False,,,,,tim4sk,False,active,2026-05-15,2026-05-15,SS=hns_ss-export-tld.20251226_20260107_translated_20260117.adapted.csv;HSD=hns_bob_tlds.csv,2026-05-15T21:54:27,False
muriphobia,,,False,,,,,22catchall,False,active,2026-05-15,2026-05-15,SS=hns_ss-export-tld.20251226_20260107_translated_20260117.adapted.csv;HSD=hns_bob_tlds.csv,2026-05-15T21:54:27,False
mutart,,,False,,,,,22catchall,False,active,2026-05-15,2026-05-15,SS=hns_ss-export-tld.20251226_20260107_translated_20260117.adapted.csv;HSD=hns_bob_tlds.csv,2026-05-15T21:54:27,False
mutationist,,,False,,,,,22catchall,False,active,2026-05-15,2026-05-15,SS=hns_ss-export-tld.20251226_20260107_translated_20260117.adapted.csv;HSD=hns_bob_tlds.csv,2026-05-15T21:54:27,False
mvlau,,,False,,,,,timaxau,False,active,2026-05-15,2026-05-15,SS=hns_ss-export-tld.20251226_20260107_translated_20260117.adapted.csv;HSD=hns_bob_tlds.csv,2026-05-15T21:54:27,False
mwdt,,,False,,,,,tim4sk,False,active,2026-05-15,2026-05-15,SS=hns_ss-export-tld.20251226_20260107_translated_20260117.adapted.csv;HSD=hns_bob_tlds.csv,2026-05-15T21:54:27,False
mxlist,,,False,,,,,tim4sk,False,active,2026-05-15,2026-05-15,SS=hns_ss-export-tld.20251226_20260107_translated_20260117.adapted.csv;HSD=hns_bob_tlds.csv,2026-05-15T21:54:27,False
myaccounting,,,False,,,,,k1f,False,active,2026-05-15,2026-05-15,SS=hns_ss-export-tld.20251226_20260107_translated_20260117.adapted.csv;HSD=hns_bob_tlds.csv,2026-05-15T21:54:27,False
mygrane,,,False,,,,,22catchall,False,active,2026-05-15,2026-05-15,SS=hns_ss-export-tld.20251226_20260107_translated_20260117.adapted.csv;HSD=hns_bob_tlds.csv,2026-05-15T21:54:27,False
mylifesofar,,,False,,,,,22catchall,False,active,2026-05-15,2026-05-15,SS=hns_ss-export-tld.20251226_20260107_translated_20260117.adapted.csv;HSD=hns_bob_tlds.csv,2026-05-15T21:54:27,False
myrip,,,False,,,,,k1f,False,active,2026-05-15,2026-05-15,SS=hns_ss-export-tld.20251226_20260107_translated_20260117.adapted.csv;HSD=hns_bob_tlds.csv,2026-05-15T21:54:27,False
n-e-w,,,False,,,,,tim4sk,False,active,2026-05-15,2026-05-15,SS=hns_ss-export-tld.20251226_20260107_translated_20260117.adapted.csv;HSD=hns_bob_tlds.csv,2026-05-15T21:54:27,False
n-e-w-s,,,False,,,,,tim4sk,False,active,2026-05-15,2026-05-15,SS=hns_ss-export-tld.20251226_20260107_translated_20260117.adapted.csv;HSD=hns_bob_tlds.csv,2026-05-15T21:54:27,False
n414n,,,False,,,,,22catchall,False,active,2026-05-15,2026-05-15,SS=hns_ss-export-tld.20251226_20260107_translated_20260117.adapted.csv;HSD=hns_bob_tlds.csv,2026-05-15T21:54:27,False
n_e_w_s,,,False,,,,,tim4sk,False,active,2026-05-15,2026-05-15,SS=hns_ss-export-tld.20251226_20260107_translated_20260117.adapted.csv;HSD=hns_bob_tlds.csv,2026-05-15T21:54:27,False
nabjoc,,,False,,,,,timaxau,False,active,2026-05-15,2026-05-15,SS=hns_ss-export-tld.20251226_20260107_translated_20260117.adapted.csv;HSD=hns_bob_tlds.csv,2026-05-15T21:54:27,False
nabonline,,,False,,,,,tim4sk,False,active,2026-05-15,2026-05-15,SS=hns_ss-export-tld.20251226_20260107_translated_20260117.adapted.csv;HSD=hns_bob_tlds.csv,2026-05-15T21:54:27,False
nabswb,,,False,,,,,timaxau,False,active,2026-05-15,2026-05-15,SS=hns_ss-export-tld.20251226_20260107_translated_20260117.adapted.csv;HSD=hns_bob_tlds.csv,2026-05-15T21:54:27,False
nagged,,,False,,,,,22catchall,False,active,2026-05-15,2026-05-15,SS=hns_ss-export-tld.20251226_20260107_translated_20260117.adapted.csv;HSD=hns_bob_tlds.csv,2026-05-15T21:54:27,False
nahualism,,,False,,,,,22catchall,False,active,2026-05-15,2026-05-15,SS=hns_ss-export-tld.20251226_20260107_translated_20260117.adapted.csv;HSD=hns_bob_tlds.csv,2026-05-15T21:54:27,False
naidoc,,,False,,,,,timaxau,False,active,2026-05-15,2026-05-15,SS=hns_ss-export-tld.20251226_20260107_translated_20260117.adapted.csv;HSD=hns_bob_tlds.csv,2026-05-15T21:54:27,False
namemail,,,False,,,,,tim4sk,False,active,2026-05-15,2026-05-15,SS=hns_ss-export-tld.20251226_20260107_translated_20260117.adapted.csv;HSD=hns_bob_tlds.csv,2026-05-15T21:54:27,False
nameopen,,,False,,,,,22catchall,False,active,2026-05-15,2026-05-15,SS=hns_ss-export-tld.20251226_20260107_translated_20260117.adapted.csv;HSD=hns_bob_tlds.csv,2026-05-15T21:54:27,False
namertiphns,,,False,,,,,giftosend,False,active,2026-05-15,2026-05-15,SS=hns_ss-export-tld.20251226_20260107_translated_20260117.adapted.csv;HSD=hns_bob_tlds.csv,2026-05-15T21:54:27,False
namertipshns,,,False,,,,,giftosend,False,active,2026-05-15,2026-05-15,SS=hns_ss-export-tld.20251226_20260107_translated_20260117.adapted.csv;HSD=hns_bob_tlds.csv,2026-05-15T21:54:27,False
nameseas,,,False,,,,,h2o,False,active,2026-05-15,2026-05-15,SS=hns_ss-export-tld.20251226_20260107_translated_20260117.adapted.csv;HSD=hns_bob_tlds.csv,2026-05-15T21:54:27,False
nametrustee,,,False,,,,,22catchall,False,active,2026-05-15,2026-05-15,SS=hns_ss-export-tld.20251226_20260107_translated_20260117.adapted.csv;HSD=hns_bob_tlds.csv,2026-05-15T21:54:27,False
nationregion,,,False,,,,,22catchall,False,active,2026-05-15,2026-05-15,SS=hns_ss-export-tld.20251226_20260107_translated_20260117.adapted.csv;HSD=hns_bob_tlds.csv,2026-05-15T21:54:27,False
natural-law,,,False,,,,,22catchall,False,active,2026-05-15,2026-05-15,SS=hns_ss-export-tld.20251226_20260107_translated_20260117.adapted.csv;HSD=hns_bob_tlds.csv,2026-05-15T21:54:27,False
naturalburial,,,False,,,,,tim4sk,False,active,2026-05-15,2026-05-15,SS=hns_ss-export-tld.20251226_20260107_translated_20260117.adapted.csv;HSD=hns_bob_tlds.csv,2026-05-15T21:54:27,False
naturalgoals,,,False,,,,,22catchall,False,active,2026-05-15,2026-05-15,SS=hns_ss-export-tld.20251226_20260107_translated_20260117.adapted.csv;HSD=hns_bob_tlds.csv,2026-05-15T21:54:27,False
naturalmineral,,,False,,,,,tim4sk,False,active,2026-05-15,2026-05-15,SS=hns_ss-export-tld.20251226_20260107_translated_20260117.adapted.csv;HSD=hns_bob_tlds.csv,2026-05-15T21:54:27,False
naturalpursuits,,,False,,,,,22catchall,False,active,2026-05-15,2026-05-15,SS=hns_ss-export-tld.20251226_20260107_translated_20260117.adapted.csv;HSD=hns_bob_tlds.csv,2026-05-15T21:54:27,False
naturepacks,,,False,,,,,tim4sk,False,active,2026-05-15,2026-05-15,SS=hns_ss-export-tld.20251226_20260107_translated_20260117.adapted.csv;HSD=hns_bob_tlds.csv,2026-05-15T21:54:27,False
naturepic,,,False,,,,,22catchall,False,active,2026-05-15,2026-05-15,SS=hns_ss-export-tld.20251226_20260107_translated_20260117.adapted.csv;HSD=hns_bob_tlds.csv,2026-05-15T21:54:27,False
natureself,,,False,,,,,22catchall,False,active,2026-05-15,2026-05-15,SS=hns_ss-export-tld.20251226_20260107_translated_20260117.adapted.csv;HSD=hns_bob_tlds.csv,2026-05-15T21:54:27,False
naturesseascape,,,False,,,,,22catchall,False,active,2026-05-15,2026-05-15,SS=hns_ss-export-tld.20251226_20260107_translated_20260117.adapted.csv;HSD=hns_bob_tlds.csv,2026-05-15T21:54:27,False
naturetravels,,,False,,,,,22catchall,False,active,2026-05-15,2026-05-15,SS=hns_ss-export-tld.20251226_20260107_translated_20260117.adapted.csv;HSD=hns_bob_tlds.csv,2026-05-15T21:54:27,False
naturevillage,,,False,,,,,22catchall,False,active,2026-05-15,2026-05-15,SS=hns_ss-export-tld.20251226_20260107_translated_20260117.adapted.csv;HSD=hns_bob_tlds.csv,2026-05-15T21:54:27,False
naturewonders,,,False,,,,,22catchall,False,active,2026-05-15,2026-05-15,SS=hns_ss-export-tld.20251226_20260107_translated_20260117.adapted.csv;HSD=hns_bob_tlds.csv,2026-05-15T21:54:27,False
naturfotograf,,,False,,,,,tim4sk,False,active,2026-05-15,2026-05-15,SS=hns_ss-export-tld.20251226_20260107_translated_20260117.adapted.csv;HSD=hns_bob_tlds.csv,2026-05-15T21:54:27,False
naturfotos,,,False,,,,,tim4sk,False,active,2026-05-15,2026-05-15,SS=hns_ss-export-tld.20251226_20260107_translated_20260117.adapted.csv;HSD=hns_bob_tlds.csv,2026-05-15T21:54:27,False
navaids,,,False,,,,,22catchall,False,active,2026-05-15,2026-05-15,SS=hns_ss-export-tld.20251226_20260107_translated_20260117.adapted.csv;HSD=hns_bob_tlds.csv,2026-05-15T21:54:27,False
navychief,,,False,,,,,tim4sk,False,active,2026-05-15,2026-05-15,SS=hns_ss-export-tld.20251226_20260107_translated_20260117.adapted.csv;HSD=hns_bob_tlds.csv,2026-05-15T21:54:27,False
navyuniformshop,,,False,,,,,22catchall,False,active,2026-05-15,2026-05-15,SS=hns_ss-export-tld.20251226_20260107_translated_20260117.adapted.csv;HSD=hns_bob_tlds.csv,2026-05-15T21:54:27,False
ndisgov,,,False,,,,,timaxau,False,active,2026-05-15,2026-05-15,SS=hns_ss-export-tld.20251226_20260107_translated_20260117.adapted.csv;HSD=hns_bob_tlds.csv,2026-05-15T21:54:27,False
necrotised,,,False,,,,,22catchall,False,active,2026-05-15,2026-05-15,SS=hns_ss-export-tld.20251226_20260107_translated_20260117.adapted.csv;HSD=hns_bob_tlds.csv,2026-05-15T21:54:27,False
neo-absurdism,,,False,,,,,22catchall,False,active,2026-05-15,2026-05-15,SS=hns_ss-export-tld.20251226_20260107_translated_20260117.adapted.csv;HSD=hns_bob_tlds.csv,2026-05-15T21:54:27,False
neopress,,,False,,,,,22catchall,False,active,2026-05-15,2026-05-15,SS=hns_ss-export-tld.20251226_20260107_translated_20260117.adapted.csv;HSD=hns_bob_tlds.csv,2026-05-15T21:54:27,False
nerrd,,,False,,,,,22catchall,False,active,2026-05-15,2026-05-15,SS=hns_ss-export-tld.20251226_20260107_translated_20260117.adapted.csv;HSD=hns_bob_tlds.csv,2026-05-15T21:54:27,False
netherworlds,,,False,,,,,k1f,False,active,2026-05-15,2026-05-15,SS=hns_ss-export-tld.20251226_20260107_translated_20260117.adapted.csv;HSD=hns_bob_tlds.csv,2026-05-15T21:54:27,False
neutralistic,,,False,,,,,22catchall,False,active,2026-05-15,2026-05-15,SS=hns_ss-export-tld.20251226_20260107_translated_20260117.adapted.csv;HSD=hns_bob_tlds.csv,2026-05-15T21:54:27,False
newfangled,,,False,,,,,22catchall,False,active,2026-05-15,2026-05-15,SS=hns_ss-export-tld.20251226_20260107_translated_20260117.adapted.csv;HSD=hns_bob_tlds.csv,2026-05-15T21:54:27,False
newlivemedias,,,False,,,,,22catchall,False,active,2026-05-15,2026-05-15,SS=hns_ss-export-tld.20251226_20260107_translated_20260117.adapted.csv;HSD=hns_bob_tlds.csv,2026-05-15T21:54:27,False
newlivesmedia,,,False,,,,,22catchall,False,active,2026-05-15,2026-05-15,SS=hns_ss-export-tld.20251226_20260107_translated_20260117.adapted.csv;HSD=hns_bob_tlds.csv,2026-05-15T21:54:27,False
newmediaslive,,,False,,,,,22catchall,False,active,2026-05-15,2026-05-15,SS=hns_ss-export-tld.20251226_20260107_translated_20260117.adapted.csv;HSD=hns_bob_tlds.csv,2026-05-15T21:54:27,False
news24seven,,,False,,,,,22catchall,False,active,2026-05-15,2026-05-15,SS=hns_ss-export-tld.20251226_20260107_translated_20260117.adapted.csv;HSD=hns_bob_tlds.csv,2026-05-15T21:54:27,False
newsau,,,False,,,,,22catchall,False,active,2026-05-15,2026-05-15,SS=hns_ss-export-tld.20251226_20260107_translated_20260117.adapted.csv;HSD=hns_bob_tlds.csv,2026-05-15T21:54:27,False
newscomau,,,False,,,,,22catchall,False,active,2026-05-15,2026-05-15,SS=hns_ss-export-tld.20251226_20260107_translated_20260117.adapted.csv;HSD=hns_bob_tlds.csv,2026-05-15T21:54:27,False
newsight,,,False,,,,,22catchall,False,active,2026-05-15,2026-05-15,SS=hns_ss-export-tld.20251226_20260107_translated_20260117.adapted.csv;HSD=hns_bob_tlds.csv,2026-05-15T21:54:27,False
newslifemedia,,,False,,,,,22catchall,False,active,2026-05-15,2026-05-15,SS=hns_ss-export-tld.20251226_20260107_translated_20260117.adapted.csv;HSD=hns_bob_tlds.csv,2026-05-15T21:54:27,False
newsme,,,False,,,,,tim4sk,False,active,2026-05-15,2026-05-15,SS=hns_ss-export-tld.20251226_20260107_translated_20260117.adapted.csv;HSD=hns_bob_tlds.csv,2026-05-15T21:54:27,False
newsmedialife,,,False,,,,,22catchall,False,active,2026-05-15,2026-05-15,SS=hns_ss-export-tld.20251226_20260107_translated_20260117.adapted.csv;HSD=hns_bob_tlds.csv,2026-05-15T21:54:27,False
newspapersonline,,,False,,,,,22catchall,False,active,2026-05-15,2026-05-15,SS=hns_ss-export-tld.20251226_20260107_translated_20260117.adapted.csv;HSD=hns_bob_tlds.csv,2026-05-15T21:54:27,False
newspec,,,False,,,,,22catchall,False,active,2026-05-15,2026-05-15,SS=hns_ss-export-tld.20251226_20260107_translated_20260117.adapted.csv;HSD=hns_bob_tlds.csv,2026-05-15T21:54:27,False
newsreward,,,False,,,,,tim4sk,False,active,2026-05-15,2026-05-15,SS=hns_ss-export-tld.20251226_20260107_translated_20260117.adapted.csv;HSD=hns_bob_tlds.csv,2026-05-15T21:54:27,False
newstree,,,False,,,,,22catchall,False,active,2026-05-15,2026-05-15,SS=hns_ss-export-tld.20251226_20260107_translated_20260117.adapted.csv;HSD=hns_bob_tlds.csv,2026-05-15T21:54:27,False
nextauthor,,,False,,,,,22catchall,False,active,2026-05-15,2026-05-15,SS=hns_ss-export-tld.20251226_20260107_translated_20260117.adapted.csv;HSD=hns_bob_tlds.csv,2026-05-15T21:54:27,False
nextbeach,,,False,,,,,22catchall,False,active,2026-05-15,2026-05-15,SS=hns_ss-export-tld.20251226_20260107_translated_20260117.adapted.csv;HSD=hns_bob_tlds.csv,2026-05-15T21:54:27,False
nextfest,,,False,,,,,22catchall,False,active,2026-05-15,2026-05-15,SS=hns_ss-export-tld.20251226_20260107_translated_20260117.adapted.csv;HSD=hns_bob_tlds.csv,2026-05-15T21:54:27,False
nextwatch,,,False,,,,,22catchall,False,active,2026-05-15,2026-05-15,SS=hns_ss-export-tld.20251226_20260107_translated_20260117.adapted.csv;HSD=hns_bob_tlds.csv,2026-05-15T21:54:27,False
nexuses,,,False,,,,,22catchall,False,active,2026-05-15,2026-05-15,SS=hns_ss-export-tld.20251226_20260107_translated_20260117.adapted.csv;HSD=hns_bob_tlds.csv,2026-05-15T21:54:27,False
nft-goats,,,False,,,,,22catchall,False,active,2026-05-15,2026-05-15,SS=hns_ss-export-tld.20251226_20260107_translated_20260117.adapted.csv;HSD=hns_bob_tlds.csv,2026-05-15T21:54:27,False
nft3d,,,False,,,,,tim4sk,False,active,2026-05-15,2026-05-15,SS=hns_ss-export-tld.20251226_20260107_translated_20260117.adapted.csv;HSD=hns_bob_tlds.csv,2026-05-15T21:54:27,False
nft4d,,,False,,,,,22catchall,False,active,2026-05-15,2026-05-15,SS=hns_ss-export-tld.20251226_20260107_translated_20260117.adapted.csv;HSD=hns_bob_tlds.csv,2026-05-15T21:54:27,False
nftambassador,,,False,,,,,22catchall,False,active,2026-05-15,2026-05-15,SS=hns_ss-export-tld.20251226_20260107_translated_20260117.adapted.csv;HSD=hns_bob_tlds.csv,2026-05-15T21:54:27,False
nftgoat,,,False,,,,,tim4sk,False,active,2026-05-15,2026-05-15,SS=hns_ss-export-tld.20251226_20260107_translated_20260117.adapted.csv;HSD=hns_bob_tlds.csv,2026-05-15T21:54:27,False
nftgraphy,,,False,,,,,tim4sk,False,active,2026-05-15,2026-05-15,SS=hns_ss-export-tld.20251226_20260107_translated_20260117.adapted.csv;HSD=hns_bob_tlds.csv,2026-05-15T21:54:27,False
nftisle,,,False,,,,,22catchall,False,active,2026-05-15,2026-05-15,SS=hns_ss-export-tld.20251226_20260107_translated_20260117.adapted.csv;HSD=hns_bob_tlds.csv,2026-05-15T21:54:27,False
nftld3w,,,False,,,,,tim4sk,False,active,2026-05-15,2026-05-15,SS=hns_ss-export-tld.20251226_20260107_translated_20260117.adapted.csv;HSD=hns_bob_tlds.csv,2026-05-15T21:54:27,False
nftldedo,,,False,,,,,tim4sk,False,active,2026-05-15,2026-05-15,SS=hns_ss-export-tld.20251226_20260107_translated_20260117.adapted.csv;HSD=hns_bob_tlds.csv,2026-05-15T21:54:27,False
nftldew,,,False,,,,,m1f,False,active,2026-05-15,2026-05-15,SS=hns_ss-export-tld.20251226_20260107_translated_20260117.adapted.csv;HSD=hns_bob_tlds.csv,2026-05-15T21:54:27,False
nftmelbourne,,,False,,,,,22catchall,False,active,2026-05-15,2026-05-15,SS=hns_ss-export-tld.20251226_20260107_translated_20260117.adapted.csv;HSD=hns_bob_tlds.csv,2026-05-15T21:54:27,False
nftphotography,,,False,,,,,tim4sk,False,active,2026-05-15,2026-05-15,SS=hns_ss-export-tld.20251226_20260107_translated_20260117.adapted.csv;HSD=hns_bob_tlds.csv,2026-05-15T21:54:27,False
nftphotos,,,False,,,,,tim4sk,False,active,2026-05-15,2026-05-15,SS=hns_ss-export-tld.20251226_20260107_translated_20260117.adapted.csv;HSD=hns_bob_tlds.csv,2026-05-15T21:54:27,False
nftreef,,,False,,,,,22catchall,False,active,2026-05-15,2026-05-15,SS=hns_ss-export-tld.20251226_20260107_translated_20260117.adapted.csv;HSD=hns_bob_tlds.csv,2026-05-15T21:54:27,False
nftw3b,,,False,,,,,tim4sk,False,active,2026-05-15,2026-05-15,SS=hns_ss-export-tld.20251226_20260107_translated_20260117.adapted.csv;HSD=hns_bob_tlds.csv,2026-05-15T21:54:27,False
ngnx,,,False,,,,,tim4sk,False,active,2026-05-15,2026-05-15,SS=hns_ss-export-tld.20251226_20260107_translated_20260117.adapted.csv;HSD=hns_bob_tlds.csv,2026-05-15T21:54:27,False
niceblunt,,,False,,,,,22catchall,False,active,2026-05-15,2026-05-15,SS=hns_ss-export-tld.20251226_20260107_translated_20260117.adapted.csv;HSD=hns_bob_tlds.csv,2026-05-15T21:54:27,False
niceweed,,,False,,,,,22catchall,False,active,2026-05-15,2026-05-15,SS=hns_ss-export-tld.20251226_20260107_translated_20260117.adapted.csv;HSD=hns_bob_tlds.csv,2026-05-15T21:54:27,False
nifelheim,,,False,,,,,timaxau,False,active,2026-05-15,2026-05-15,SS=hns_ss-export-tld.20251226_20260107_translated_20260117.adapted.csv;HSD=hns_bob_tlds.csv,2026-05-15T21:54:27,False
nig-fag,,,False,,,,,tim4sk,False,active,2026-05-15,2026-05-15,SS=hns_ss-export-tld.20251226_20260107_translated_20260117.adapted.csv;HSD=hns_bob_tlds.csv,2026-05-15T21:54:27,False
nigfag,,,False,,,,,tim4sk,False,active,2026-05-15,2026-05-15,SS=hns_ss-export-tld.20251226_20260107_translated_20260117.adapted.csv;HSD=hns_bob_tlds.csv,2026-05-15T21:54:27,False
niggerfag,,,False,,,,,tim4sk,False,active,2026-05-15,2026-05-15,SS=hns_ss-export-tld.20251226_20260107_translated_20260117.adapted.csv;HSD=hns_bob_tlds.csv,2026-05-15T21:54:27,False
niggerniggernigger,,,False,,,,,tim4sk,False,active,2026-05-15,2026-05-15,SS=hns_ss-export-tld.20251226_20260107_translated_20260117.adapted.csv;HSD=hns_bob_tlds.csv,2026-05-15T21:54:27,False
nightpics,,,False,,,,,22catchall,False,active,2026-05-15,2026-05-15,SS=hns_ss-export-tld.20251226_20260107_translated_20260117.adapted.csv;HSD=hns_bob_tlds.csv,2026-05-15T21:54:27,False
nihilianistic,,,False,,,,,22catchall,False,active,2026-05-15,2026-05-15,SS=hns_ss-export-tld.20251226_20260107_translated_20260117.adapted.csv;HSD=hns_bob_tlds.csv,2026-05-15T21:54:27,False
nihilify,,,False,,,,,22catchall,False,active,2026-05-15,2026-05-15,SS=hns_ss-export-tld.20251226_20260107_translated_20260117.adapted.csv;HSD=hns_bob_tlds.csv,2026-05-15T21:54:27,False
nimbleship,,,False,,,,,22catchall,False,active,2026-05-15,2026-05-15,SS=hns_ss-export-tld.20251226_20260107_translated_20260117.adapted.csv;HSD=hns_bob_tlds.csv,2026-05-15T21:54:27,False
ninjathug,,,False,,,,,tim4sk,False,active,2026-05-15,2026-05-15,SS=hns_ss-export-tld.20251226_20260107_translated_20260117.adapted.csv;HSD=hns_bob_tlds.csv,2026-05-15T21:54:27,False
nofoto,,,False,,,,,tim4sk,False,active,2026-05-15,2026-05-15,SS=hns_ss-export-tld.20251226_20260107_translated_20260117.adapted.csv;HSD=hns_bob_tlds.csv,2026-05-15T21:54:27,False
nolang,,,False,,,,,22catchall,False,active,2026-05-15,2026-05-15,SS=hns_ss-export-tld.20251226_20260107_translated_20260117.adapted.csv;HSD=hns_bob_tlds.csv,2026-05-15T21:54:27,False
noncoherent,,,False,,,,,k1f,False,active,2026-05-15,2026-05-15,SS=hns_ss-export-tld.20251226_20260107_translated_20260117.adapted.csv;HSD=hns_bob_tlds.csv,2026-05-15T21:54:27,False
nonewnews,,,False,,,,,22catchall,False,active,2026-05-15,2026-05-15,SS=hns_ss-export-tld.20251226_20260107_translated_20260117.adapted.csv;HSD=hns_bob_tlds.csv,2026-05-15T21:54:27,False
nonsatire,,,False,,,,,22catchall,False,active,2026-05-15,2026-05-15,SS=hns_ss-export-tld.20251226_20260107_translated_20260117.adapted.csv;HSD=hns_bob_tlds.csv,2026-05-15T21:54:27,False
norfolkislandnft,,,False,,,,,timaxau,False,active,2026-05-15,2026-05-15,SS=hns_ss-export-tld.20251226_20260107_translated_20260117.adapted.csv;HSD=hns_bob_tlds.csv,2026-05-15T21:54:27,False
noscam,,,False,,,,,22catchall,False,active,2026-05-15,2026-05-15,SS=hns_ss-export-tld.20251226_20260107_translated_20260117.adapted.csv;HSD=hns_bob_tlds.csv,2026-05-15T21:54:27,False
notmove,,,False,,,,,22catchall,False,active,2026-05-15,2026-05-15,SS=hns_ss-export-tld.20251226_20260107_translated_20260117.adapted.csv;HSD=hns_bob_tlds.csv,2026-05-15T21:54:27,False
november08,,,False,,,,,m1f,False,active,2026-05-15,2026-05-15,SS=hns_ss-export-tld.20251226_20260107_translated_20260117.adapted.csv;HSD=hns_bob_tlds.csv,2026-05-15T21:54:27,False
november09,,,False,,,,,r1f,False,active,2026-05-15,2026-05-15,SS=hns_ss-export-tld.20251226_20260107_translated_20260117.adapted.csv;HSD=hns_bob_tlds.csv,2026-05-15T21:54:27,False
nqdao,,,False,,,,,timaxau,False,active,2026-05-15,2026-05-15,SS=hns_ss-export-tld.20251226_20260107_translated_20260117.adapted.csv;HSD=hns_bob_tlds.csv,2026-05-15T21:54:27,False
nremsleep,,,False,,,,,22catchall,False,active,2026-05-15,2026-05-15,SS=hns_ss-export-tld.20251226_20260107_translated_20260117.adapted.csv;HSD=hns_bob_tlds.csv,2026-05-15T21:54:27,False
nswfarmers,,,False,,,,,timaxau,False,active,2026-05-15,2026-05-15,SS=hns_ss-export-tld.20251226_20260107_translated_20260117.adapted.csv;HSD=hns_bob_tlds.csv,2026-05-15T21:54:27,False
nswgov,,,False,,,,,timaxau,False,active,2026-05-15,2026-05-15,SS=hns_ss-export-tld.20251226_20260107_translated_20260117.adapted.csv;HSD=hns_bob_tlds.csv,2026-05-15T21:54:27,False
nswgovau,,,False,,,,,timaxau,False,active,2026-05-15,2026-05-15,SS=hns_ss-export-tld.20251226_20260107_translated_20260117.adapted.csv;HSD=hns_bob_tlds.csv,2026-05-15T21:54:27,False
ntgov,,,False,,,,,timaxau,False,active,2026-05-15,2026-05-15,SS=hns_ss-export-tld.20251226_20260107_translated_20260117.adapted.csv;HSD=hns_bob_tlds.csv,2026-05-15T21:54:27,False
ntgovau,,,False,,,,,tim4sk,False,active,2026-05-15,2026-05-15,SS=hns_ss-export-tld.20251226_20260107_translated_20260117.adapted.csv;HSD=hns_bob_tlds.csv,2026-05-15T21:54:27,False
numbxrz,,,False,,,,,22catchall,False,active,2026-05-15,2026-05-15,SS=hns_ss-export-tld.20251226_20260107_translated_20260117.adapted.csv;HSD=hns_bob_tlds.csv,2026-05-15T21:54:27,False
numeronym,,,False,,,,,tim4sk,False,active,2026-05-15,2026-05-15,SS=hns_ss-export-tld.20251226_20260107_translated_20260117.adapted.csv;HSD=hns_bob_tlds.csv,2026-05-15T21:54:27,False
nurseship,,,False,,,,,22catchall,False,active,2026-05-15,2026-05-15,SS=hns_ss-export-tld.20251226_20260107_translated_20260117.adapted.csv;HSD=hns_bob_tlds.csv,2026-05-15T21:54:27,False
nutextractor,,,False,,,,,22catchall,False,active,2026-05-15,2026-05-15,SS=hns_ss-export-tld.20251226_20260107_translated_20260117.adapted.csv;HSD=hns_bob_tlds.csv,2026-05-15T21:54:27,False
nvpc,,,False,,,,,22catchall,False,active,2026-05-15,2026-05-15,SS=hns_ss-export-tld.20251226_20260107_translated_20260117.adapted.csv;HSD=hns_bob_tlds.csv,2026-05-15T21:54:27,False
nyctrade,,,False,,,,,22catchall,False,active,2026-05-15,2026-05-15,SS=hns_ss-export-tld.20251226_20260107_translated_20260117.adapted.csv;HSD=hns_bob_tlds.csv,2026-05-15T21:54:27,False
nzdefi,,,False,,,,,22catchall,False,active,2026-05-15,2026-05-15,SS=hns_ss-export-tld.20251226_20260107_translated_20260117.adapted.csv;HSD=hns_bob_tlds.csv,2026-05-15T21:54:27,False
nznznz,,,False,,,,,22catchall,False,active,2026-05-15,2026-05-15,SS=hns_ss-export-tld.20251226_20260107_translated_20260117.adapted.csv;HSD=hns_bob_tlds.csv,2026-05-15T21:54:27,False
nzrd,,,False,,,,,22catchall,False,active,2026-05-15,2026-05-15,SS=hns_ss-export-tld.20251226_20260107_translated_20260117.adapted.csv;HSD=hns_bob_tlds.csv,2026-05-15T21:54:27,False
o414o,,,False,,,,,22catchall,False,active,2026-05-15,2026-05-15,SS=hns_ss-export-tld.20251226_20260107_translated_20260117.adapted.csv;HSD=hns_bob_tlds.csv,2026-05-15T21:54:27,False
oasiscoral,,,False,,,,,22catchall,False,active,2026-05-15,2026-05-15,SS=hns_ss-export-tld.20251226_20260107_translated_20260117.adapted.csv;HSD=hns_bob_tlds.csv,2026-05-15T21:54:27,False
oasisstay,,,False,,,,,22catchall,False,active,2026-05-15,2026-05-15,SS=hns_ss-export-tld.20251226_20260107_translated_20260117.adapted.csv;HSD=hns_bob_tlds.csv,2026-05-15T21:54:27,False
obstructionistic,,,False,,,,,22catchall,False,active,2026-05-15,2026-05-15,SS=hns_ss-export-tld.20251226_20260107_translated_20260117.adapted.csv;HSD=hns_bob_tlds.csv,2026-05-15T21:54:27,False
occultaste,,,False,,,,,22catchall,False,active,2026-05-15,2026-05-15,SS=hns_ss-export-tld.20251226_20260107_translated_20260117.adapted.csv;HSD=hns_bob_tlds.csv,2026-05-15T21:54:27,False
oceanbot,,,False,,,,,22catchall,False,active,2026-05-15,2026-05-15,SS=hns_ss-export-tld.20251226_20260107_translated_20260117.adapted.csv;HSD=hns_bob_tlds.csv,2026-05-15T21:54:27,False
oceanfoundation,,,False,,,,,22catchall,False,active,2026-05-15,2026-05-15,SS=hns_ss-export-tld.20251226_20260107_translated_20260117.adapted.csv;HSD=hns_bob_tlds.csv,2026-05-15T21:54:27,False
oceaninspiredspa,,,False,,,,,h2o,False,active,2026-05-15,2026-05-15,SS=hns_ss-export-tld.20251226_20260107_translated_20260117.adapted.csv;HSD=hns_bob_tlds.csv,2026-05-15T21:54:27,False
oceaninvest,,,False,,,,,22catchall,False,active,2026-05-15,2026-05-15,SS=hns_ss-export-tld.20251226_20260107_translated_20260117.adapted.csv;HSD=hns_bob_tlds.csv,2026-05-15T21:54:27,False
oceanlogistic,,,False,,,,,22catchall,False,active,2026-05-15,2026-05-15,SS=hns_ss-export-tld.20251226_20260107_translated_20260117.adapted.csv;HSD=hns_bob_tlds.csv,2026-05-15T21:54:27,False
oceanpoetry,,,False,,,,,h2o,False,active,2026-05-15,2026-05-15,SS=hns_ss-export-tld.20251226_20260107_translated_20260117.adapted.csv;HSD=hns_bob_tlds.csv,2026-05-15T21:54:27,False
oceansync,,,False,,,,,h2o,False,active,2026-05-15,2026-05-15,SS=hns_ss-export-tld.20251226_20260107_translated_20260117.adapted.csv;HSD=hns_bob_tlds.csv,2026-05-15T21:54:27,False
ofenegg,,,False,,,,,22catchall,False,active,2026-05-15,2026-05-15,SS=hns_ss-export-tld.20251226_20260107_translated_20260117.adapted.csv;HSD=hns_bob_tlds.csv,2026-05-15T21:54:27,False
offenegg,,,False,,,,,22catchall,False,active,2026-05-15,2026-05-15,SS=hns_ss-export-tld.20251226_20260107_translated_20260117.adapted.csv;HSD=hns_bob_tlds.csv,2026-05-15T21:54:27,False
offersalt,,,False,,,,,22catchall,False,active,2026-05-15,2026-05-15,SS=hns_ss-export-tld.20251226_20260107_translated_20260117.adapted.csv;HSD=hns_bob_tlds.csv,2026-05-15T21:54:27,False
officerondeck,,,False,,,,,tim4sk,False,active,2026-05-15,2026-05-15,SS=hns_ss-export-tld.20251226_20260107_translated_20260117.adapted.csv;HSD=hns_bob_tlds.csv,2026-05-15T21:54:27,False
ofmydreams,,,False,,,,,22catchall,False,active,2026-05-15,2026-05-15,SS=hns_ss-export-tld.20251226_20260107_translated_20260117.adapted.csv;HSD=hns_bob_tlds.csv,2026-05-15T21:54:27,False
ofnames,,,False,,,,,22catchall,False,active,2026-05-15,2026-05-15,SS=hns_ss-export-tld.20251226_20260107_translated_20260117.adapted.csv;HSD=hns_bob_tlds.csv,2026-05-15T21:54:27,False
oftering,,,False,,,,,22catchall,False,active,2026-05-15,2026-05-15,SS=hns_ss-export-tld.20251226_20260107_translated_20260117.adapted.csv;HSD=hns_bob_tlds.csv,2026-05-15T21:54:27,False
oggau,,,False,,,,,timaxau,False,active,2026-05-15,2026-05-15,SS=hns_ss-export-tld.20251226_20260107_translated_20260117.adapted.csv;HSD=hns_bob_tlds.csv,2026-05-15T21:54:27,False
ok13,,,False,,,,,22catchall,False,active,2026-05-15,2026-05-15,SS=hns_ss-export-tld.20251226_20260107_translated_20260117.adapted.csv;HSD=hns_bob_tlds.csv,2026-05-15T21:54:27,False
ok21,,,False,,,,,22catchall,False,active,2026-05-15,2026-05-15,SS=hns_ss-export-tld.20251226_20260107_translated_20260117.adapted.csv;HSD=hns_bob_tlds.csv,2026-05-15T21:54:27,False
oldcute,,,False,,,,,tim4sk,False,active,2026-05-15,2026-05-15,SS=hns_ss-export-tld.20251226_20260107_translated_20260117.adapted.csv;HSD=hns_bob_tlds.csv,2026-05-15T21:54:27,False
oldswag,,,False,,,,,22catchall,False,active,2026-05-15,2026-05-15,SS=hns_ss-export-tld.20251226_20260107_translated_20260117.adapted.csv;HSD=hns_bob_tlds.csv,2026-05-15T21:54:27,False
olling,,,False,,,,,22catchall,False,active,2026-05-15,2026-05-15,SS=hns_ss-export-tld.20251226_20260107_translated_20260117.adapted.csv;HSD=hns_bob_tlds.csv,2026-05-15T21:54:27,False
oneirology,,,False,,,,,22catchall,False,active,2026-05-15,2026-05-15,SS=hns_ss-export-tld.20251226_20260107_translated_20260117.adapted.csv;HSD=hns_bob_tlds.csv,2026-05-15T21:54:27,False
onlymarine,,,False,,,,,tim4sk,False,active,2026-05-15,2026-05-15,SS=hns_ss-export-tld.20251226_20260107_translated_20260117.adapted.csv;HSD=hns_bob_tlds.csv,2026-05-15T21:54:27,False
onlyonetime,,,False,,,,,22catchall,False,active,2026-05-15,2026-05-15,SS=hns_ss-export-tld.20251226_20260107_translated_20260117.adapted.csv;HSD=hns_bob_tlds.csv,2026-05-15T21:54:27,False
ontheqt,,,False,,,,,22catchall,False,active,2026-05-15,2026-05-15,SS=hns_ss-export-tld.20251226_20260107_translated_20260117.adapted.csv;HSD=hns_bob_tlds.csv,2026-05-15T21:54:27,False
oolongteas,,,False,,,,,12tea,False,active,2026-05-15,2026-05-15,SS=hns_ss-export-tld.20251226_20260107_translated_20260117.adapted.csv;HSD=hns_bob_tlds.csv,2026-05-15T21:54:27,False
opencargo,,,False,,,,,22catchall,False,active,2026-05-15,2026-05-15,SS=hns_ss-export-tld.20251226_20260107_translated_20260117.adapted.csv;HSD=hns_bob_tlds.csv,2026-05-15T21:54:27,False
openfish,,,False,,,,,22catchall,False,active,2026-05-15,2026-05-15,SS=hns_ss-export-tld.20251226_20260107_translated_20260117.adapted.csv;HSD=hns_bob_tlds.csv,2026-05-15T21:54:27,False
openloans,,,False,,,,,tim4sk,False,active,2026-05-15,2026-05-15,SS=hns_ss-export-tld.20251226_20260107_translated_20260117.adapted.csv;HSD=hns_bob_tlds.csv,2026-05-15T21:54:27,False
openseafisher,,,False,,,,,22catchall,False,active,2026-05-15,2026-05-15,SS=hns_ss-export-tld.20251226_20260107_translated_20260117.adapted.csv;HSD=hns_bob_tlds.csv,2026-05-15T21:54:27,False
openxxxsea,,,False,,,,,22catchall,False,active,2026-05-15,2026-05-15,SS=hns_ss-export-tld.20251226_20260107_translated_20260117.adapted.csv;HSD=hns_bob_tlds.csv,2026-05-15T21:54:27,False
opponitz,,,False,,,,,22catchall,False,active,2026-05-15,2026-05-15,SS=hns_ss-export-tld.20251226_20260107_translated_20260117.adapted.csv;HSD=hns_bob_tlds.csv,2026-05-15T21:54:27,False
opusculum,,,False,,,,,22catchall,False,active,2026-05-15,2026-05-15,SS=hns_ss-export-tld.20251226_20260107_translated_20260117.adapted.csv;HSD=hns_bob_tlds.csv,2026-05-15T21:54:27,False
orbitys,,,False,,,,,h4ndsh4k,False,active,2026-05-15,2026-05-15,SS=hns_ss-export-tld.20251226_20260107_translated_20260117.adapted.csv;HSD=hns_bob_tlds.csv,2026-05-15T21:54:27,False
oreol,,,False,,,,,22catchall,False,active,2026-05-15,2026-05-15,SS=hns_ss-export-tld.20251226_20260107_translated_20260117.adapted.csv;HSD=hns_bob_tlds.csv,2026-05-15T21:54:27,False
orhts,,,False,,,,,tim4sk,False,active,2026-05-15,2026-05-15,SS=hns_ss-export-tld.20251226_20260107_translated_20260117.adapted.csv;HSD=hns_bob_tlds.csv,2026-05-15T21:54:27,False
orhtz,,,False,,,,,tim4sk,False,active,2026-05-15,2026-05-15,SS=hns_ss-export-tld.20251226_20260107_translated_20260117.adapted.csv;HSD=hns_bob_tlds.csv,2026-05-15T21:54:27,False
orhtzt,,,False,,,,,tim4sk,False,active,2026-05-15,2026-05-15,SS=hns_ss-export-tld.20251226_20260107_translated_20260117.adapted.csv;HSD=hns_bob_tlds.csv,2026-05-15T21:54:27,False
orses,,,False,,,,,tim4sk,False,active,2026-05-15,2026-05-15,SS=hns_ss-export-tld.20251226_20260107_translated_20260117.adapted.csv;HSD=hns_bob_tlds.csv,2026-05-15T21:54:27,False
orstht,,,False,,,,,tim4sk,False,active,2026-05-15,2026-05-15,SS=hns_ss-export-tld.20251226_20260107_translated_20260117.adapted.csv;HSD=hns_bob_tlds.csv,2026-05-15T21:54:27,False
orstts,,,False,,,,,tim4sk,False,active,2026-05-15,2026-05-15,SS=hns_ss-export-tld.20251226_20260107_translated_20260117.adapted.csv;HSD=hns_bob_tlds.csv,2026-05-15T21:54:27,False
orthtx,,,False,,,,,tim4sk,False,active,2026-05-15,2026-05-15,SS=hns_ss-export-tld.20251226_20260107_translated_20260117.adapted.csv;HSD=hns_bob_tlds.csv,2026-05-15T21:54:27,False
orthx,,,False,5L,,,,22catchall,False,active,2026-05-15,2026-05-15,SS=hns_ss-export-tld.20251226_20260107_translated_20260117.adapted.csv;HSD=hns_bob_tlds.csv,2026-05-15T21:54:27,False
orxtht,,,False,,,,,tim4sk,False,active,2026-05-15,2026-05-15,SS=hns_ss-export-tld.20251226_20260107_translated_20260117.adapted.csv;HSD=hns_bob_tlds.csv,2026-05-15T21:54:27,False
orztht,,,False,,,,,tim4sk,False,active,2026-05-15,2026-05-15,SS=hns_ss-export-tld.20251226_20260107_translated_20260117.adapted.csv;HSD=hns_bob_tlds.csv,2026-05-15T21:54:27,False
osaur,,,False,,,,,r1f,False,active,2026-05-15,2026-05-15,SS=hns_ss-export-tld.20251226_20260107_translated_20260117.adapted.csv;HSD=hns_bob_tlds.csv,2026-05-15T21:54:27,False
oscah,,,False,,,,,22catchall,False,active,2026-05-15,2026-05-15,SS=hns_ss-export-tld.20251226_20260107_translated_20260117.adapted.csv;HSD=hns_bob_tlds.csv,2026-05-15T21:54:27,False
osmoses,,,False,,,,,22catchall,False,active,2026-05-15,2026-05-15,SS=hns_ss-export-tld.20251226_20260107_translated_20260117.adapted.csv;HSD=hns_bob_tlds.csv,2026-05-15T21:54:27,False
ossarium,,,False,,,,,k1f,False,active,2026-05-15,2026-05-15,SS=hns_ss-export-tld.20251226_20260107_translated_20260117.adapted.csv;HSD=hns_bob_tlds.csv,2026-05-15T21:54:27,False
ossuarium,,,False,,,,,timaxau,False,active,2026-05-15,2026-05-15,SS=hns_ss-export-tld.20251226_20260107_translated_20260117.adapted.csv;HSD=hns_bob_tlds.csv,2026-05-15T21:54:27,False
otahrz,,,False,,,,,tim4sk,False,active,2026-05-15,2026-05-15,SS=hns_ss-export-tld.20251226_20260107_translated_20260117.adapted.csv;HSD=hns_bob_tlds.csv,2026-05-15T21:54:27,False
othrs,,,False,,,,,tim4sk,False,active,2026-05-15,2026-05-15,SS=hns_ss-export-tld.20251226_20260107_translated_20260117.adapted.csv;HSD=hns_bob_tlds.csv,2026-05-15T21:54:27,False
othrx,,,False,,,,,tim4sk,False,active,2026-05-15,2026-05-15,SS=hns_ss-export-tld.20251226_20260107_translated_20260117.adapted.csv;HSD=hns_bob_tlds.csv,2026-05-15T21:54:27,False
othrxt,,,False,,,,,tim4sk,False,active,2026-05-15,2026-05-15,SS=hns_ss-export-tld.20251226_20260107_translated_20260117.adapted.csv;HSD=hns_bob_tlds.csv,2026-05-15T21:54:27,False
othrz,,,False,,,,,tim4sk,False,active,2026-05-15,2026-05-15,SS=hns_ss-export-tld.20251226_20260107_translated_20260117.adapted.csv;HSD=hns_bob_tlds.csv,2026-05-15T21:54:27,False
othrzt,,,False,,,,,tim4sk,False,active,2026-05-15,2026-05-15,SS=hns_ss-export-tld.20251226_20260107_translated_20260117.adapted.csv;HSD=hns_bob_tlds.csv,2026-05-15T21:54:27,False
otrhxt,,,False,,,,,tim4sk,False,active,2026-05-15,2026-05-15,SS=hns_ss-export-tld.20251226_20260107_translated_20260117.adapted.csv;HSD=hns_bob_tlds.csv,2026-05-15T21:54:27,False
otrhzt,,,False,,,,,tim4sk,False,active,2026-05-15,2026-05-15,SS=hns_ss-export-tld.20251226_20260107_translated_20260117.adapted.csv;HSD=hns_bob_tlds.csv,2026-05-15T21:54:27,False
otshrt,,,False,,,,,tim4sk,False,active,2026-05-15,2026-05-15,SS=hns_ss-export-tld.20251226_20260107_translated_20260117.adapted.csv;HSD=hns_bob_tlds.csv,2026-05-15T21:54:27,False
otsrht,,,False,,,,,tim4sk,False,active,2026-05-15,2026-05-15,SS=hns_ss-export-tld.20251226_20260107_translated_20260117.adapted.csv;HSD=hns_bob_tlds.csv,2026-05-15T21:54:27,False
otsthr,,,False,,,,,tim4sk,False,active,2026-05-15,2026-05-15,SS=hns_ss-export-tld.20251226_20260107_translated_20260117.adapted.csv;HSD=hns_bob_tlds.csv,2026-05-15T21:54:27,False
otstrh,,,False,,,,,tim4sk,False,active,2026-05-15,2026-05-15,SS=hns_ss-export-tld.20251226_20260107_translated_20260117.adapted.csv;HSD=hns_bob_tlds.csv,2026-05-15T21:54:27,False
otxrht,,,False,,,,,tim4sk,False,active,2026-05-15,2026-05-15,SS=hns_ss-export-tld.20251226_20260107_translated_20260117.adapted.csv;HSD=hns_bob_tlds.csv,2026-05-15T21:54:27,False
otxrth,,,False,,,,,tim4sk,False,active,2026-05-15,2026-05-15,SS=hns_ss-export-tld.20251226_20260107_translated_20260117.adapted.csv;HSD=hns_bob_tlds.csv,2026-05-15T21:54:27,False
otxthr,,,False,,,,,tim4sk,False,active,2026-05-15,2026-05-15,SS=hns_ss-export-tld.20251226_20260107_translated_20260117.adapted.csv;HSD=hns_bob_tlds.csv,2026-05-15T21:54:27,False
otzhrt,,,False,,,,,tim4sk,False,active,2026-05-15,2026-05-15,SS=hns_ss-export-tld.20251226_20260107_translated_20260117.adapted.csv;HSD=hns_bob_tlds.csv,2026-05-15T21:54:27,False
otzhtr,,,False,,,,,tim4sk,False,active,2026-05-15,2026-05-15,SS=hns_ss-export-tld.20251226_20260107_translated_20260117.adapted.csv;HSD=hns_bob_tlds.csv,2026-05-15T21:54:27,False
otzrht,,,False,,,,,tim4sk,False,active,2026-05-15,2026-05-15,SS=hns_ss-export-tld.20251226_20260107_translated_20260117.adapted.csv;HSD=hns_bob_tlds.csv,2026-05-15T21:54:27,False
otzrth,,,False,,,,,tim4sk,False,active,2026-05-15,2026-05-15,SS=hns_ss-export-tld.20251226_20260107_translated_20260117.adapted.csv;HSD=hns_bob_tlds.csv,2026-05-15T21:54:27,False
otzthr,,,False,,,,,tim4sk,False,active,2026-05-15,2026-05-15,SS=hns_ss-export-tld.20251226_20260107_translated_20260117.adapted.csv;HSD=hns_bob_tlds.csv,2026-05-15T21:54:27,False
otztrh,,,False,,,,,tim4sk,False,active,2026-05-15,2026-05-15,SS=hns_ss-export-tld.20251226_20260107_translated_20260117.adapted.csv;HSD=hns_bob_tlds.csv,2026-05-15T21:54:27,False
oudini,,,False,,,,,22catchall,False,active,2026-05-15,2026-05-15,SS=hns_ss-export-tld.20251226_20260107_translated_20260117.adapted.csv;HSD=hns_bob_tlds.csv,2026-05-15T21:54:27,False
outcomeocean,,,False,,,,,22catchall,False,active,2026-05-15,2026-05-15,SS=hns_ss-export-tld.20251226_20260107_translated_20260117.adapted.csv;HSD=hns_bob_tlds.csv,2026-05-15T21:54:27,False
outdared,,,False,,,,,22catchall,False,active,2026-05-15,2026-05-15,SS=hns_ss-export-tld.20251226_20260107_translated_20260117.adapted.csv;HSD=hns_bob_tlds.csv,2026-05-15T21:54:27,False
outhouses,,,False,,,,,22catchall,False,active,2026-05-15,2026-05-15,SS=hns_ss-export-tld.20251226_20260107_translated_20260117.adapted.csv;HSD=hns_bob_tlds.csv,2026-05-15T21:54:27,False
overdare,,,False,,,,,22catchall,False,active,2026-05-15,2026-05-15,SS=hns_ss-export-tld.20251226_20260107_translated_20260117.adapted.csv;HSD=hns_bob_tlds.csv,2026-05-15T21:54:27,False
overwet,,,False,,,,,22catchall,False,active,2026-05-15,2026-05-15,SS=hns_ss-export-tld.20251226_20260107_translated_20260117.adapted.csv;HSD=hns_bob_tlds.csv,2026-05-15T21:54:27,False
owaz,,,False,,,,,22catchall,False,active,2026-05-15,2026-05-15,SS=hns_ss-export-tld.20251226_20260107_translated_20260117.adapted.csv;HSD=hns_bob_tlds.csv,2026-05-15T21:54:27,False
ownblockchain,,,False,,,,,tim4sk,False,active,2026-05-15,2026-05-15,SS=hns_ss-export-tld.20251226_20260107_translated_20260117.adapted.csv;HSD=hns_bob_tlds.csv,2026-05-15T21:54:27,False
ownhomes,,,False,,,,,22catchall,False,active,2026-05-15,2026-05-15,SS=hns_ss-export-tld.20251226_20260107_translated_20260117.adapted.csv;HSD=hns_bob_tlds.csv,2026-05-15T21:54:27,False
oxozone,,,False,,,,,22catchall,False,active,2026-05-15,2026-05-15,SS=hns_ss-export-tld.20251226_20260107_translated_20260117.adapted.csv;HSD=hns_bob_tlds.csv,2026-05-15T21:54:27,False
oz00,,,False,,,,,timaxau,False,active,2026-05-15,2026-05-15,SS=hns_ss-export-tld.20251226_20260107_translated_20260117.adapted.csv;HSD=hns_bob_tlds.csv,2026-05-15T21:54:27,False
oz01,,,False,,,,,timaxau,False,active,2026-05-15,2026-05-15,SS=hns_ss-export-tld.20251226_20260107_translated_20260117.adapted.csv;HSD=hns_bob_tlds.csv,2026-05-15T21:54:27,False
oz02,,,False,,,,,timaxau,False,active,2026-05-15,2026-05-15,SS=hns_ss-export-tld.20251226_20260107_translated_20260117.adapted.csv;HSD=hns_bob_tlds.csv,2026-05-15T21:54:27,False
oz03,,,False,,,,,timaxau,False,active,2026-05-15,2026-05-15,SS=hns_ss-export-tld.20251226_20260107_translated_20260117.adapted.csv;HSD=hns_bob_tlds.csv,2026-05-15T21:54:27,False
oz04,,,False,,,,,timaxau,False,active,2026-05-15,2026-05-15,SS=hns_ss-export-tld.20251226_20260107_translated_20260117.adapted.csv;HSD=hns_bob_tlds.csv,2026-05-15T21:54:27,False
oz05,,,False,,,,,timaxau,False,active,2026-05-15,2026-05-15,SS=hns_ss-export-tld.20251226_20260107_translated_20260117.adapted.csv;HSD=hns_bob_tlds.csv,2026-05-15T21:54:27,False
oz06,,,False,,,,,timaxau,False,active,2026-05-15,2026-05-15,SS=hns_ss-export-tld.20251226_20260107_translated_20260117.adapted.csv;HSD=hns_bob_tlds.csv,2026-05-15T21:54:27,False
oz08,,,False,,,,,timaxau,False,active,2026-05-15,2026-05-15,SS=hns_ss-export-tld.20251226_20260107_translated_20260117.adapted.csv;HSD=hns_bob_tlds.csv,2026-05-15T21:54:27,False
oz09,,,False,,,,,timaxau,False,active,2026-05-15,2026-05-15,SS=hns_ss-export-tld.20251226_20260107_translated_20260117.adapted.csv;HSD=hns_bob_tlds.csv,2026-05-15T21:54:27,False
oz10,,,False,,,,,timaxau,False,active,2026-05-15,2026-05-15,SS=hns_ss-export-tld.20251226_20260107_translated_20260117.adapted.csv;HSD=hns_bob_tlds.csv,2026-05-15T21:54:27,False
oz13,,,False,,,,,timaxau,False,active,2026-05-15,2026-05-15,SS=hns_ss-export-tld.20251226_20260107_translated_20260117.adapted.csv;HSD=hns_bob_tlds.csv,2026-05-15T21:54:27,False
oz17,,,False,,,,,timaxau,False,active,2026-05-15,2026-05-15,SS=hns_ss-export-tld.20251226_20260107_translated_20260117.adapted.csv;HSD=hns_bob_tlds.csv,2026-05-15T21:54:27,False
oz18,,,False,,,,,timaxau,False,active,2026-05-15,2026-05-15,SS=hns_ss-export-tld.20251226_20260107_translated_20260117.adapted.csv;HSD=hns_bob_tlds.csv,2026-05-15T21:54:27,False
oz19,,,False,,,,,timaxau,False,active,2026-05-15,2026-05-15,SS=hns_ss-export-tld.20251226_20260107_translated_20260117.adapted.csv;HSD=hns_bob_tlds.csv,2026-05-15T21:54:27,False
oz21,,,False,,,,,timaxau,False,active,2026-05-15,2026-05-15,SS=hns_ss-export-tld.20251226_20260107_translated_20260117.adapted.csv;HSD=hns_bob_tlds.csv,2026-05-15T21:54:27,False
oz69,,,False,,,,,timaxau,False,active,2026-05-15,2026-05-15,SS=hns_ss-export-tld.20251226_20260107_translated_20260117.adapted.csv;HSD=hns_bob_tlds.csv,2026-05-15T21:54:27,False
oz71,,,False,,,,,timaxau,False,active,2026-05-15,2026-05-15,SS=hns_ss-export-tld.20251226_20260107_translated_20260117.adapted.csv;HSD=hns_bob_tlds.csv,2026-05-15T21:54:27,False
oz73,,,False,,,,,timaxau,False,active,2026-05-15,2026-05-15,SS=hns_ss-export-tld.20251226_20260107_translated_20260117.adapted.csv;HSD=hns_bob_tlds.csv,2026-05-15T21:54:27,False
oz88,,,False,,,,,timaxau,False,active,2026-05-15,2026-05-15,SS=hns_ss-export-tld.20251226_20260107_translated_20260117.adapted.csv;HSD=hns_bob_tlds.csv,2026-05-15T21:54:27,False
ozcorp,,,False,,,,,tim4sk,False,active,2026-05-15,2026-05-15,SS=hns_ss-export-tld.20251226_20260107_translated_20260117.adapted.csv;HSD=hns_bob_tlds.csv,2026-05-15T21:54:27,False
ozers,,,False,,,,,timaxau,False,active,2026-05-15,2026-05-15,SS=hns_ss-export-tld.20251226_20260107_translated_20260117.adapted.csv;HSD=hns_bob_tlds.csv,2026-05-15T21:54:27,False
ozlaw,,,False,,,,,hnsaucommunal,False,active,2026-05-15,2026-05-15,SS=hns_ss-export-tld.20251226_20260107_translated_20260117.adapted.csv;HSD=hns_bob_tlds.csv,2026-05-15T21:54:27,False
ozmeta,,,False,,,,,22catchall,False,active,2026-05-15,2026-05-15,SS=hns_ss-export-tld.20251226_20260107_translated_20260117.adapted.csv;HSD=hns_bob_tlds.csv,2026-05-15T21:54:27,False
ozock,,,False,,,,,timaxau,False,active,2026-05-15,2026-05-15,SS=hns_ss-export-tld.20251226_20260107_translated_20260117.adapted.csv;HSD=hns_bob_tlds.csv,2026-05-15T21:54:27,False
ozren,,,False,,,,,timaxau,False,active,2026-05-15,2026-05-15,SS=hns_ss-export-tld.20251226_20260107_translated_20260117.adapted.csv;HSD=hns_bob_tlds.csv,2026-05-15T21:54:27,False
ozte,,,False,,,,,12tea,False,active,2026-05-15,2026-05-15,SS=hns_ss-export-tld.20251226_20260107_translated_20260117.adapted.csv;HSD=hns_bob_tlds.csv,2026-05-15T21:54:27,False
ozzo,,,False,,,,,tim4sk,False,active,2026-05-15,2026-05-15,SS=hns_ss-export-tld.20251226_20260107_translated_20260117.adapted.csv;HSD=hns_bob_tlds.csv,2026-05-15T21:54:27,False
ozzzo,,,False,,,,,timaxau,False,active,2026-05-15,2026-05-15,SS=hns_ss-export-tld.20251226_20260107_translated_20260117.adapted.csv;HSD=hns_bob_tlds.csv,2026-05-15T21:54:27,False
p-r-e-s-s,,,False,,,,,tim4sk,False,active,2026-05-15,2026-05-15,SS=hns_ss-export-tld.20251226_20260107_translated_20260117.adapted.csv;HSD=hns_bob_tlds.csv,2026-05-15T21:54:27,False
p414p,,,False,,,,,22catchall,False,active,2026-05-15,2026-05-15,SS=hns_ss-export-tld.20251226_20260107_translated_20260117.adapted.csv;HSD=hns_bob_tlds.csv,2026-05-15T21:54:27,False
p414q,,,False,,,,,22catchall,False,active,2026-05-15,2026-05-15,SS=hns_ss-export-tld.20251226_20260107_translated_20260117.adapted.csv;HSD=hns_bob_tlds.csv,2026-05-15T21:54:27,False
paganity,,,False,,,,,22catchall,False,active,2026-05-15,2026-05-15,SS=hns_ss-export-tld.20251226_20260107_translated_20260117.adapted.csv;HSD=hns_bob_tlds.csv,2026-05-15T21:54:27,False
pageless,,,False,,,,,22catchall,False,active,2026-05-15,2026-05-15,SS=hns_ss-export-tld.20251226_20260107_translated_20260117.adapted.csv;HSD=hns_bob_tlds.csv,2026-05-15T21:54:27,False
paleasacorpse,,,False,,,,,tim4sk,False,active,2026-05-15,2026-05-15,SS=hns_ss-export-tld.20251226_20260107_translated_20260117.adapted.csv;HSD=hns_bob_tlds.csv,2026-05-15T21:54:27,False
paleasdeath,,,False,,,,,tim4sk,False,active,2026-05-15,2026-05-15,SS=hns_ss-export-tld.20251226_20260107_translated_20260117.adapted.csv;HSD=hns_bob_tlds.csv,2026-05-15T21:54:27,False
panau,,,False,,,,,timaxau,False,active,2026-05-15,2026-05-15,SS=hns_ss-export-tld.20251226_20260107_translated_20260117.adapted.csv;HSD=hns_bob_tlds.csv,2026-05-15T21:54:27,False
pandeism,,,False,,,,,22catchall,False,active,2026-05-15,2026-05-15,SS=hns_ss-export-tld.20251226_20260107_translated_20260117.adapted.csv;HSD=hns_bob_tlds.csv,2026-05-15T21:54:27,False
parataxic,,,False,,,,,22catchall,False,active,2026-05-15,2026-05-15,SS=hns_ss-export-tld.20251226_20260107_translated_20260117.adapted.csv;HSD=hns_bob_tlds.csv,2026-05-15T21:54:27,False
parkfried,,,False,,,,,22catchall,False,active,2026-05-15,2026-05-15,SS=hns_ss-export-tld.20251226_20260107_translated_20260117.adapted.csv;HSD=hns_bob_tlds.csv,2026-05-15T21:54:27,False
parrotpal,,,False,,,,,22catchall,False,active,2026-05-15,2026-05-15,SS=hns_ss-export-tld.20251226_20260107_translated_20260117.adapted.csv;HSD=hns_bob_tlds.csv,2026-05-15T21:54:27,False
passedaway,,,False,,,,,k1f,False,active,2026-05-15,2026-05-15,SS=hns_ss-export-tld.20251226_20260107_translated_20260117.adapted.csv;HSD=hns_bob_tlds.csv,2026-05-15T21:54:27,False
pateyhns,,,False,,,,,giftosend,False,active,2026-05-15,2026-05-15,SS=hns_ss-export-tld.20251226_20260107_translated_20260117.adapted.csv;HSD=hns_bob_tlds.csv,2026-05-15T21:54:27,False
pawpets,,,False,,,,,tim4sk,False,active,2026-05-15,2026-05-15,SS=hns_ss-export-tld.20251226_20260107_translated_20260117.adapted.csv;HSD=hns_bob_tlds.csv,2026-05-15T21:54:27,False
pcpayroll,,,False,,,,,k1f,False,active,2026-05-15,2026-05-15,SS=hns_ss-export-tld.20251226_20260107_translated_20260117.adapted.csv;HSD=hns_bob_tlds.csv,2026-05-15T21:54:27,False
peacehome,,,False,,,,,22catchall,False,active,2026-05-15,2026-05-15,SS=hns_ss-export-tld.20251226_20260107_translated_20260117.adapted.csv;HSD=hns_bob_tlds.csv,2026-05-15T21:54:27,False
pearlcare,,,False,,,,,tim4sk,False,active,2026-05-15,2026-05-15,SS=hns_ss-export-tld.20251226_20260107_translated_20260117.adapted.csv;HSD=hns_bob_tlds.csv,2026-05-15T21:54:27,False
penpushers,,,False,,,,,22catchall,False,active,2026-05-15,2026-05-15,SS=hns_ss-export-tld.20251226_20260107_translated_20260117.adapted.csv;HSD=hns_bob_tlds.csv,2026-05-15T21:54:27,False
petglam,,,False,,,,,22catchall,False,active,2026-05-15,2026-05-15,SS=hns_ss-export-tld.20251226_20260107_translated_20260117.adapted.csv;HSD=hns_bob_tlds.csv,2026-05-15T21:54:27,False
petlife,,,False,,,,,22catchall,False,active,2026-05-15,2026-05-15,SS=hns_ss-export-tld.20251226_20260107_translated_20260117.adapted.csv;HSD=hns_bob_tlds.csv,2026-05-15T21:54:27,False
petnow,,,False,,,,,tim4sk,False,active,2026-05-15,2026-05-15,SS=hns_ss-export-tld.20251226_20260107_translated_20260117.adapted.csv;HSD=hns_bob_tlds.csv,2026-05-15T21:54:27,False
petstor,,,False,,,,,22catchall,False,active,2026-05-15,2026-05-15,SS=hns_ss-export-tld.20251226_20260107_translated_20260117.adapted.csv;HSD=hns_bob_tlds.csv,2026-05-15T21:54:27,False
peze,,,False,,,,,22catchall,False,active,2026-05-15,2026-05-15,SS=hns_ss-export-tld.20251226_20260107_translated_20260117.adapted.csv;HSD=hns_bob_tlds.csv,2026-05-15T21:54:27,False
pezs,,,False,,,,,22catchall,False,active,2026-05-15,2026-05-15,SS=hns_ss-export-tld.20251226_20260107_translated_20260117.adapted.csv;HSD=hns_bob_tlds.csv,2026-05-15T21:54:27,False
pezx,,,False,,,,,22catchall,False,active,2026-05-15,2026-05-15,SS=hns_ss-export-tld.20251226_20260107_translated_20260117.adapted.csv;HSD=hns_bob_tlds.csv,2026-05-15T21:54:27,False
pgsy,,,False,,,,,k1f,False,active,2026-05-15,2026-05-15,SS=hns_ss-export-tld.20251226_20260107_translated_20260117.adapted.csv;HSD=hns_bob_tlds.csv,2026-05-15T21:54:27,False
pharmau,,,False,,,,,timaxau,False,active,2026-05-15,2026-05-15,SS=hns_ss-export-tld.20251226_20260107_translated_20260117.adapted.csv;HSD=hns_bob_tlds.csv,2026-05-15T21:54:27,False
phavor,,,False,,,,,22catchall,False,active,2026-05-15,2026-05-15,SS=hns_ss-export-tld.20251226_20260107_translated_20260117.adapted.csv;HSD=hns_bob_tlds.csv,2026-05-15T21:54:27,False
phishery,,,False,,,,,22catchall,False,active,2026-05-15,2026-05-15,SS=hns_ss-export-tld.20251226_20260107_translated_20260117.adapted.csv;HSD=hns_bob_tlds.csv,2026-05-15T21:54:27,False
phonetic,,,False,,,,,22catchall,False,active,2026-05-15,2026-05-15,SS=hns_ss-export-tld.20251226_20260107_translated_20260117.adapted.csv;HSD=hns_bob_tlds.csv,2026-05-15T21:54:27,False
phonetik,,,False,,,,,tim4sk,False,active,2026-05-15,2026-05-15,SS=hns_ss-export-tld.20251226_20260107_translated_20260117.adapted.csv;HSD=hns_bob_tlds.csv,2026-05-15T21:54:27,False
phonophone,,,False,,,,,22catchall,False,active,2026-05-15,2026-05-15,SS=hns_ss-export-tld.20251226_20260107_translated_20260117.adapted.csv;HSD=hns_bob_tlds.csv,2026-05-15T21:54:27,False
photobookdesign,,,False,,,,,tim4sk,False,active,2026-05-15,2026-05-15,SS=hns_ss-export-tld.20251226_20260107_translated_20260117.adapted.csv;HSD=hns_bob_tlds.csv,2026-05-15T21:54:27,False
photographen,,,False,,,,,tim4sk,False,active,2026-05-15,2026-05-15,SS=hns_ss-export-tld.20251226_20260107_translated_20260117.adapted.csv;HSD=hns_bob_tlds.csv,2026-05-15T21:54:27,False
photographyapps,,,False,,,,,tim4sk,False,active,2026-05-15,2026-05-15,SS=hns_ss-export-tld.20251226_20260107_translated_20260117.adapted.csv;HSD=hns_bob_tlds.csv,2026-05-15T21:54:27,False
photohumor,,,False,,,,,22catchall,False,active,2026-05-15,2026-05-15,SS=hns_ss-export-tld.20251226_20260107_translated_20260117.adapted.csv;HSD=hns_bob_tlds.csv,2026-05-15T21:54:27,False
photophrag,,,False,,,,,tim4sk,False,active,2026-05-15,2026-05-15,SS=hns_ss-export-tld.20251226_20260107_translated_20260117.adapted.csv;HSD=hns_bob_tlds.csv,2026-05-15T21:54:27,False
phototshirt,,,False,,,,,h4ndsh4k,False,active,2026-05-15,2026-05-15,SS=hns_ss-export-tld.20251226_20260107_translated_20260117.adapted.csv;HSD=hns_bob_tlds.csv,2026-05-15T21:54:27,False
photowonder,,,False,,,,,tim4sk,False,active,2026-05-15,2026-05-15,SS=hns_ss-export-tld.20251226_20260107_translated_20260117.adapted.csv;HSD=hns_bob_tlds.csv,2026-05-15T21:54:27,False
phots,,,False,,,,,timaxau,False,active,2026-05-15,2026-05-15,SS=hns_ss-export-tld.20251226_20260107_translated_20260117.adapted.csv;HSD=hns_bob_tlds.csv,2026-05-15T21:54:27,False
phungu,,,False,,,,,tim4sk,False,active,2026-05-15,2026-05-15,SS=hns_ss-export-tld.20251226_20260107_translated_20260117.adapted.csv;HSD=hns_bob_tlds.csv,2026-05-15T21:54:27,False
phycography,,,False,,,,,22catchall,False,active,2026-05-15,2026-05-15,SS=hns_ss-export-tld.20251226_20260107_translated_20260117.adapted.csv;HSD=hns_bob_tlds.csv,2026-05-15T21:54:27,False
physicalism,,,False,,,,,22catchall,False,active,2026-05-15,2026-05-15,SS=hns_ss-export-tld.20251226_20260107_translated_20260117.adapted.csv;HSD=hns_bob_tlds.csv,2026-05-15T21:54:27,False
phytotomist,,,False,,,,,22catchall,False,active,2026-05-15,2026-05-15,SS=hns_ss-export-tld.20251226_20260107_translated_20260117.adapted.csv;HSD=hns_bob_tlds.csv,2026-05-15T21:54:27,False
pichub,,,False,,,,,22catchall,False,active,2026-05-15,2026-05-15,SS=hns_ss-export-tld.20251226_20260107_translated_20260117.adapted.csv;HSD=hns_bob_tlds.csv,2026-05-15T21:54:27,False
picrific,,,False,,,,,22catchall,False,active,2026-05-15,2026-05-15,SS=hns_ss-export-tld.20251226_20260107_translated_20260117.adapted.csv;HSD=hns_bob_tlds.csv,2026-05-15T21:54:27,False
picsee,,,False,,,,,22catchall,False,active,2026-05-15,2026-05-15,SS=hns_ss-export-tld.20251226_20260107_translated_20260117.adapted.csv;HSD=hns_bob_tlds.csv,2026-05-15T21:54:27,False
pictureapp,,,False,,,,,22catchall,False,active,2026-05-15,2026-05-15,SS=hns_ss-export-tld.20251226_20260107_translated_20260117.adapted.csv;HSD=hns_bob_tlds.csv,2026-05-15T21:54:27,False
pictureweb,,,False,,,,,22catchall,False,active,2026-05-15,2026-05-15,SS=hns_ss-export-tld.20251226_20260107_translated_20260117.adapted.csv;HSD=hns_bob_tlds.csv,2026-05-15T21:54:27,False
pikcat,,,False,,,,,22catchall,False,active,2026-05-15,2026-05-15,SS=hns_ss-export-tld.20251226_20260107_translated_20260117.adapted.csv;HSD=hns_bob_tlds.csv,2026-05-15T21:54:27,False
pikx,,,False,,,,,h4ndsh4k,False,active,2026-05-15,2026-05-15,SS=hns_ss-export-tld.20251226_20260107_translated_20260117.adapted.csv;HSD=hns_bob_tlds.csv,2026-05-15T21:54:27,False
pinfish,,,False,,,,,r1f,False,active,2026-05-15,2026-05-15,SS=hns_ss-export-tld.20251226_20260107_translated_20260117.adapted.csv;HSD=hns_bob_tlds.csv,2026-05-15T21:54:27,False
piscatorialist,,,False,,,,,22catchall,False,active,2026-05-15,2026-05-15,SS=hns_ss-export-tld.20251226_20260107_translated_20260117.adapted.csv;HSD=hns_bob_tlds.csv,2026-05-15T21:54:27,False
pixious,,,False,,,,,tim4sk,False,active,2026-05-15,2026-05-15,SS=hns_ss-export-tld.20251226_20260107_translated_20260117.adapted.csv;HSD=hns_bob_tlds.csv,2026-05-15T21:54:27,False
pixurl,,,False,,,,,h4ndsh4k,False,active,2026-05-15,2026-05-15,SS=hns_ss-export-tld.20251226_20260107_translated_20260117.adapted.csv;HSD=hns_bob_tlds.csv,2026-05-15T21:54:27,False
playact,,,False,,,,,22catchall,False,active,2026-05-15,2026-05-15,SS=hns_ss-export-tld.20251226_20260107_translated_20260117.adapted.csv;HSD=hns_bob_tlds.csv,2026-05-15T21:54:27,False
playerjoining,,,False,,,,,tim4sk,False,active,2026-05-15,2026-05-15,SS=hns_ss-export-tld.20251226_20260107_translated_20260117.adapted.csv;HSD=hns_bob_tlds.csv,2026-05-15T21:54:27,False
pleuremphytic,,,False,,,,,22catchall,False,active,2026-05-15,2026-05-15,SS=hns_ss-export-tld.20251226_20260107_translated_20260117.adapted.csv;HSD=hns_bob_tlds.csv,2026-05-15T21:54:27,False
plsplz,,,False,,,,,22catchall,False,active,2026-05-15,2026-05-15,SS=hns_ss-export-tld.20251226_20260107_translated_20260117.adapted.csv;HSD=hns_bob_tlds.csv,2026-05-15T21:54:27,False
pluralizes,,,False,,,,,22catchall,False,active,2026-05-15,2026-05-15,SS=hns_ss-export-tld.20251226_20260107_translated_20260117.adapted.csv;HSD=hns_bob_tlds.csv,2026-05-15T21:54:27,False
plusdane,,,False,,,,,h4ndsh4k,False,active,2026-05-15,2026-05-15,SS=hns_ss-export-tld.20251226_20260107_translated_20260117.adapted.csv;HSD=hns_bob_tlds.csv,2026-05-15T21:54:27,False
podophyllous,,,False,,,,,22catchall,False,active,2026-05-15,2026-05-15,SS=hns_ss-export-tld.20251226_20260107_translated_20260117.adapted.csv;HSD=hns_bob_tlds.csv,2026-05-15T21:54:27,False
poiz,,,False,,,,,22catchall,False,active,2026-05-15,2026-05-15,SS=hns_ss-export-tld.20251226_20260107_translated_20260117.adapted.csv;HSD=hns_bob_tlds.csv,2026-05-15T21:54:27,False
policeblockchain,,,False,,,,,22catchall,False,active,2026-05-15,2026-05-15,SS=hns_ss-export-tld.20251226_20260107_translated_20260117.adapted.csv;HSD=hns_bob_tlds.csv,2026-05-15T21:54:27,False
policesky,,,False,,,,,22catchall,False,active,2026-05-15,2026-05-15,SS=hns_ss-export-tld.20251226_20260107_translated_20260117.adapted.csv;HSD=hns_bob_tlds.csv,2026-05-15T21:54:27,False
polopony,,,False,,,,,22catchall,False,active,2026-05-15,2026-05-15,SS=hns_ss-export-tld.20251226_20260107_translated_20260117.adapted.csv;HSD=hns_bob_tlds.csv,2026-05-15T21:54:27,False
polyphyodont,,,False,,,,,22catchall,False,active,2026-05-15,2026-05-15,SS=hns_ss-export-tld.20251226_20260107_translated_20260117.adapted.csv;HSD=hns_bob_tlds.csv,2026-05-15T21:54:27,False
polytomy,,,False,,,,,22catchall,False,active,2026-05-15,2026-05-15,SS=hns_ss-export-tld.20251226_20260107_translated_20260117.adapted.csv;HSD=hns_bob_tlds.csv,2026-05-15T21:54:27,False
pontoonsforsale,,,False,,,,,22catchall,False,active,2026-05-15,2026-05-15,SS=hns_ss-export-tld.20251226_20260107_translated_20260117.adapted.csv;HSD=hns_bob_tlds.csv,2026-05-15T21:54:27,False
poormaster,,,False,,,,,22catchall,False,active,2026-05-15,2026-05-15,SS=hns_ss-export-tld.20251226_20260107_translated_20260117.adapted.csv;HSD=hns_bob_tlds.csv,2026-05-15T21:54:27,False
popmail,,,False,,,,,22catchall,False,active,2026-05-15,2026-05-15,SS=hns_ss-export-tld.20251226_20260107_translated_20260117.adapted.csv;HSD=hns_bob_tlds.csv,2026-05-15T21:54:27,False
pornx,,,False,,,,,h4ndsh4k,False,active,2026-05-15,2026-05-15,SS=hns_ss-export-tld.20251226_20260107_translated_20260117.adapted.csv;HSD=hns_bob_tlds.csv,2026-05-15T21:54:27,False
powerspend,,,False,,,,,22catchall,False,active,2026-05-15,2026-05-15,SS=hns_ss-export-tld.20251226_20260107_translated_20260117.adapted.csv;HSD=hns_bob_tlds.csv,2026-05-15T21:54:27,False
powerstaff,,,False,,,,,22catchall,False,active,2026-05-15,2026-05-15,SS=hns_ss-export-tld.20251226_20260107_translated_20260117.adapted.csv;HSD=hns_bob_tlds.csv,2026-05-15T21:54:27,False
poweryacht,,,False,,,,,h2o,False,active,2026-05-15,2026-05-15,SS=hns_ss-export-tld.20251226_20260107_translated_20260117.adapted.csv;HSD=hns_bob_tlds.csv,2026-05-15T21:54:27,False
poxham,,,False,,,,,22catchall,False,active,2026-05-15,2026-05-15,SS=hns_ss-export-tld.20251226_20260107_translated_20260117.adapted.csv;HSD=hns_bob_tlds.csv,2026-05-15T21:54:27,False
ppix,,,False,,,,,tim4sk,False,active,2026-05-15,2026-05-15,SS=hns_ss-export-tld.20251226_20260107_translated_20260117.adapted.csv;HSD=hns_bob_tlds.csv,2026-05-15T21:54:27,False
ppxe,,,False,,,,,22catchall,False,active,2026-05-15,2026-05-15,SS=hns_ss-export-tld.20251226_20260107_translated_20260117.adapted.csv;HSD=hns_bob_tlds.csv,2026-05-15T21:54:27,False
prawner,,,False,,,,,22catchall,False,active,2026-05-15,2026-05-15,SS=hns_ss-export-tld.20251226_20260107_translated_20260117.adapted.csv;HSD=hns_bob_tlds.csv,2026-05-15T21:54:27,False
precreation,,,False,,,,,22catchall,False,active,2026-05-15,2026-05-15,SS=hns_ss-export-tld.20251226_20260107_translated_20260117.adapted.csv;HSD=hns_bob_tlds.csv,2026-05-15T21:54:27,False
predatism,,,False,,,,,22catchall,False,active,2026-05-15,2026-05-15,SS=hns_ss-export-tld.20251226_20260107_translated_20260117.adapted.csv;HSD=hns_bob_tlds.csv,2026-05-15T21:54:27,False
press-release,,,False,,,,,tim4sk,False,active,2026-05-15,2026-05-15,SS=hns_ss-export-tld.20251226_20260107_translated_20260117.adapted.csv;HSD=hns_bob_tlds.csv,2026-05-15T21:54:27,False
pressdept,,,False,,,,,22catchall,False,active,2026-05-15,2026-05-15,SS=hns_ss-export-tld.20251226_20260107_translated_20260117.adapted.csv;HSD=hns_bob_tlds.csv,2026-05-15T21:54:27,False
preternaturalism,,,False,,,,,22catchall,False,active,2026-05-15,2026-05-15,SS=hns_ss-export-tld.20251226_20260107_translated_20260117.adapted.csv;HSD=hns_bob_tlds.csv,2026-05-15T21:54:27,False
primarysuccession,,,False,,,,,tim4sk,False,active,2026-05-15,2026-05-15,SS=hns_ss-export-tld.20251226_20260107_translated_20260117.adapted.csv;HSD=hns_bob_tlds.csv,2026-05-15T21:54:27,False
printshare,,,False,,,,,tim4sk,False,active,2026-05-15,2026-05-15,SS=hns_ss-export-tld.20251226_20260107_translated_20260117.adapted.csv;HSD=hns_bob_tlds.csv,2026-05-15T21:54:27,False
pro-equity,,,False,,,,,tim4sk,False,active,2026-05-15,2026-05-15,SS=hns_ss-export-tld.20251226_20260107_translated_20260117.adapted.csv;HSD=hns_bob_tlds.csv,2026-05-15T21:54:27,False
pro-justice,,,False,,,,,tim4sk,False,active,2026-05-15,2026-05-15,SS=hns_ss-export-tld.20251226_20260107_translated_20260117.adapted.csv;HSD=hns_bob_tlds.csv,2026-05-15T21:54:27,False
pro-liberty,,,False,,,,,tim4sk,False,active,2026-05-15,2026-05-15,SS=hns_ss-export-tld.20251226_20260107_translated_20260117.adapted.csv;HSD=hns_bob_tlds.csv,2026-05-15T21:54:27,False
proequity,,,False,,,,,tim4sk,False,active,2026-05-15,2026-05-15,SS=hns_ss-export-tld.20251226_20260107_translated_20260117.adapted.csv;HSD=hns_bob_tlds.csv,2026-05-15T21:54:27,False
projustice,,,False,,,,,tim4sk,False,active,2026-05-15,2026-05-15,SS=hns_ss-export-tld.20251226_20260107_translated_20260117.adapted.csv;HSD=hns_bob_tlds.csv,2026-05-15T21:54:27,False
proliberty,,,False,,,,,tim4sk,False,active,2026-05-15,2026-05-15,SS=hns_ss-export-tld.20251226_20260107_translated_20260117.adapted.csv;HSD=hns_bob_tlds.csv,2026-05-15T21:54:27,False
proof-read,,,False,,,,,tim4sk,False,active,2026-05-15,2026-05-15,SS=hns_ss-export-tld.20251226_20260107_translated_20260117.adapted.csv;HSD=hns_bob_tlds.csv,2026-05-15T21:54:27,False
protographer,,,False,,,,,tim4sk,False,active,2026-05-15,2026-05-15,SS=hns_ss-export-tld.20251226_20260107_translated_20260117.adapted.csv;HSD=hns_bob_tlds.csv,2026-05-15T21:54:27,False
provedfact,,,False,,,,,22catchall,False,active,2026-05-15,2026-05-15,SS=hns_ss-export-tld.20251226_20260107_translated_20260117.adapted.csv;HSD=hns_bob_tlds.csv,2026-05-15T21:54:27,False
pseudonymic,,,False,,,,,22catchall,False,active,2026-05-15,2026-05-15,SS=hns_ss-export-tld.20251226_20260107_translated_20260117.adapted.csv;HSD=hns_bob_tlds.csv,2026-05-15T21:54:27,False
pseudos,,,False,,,,,22catchall,False,active,2026-05-15,2026-05-15,SS=hns_ss-export-tld.20251226_20260107_translated_20260117.adapted.csv;HSD=hns_bob_tlds.csv,2026-05-15T21:54:27,False
psychoda,,,False,,,,,22catchall,False,active,2026-05-15,2026-05-15,SS=hns_ss-export-tld.20251226_20260107_translated_20260117.adapted.csv;HSD=hns_bob_tlds.csv,2026-05-15T21:54:27,False
publicfish,,,False,,,,,22catchall,False,active,2026-05-15,2026-05-15,SS=hns_ss-export-tld.20251226_20260107_translated_20260117.adapted.csv;HSD=hns_bob_tlds.csv,2026-05-15T21:54:27,False
puddlepirate,,,False,,,,,tim4sk,False,active,2026-05-15,2026-05-15,SS=hns_ss-export-tld.20251226_20260107_translated_20260117.adapted.csv;HSD=hns_bob_tlds.csv,2026-05-15T21:54:27,False
purplefan,,,False,,,,,tim4sk,False,active,2026-05-15,2026-05-15,SS=hns_ss-export-tld.20251226_20260107_translated_20260117.adapted.csv;HSD=hns_bob_tlds.csv,2026-05-15T21:54:27,False
purpleflash,,,False,,,,,r1f,False,active,2026-05-15,2026-05-15,SS=hns_ss-export-tld.20251226_20260107_translated_20260117.adapted.csv;HSD=hns_bob_tlds.csv,2026-05-15T21:54:27,False
purpleland,,,False,,,,,tim4sk,False,active,2026-05-15,2026-05-15,SS=hns_ss-export-tld.20251226_20260107_translated_20260117.adapted.csv;HSD=hns_bob_tlds.csv,2026-05-15T21:54:27,False
purrfectlife,,,False,,,,,22catchall,False,active,2026-05-15,2026-05-15,SS=hns_ss-export-tld.20251226_20260107_translated_20260117.adapted.csv;HSD=hns_bob_tlds.csv,2026-05-15T21:54:27,False
puzzlepix,,,False,,,,,22catchall,False,active,2026-05-15,2026-05-15,SS=hns_ss-export-tld.20251226_20260107_translated_20260117.adapted.csv;HSD=hns_bob_tlds.csv,2026-05-15T21:54:27,False
pxau,,,False,,,,,tim4sk,False,active,2026-05-15,2026-05-15,SS=hns_ss-export-tld.20251226_20260107_translated_20260117.adapted.csv;HSD=hns_bob_tlds.csv,2026-05-15T21:54:27,False
pythondev,,,False,,,,,h4ndsh4k,False,active,2026-05-15,2026-05-15,SS=hns_ss-export-tld.20251226_20260107_translated_20260117.adapted.csv;HSD=hns_bob_tlds.csv,2026-05-15T21:54:27,False
q414p,,,False,,,,,22catchall,False,active,2026-05-15,2026-05-15,SS=hns_ss-export-tld.20251226_20260107_translated_20260117.adapted.csv;HSD=hns_bob_tlds.csv,2026-05-15T21:54:27,False
q414q,,,False,,,,,22catchall,False,active,2026-05-15,2026-05-15,SS=hns_ss-export-tld.20251226_20260107_translated_20260117.adapted.csv;HSD=hns_bob_tlds.csv,2026-05-15T21:54:27,False
qasad,,,False,,,,,22catchall,False,active,2026-05-15,2026-05-15,SS=hns_ss-export-tld.20251226_20260107_translated_20260117.adapted.csv;HSD=hns_bob_tlds.csv,2026-05-15T21:54:27,False
qasbina,,,False,,,,,22catchall,False,active,2026-05-15,2026-05-15,SS=hns_ss-export-tld.20251226_20260107_translated_20260117.adapted.csv;HSD=hns_bob_tlds.csv,2026-05-15T21:54:27,False
qasimalilar,,,False,,,,,22catchall,False,active,2026-05-15,2026-05-15,SS=hns_ss-export-tld.20251226_20260107_translated_20260117.adapted.csv;HSD=hns_bob_tlds.csv,2026-05-15T21:54:27,False
qauk,,,False,,,,,22catchall,False,active,2026-05-15,2026-05-15,SS=hns_ss-export-tld.20251226_20260107_translated_20260117.adapted.csv;HSD=hns_bob_tlds.csv,2026-05-15T21:54:27,False
qazaxlar,,,False,,,,,22catchall,False,active,2026-05-15,2026-05-15,SS=hns_ss-export-tld.20251226_20260107_translated_20260117.adapted.csv;HSD=hns_bob_tlds.csv,2026-05-15T21:54:27,False
qazidara,,,False,,,,,22catchall,False,active,2026-05-15,2026-05-15,SS=hns_ss-export-tld.20251226_20260107_translated_20260117.adapted.csv;HSD=hns_bob_tlds.csv,2026-05-15T21:54:27,False
qcbm,,,False,,,,,k1f,False,active,2026-05-15,2026-05-15,SS=hns_ss-export-tld.20251226_20260107_translated_20260117.adapted.csv;HSD=hns_bob_tlds.csv,2026-05-15T21:54:27,False
qcbmaleny,,,False,,,,,k1f,False,active,2026-05-15,2026-05-15,SS=hns_ss-export-tld.20251226_20260107_translated_20260117.adapted.csv;HSD=hns_bob_tlds.csv,2026-05-15T21:54:27,False
qldgov,,,False,,,,,timaxau,False,active,2026-05-15,2026-05-15,SS=hns_ss-export-tld.20251226_20260107_translated_20260117.adapted.csv;HSD=hns_bob_tlds.csv,2026-05-15T21:54:27,False
qldgovau,,,False,,,,,timaxau,False,active,2026-05-15,2026-05-15,SS=hns_ss-export-tld.20251226_20260107_translated_20260117.adapted.csv;HSD=hns_bob_tlds.csv,2026-05-15T21:54:27,False
qldhealth,,,False,,,,,timaxau,False,active,2026-05-15,2026-05-15,SS=hns_ss-export-tld.20251226_20260107_translated_20260117.adapted.csv;HSD=hns_bob_tlds.csv,2026-05-15T21:54:27,False
queenslandcountrybank,,,False,,,,,22catchall,False,active,2026-05-15,2026-05-15,SS=hns_ss-export-tld.20251226_20260107_translated_20260117.adapted.csv;HSD=hns_bob_tlds.csv,2026-05-15T21:54:27,False
questline,,,False,,,,,tim4sk,False,active,2026-05-15,2026-05-15,SS=hns_ss-export-tld.20251226_20260107_translated_20260117.adapted.csv;HSD=hns_bob_tlds.csv,2026-05-15T21:54:27,False
questmove,,,False,,,,,tim4sk,False,active,2026-05-15,2026-05-15,SS=hns_ss-export-tld.20251226_20260107_translated_20260117.adapted.csv;HSD=hns_bob_tlds.csv,2026-05-15T21:54:27,False
questtracking,,,False,,,,,tim4sk,False,active,2026-05-15,2026-05-15,SS=hns_ss-export-tld.20251226_20260107_translated_20260117.adapted.csv;HSD=hns_bob_tlds.csv,2026-05-15T21:54:27,False
quiltinghacks,,,False,,,,,k1f,False,active,2026-05-15,2026-05-15,SS=hns_ss-export-tld.20251226_20260107_translated_20260117.adapted.csv;HSD=hns_bob_tlds.csv,2026-05-15T21:54:27,False
quiltingjokes,,,False,,,,,k1f,False,active,2026-05-15,2026-05-15,SS=hns_ss-export-tld.20251226_20260107_translated_20260117.adapted.csv;HSD=hns_bob_tlds.csv,2026-05-15T21:54:27,False
quiltingnook,,,False,,,,,22catchall,False,active,2026-05-15,2026-05-15,SS=hns_ss-export-tld.20251226_20260107_translated_20260117.adapted.csv;HSD=hns_bob_tlds.csv,2026-05-15T21:54:27,False
qvau,,,False,,,,,timaxau,False,active,2026-05-15,2026-05-15,SS=hns_ss-export-tld.20251226_20260107_translated_20260117.adapted.csv;HSD=hns_bob_tlds.csv,2026-05-15T21:54:27,False
r416,,,False,,,,,tim4sk,False,active,2026-05-15,2026-05-15,SS=hns_ss-export-tld.20251226_20260107_translated_20260117.adapted.csv;HSD=hns_bob_tlds.csv,2026-05-15T21:54:27,False
rabbitfish,,,False,,,,,r1f,False,active,2026-05-15,2026-05-15,SS=hns_ss-export-tld.20251226_20260107_translated_20260117.adapted.csv;HSD=hns_bob_tlds.csv,2026-05-15T21:54:27,False
rabbitone,,,False,,,,,r1f,False,active,2026-05-15,2026-05-15,SS=hns_ss-export-tld.20251226_20260107_translated_20260117.adapted.csv;HSD=hns_bob_tlds.csv,2026-05-15T21:54:27,False
rabbitwolf,,,False,,,,,22catchall,False,active,2026-05-15,2026-05-15,SS=hns_ss-export-tld.20251226_20260107_translated_20260117.adapted.csv;HSD=hns_bob_tlds.csv,2026-05-15T21:54:27,False
rabiti,,,False,,,,,r1f,False,active,2026-05-15,2026-05-15,SS=hns_ss-export-tld.20251226_20260107_translated_20260117.adapted.csv;HSD=hns_bob_tlds.csv,2026-05-15T21:54:27,False
rafc,,,False,,,,,22catchall,False,active,2026-05-15,2026-05-15,SS=hns_ss-export-tld.20251226_20260107_translated_20260117.adapted.csv;HSD=hns_bob_tlds.csv,2026-05-15T21:54:27,False
rain-water,,,False,,,,,22catchall,False,active,2026-05-15,2026-05-15,SS=hns_ss-export-tld.20251226_20260107_translated_20260117.adapted.csv;HSD=hns_bob_tlds.csv,2026-05-15T21:54:27,False
raintanks,,,False,,,,,22catchall,False,active,2026-05-15,2026-05-15,SS=hns_ss-export-tld.20251226_20260107_translated_20260117.adapted.csv;HSD=hns_bob_tlds.csv,2026-05-15T21:54:27,False
rapeye,,,False,,,,,22catchall,False,active,2026-05-15,2026-05-15,SS=hns_ss-export-tld.20251226_20260107_translated_20260117.adapted.csv;HSD=hns_bob_tlds.csv,2026-05-15T21:54:27,False
rat-bag,,,False,,,,,22catchall,False,active,2026-05-15,2026-05-15,SS=hns_ss-export-tld.20251226_20260107_translated_20260117.adapted.csv;HSD=hns_bob_tlds.csv,2026-05-15T21:54:27,False
ratefee,,,False,,,,,22catchall,False,active,2026-05-15,2026-05-15,SS=hns_ss-export-tld.20251226_20260107_translated_20260117.adapted.csv;HSD=hns_bob_tlds.csv,2026-05-15T21:54:27,False
rattushns,,,False,,,,,giftosend,False,active,2026-05-15,2026-05-15,SS=hns_ss-export-tld.20251226_20260107_translated_20260117.adapted.csv;HSD=hns_bob_tlds.csv,2026-05-15T21:54:27,False
rawnews,,,False,,,,,22catchall,False,active,2026-05-15,2026-05-15,SS=hns_ss-export-tld.20251226_20260107_translated_20260117.adapted.csv;HSD=hns_bob_tlds.csv,2026-05-15T21:54:27,False
rayaverse,,,False,,,,,tim4sk,False,active,2026-05-15,2026-05-15,SS=hns_ss-export-tld.20251226_20260107_translated_20260117.adapted.csv;HSD=hns_bob_tlds.csv,2026-05-15T21:54:27,False
rayfish,,,False,,,,,r1f,False,active,2026-05-15,2026-05-15,SS=hns_ss-export-tld.20251226_20260107_translated_20260117.adapted.csv;HSD=hns_bob_tlds.csv,2026-05-15T21:54:27,False
rayion,,,False,,,,,r1f,False,active,2026-05-15,2026-05-15,SS=hns_ss-export-tld.20251226_20260107_translated_20260117.adapted.csv;HSD=hns_bob_tlds.csv,2026-05-15T21:54:27,False
rayjo,,,False,,,,,tim4sk,False,active,2026-05-15,2026-05-15,SS=hns_ss-export-tld.20251226_20260107_translated_20260117.adapted.csv;HSD=hns_bob_tlds.csv,2026-05-15T21:54:27,False
rayjon,,,False,,,,,22catchall,False,active,2026-05-15,2026-05-15,SS=hns_ss-export-tld.20251226_20260107_translated_20260117.adapted.csv;HSD=hns_bob_tlds.csv,2026-05-15T21:54:27,False
raykin,,,False,,,,,r1f,False,active,2026-05-15,2026-05-15,SS=hns_ss-export-tld.20251226_20260107_translated_20260117.adapted.csv;HSD=hns_bob_tlds.csv,2026-05-15T21:54:27,False
raymondcorp,,,False,,,,,r1f,False,active,2026-05-15,2026-05-15,SS=hns_ss-export-tld.20251226_20260107_translated_20260117.adapted.csv;HSD=hns_bob_tlds.csv,2026-05-15T21:54:27,False
raymondjohn,,,False,,,,,r1f,False,active,2026-05-15,2026-05-15,SS=hns_ss-export-tld.20251226_20260107_translated_20260117.adapted.csv;HSD=hns_bob_tlds.csv,2026-05-15T21:54:27,False
rayoso,,,False,,,,,r1f,False,active,2026-05-15,2026-05-15,SS=hns_ss-export-tld.20251226_20260107_translated_20260117.adapted.csv;HSD=hns_bob_tlds.csv,2026-05-15T21:54:27,False
rayzone,,,False,,,,,r1f,False,active,2026-05-15,2026-05-15,SS=hns_ss-export-tld.20251226_20260107_translated_20260117.adapted.csv;HSD=hns_bob_tlds.csv,2026-05-15T21:54:27,False
realityfact,,,False,,,,,21trueone,False,active,2026-05-15,2026-05-15,SS=hns_ss-export-tld.20251226_20260107_translated_20260117.adapted.csv;HSD=hns_bob_tlds.csv,2026-05-15T21:54:27,False
recipefor,,,False,,,,,22catchall,False,active,2026-05-15,2026-05-15,SS=hns_ss-export-tld.20251226_20260107_translated_20260117.adapted.csv;HSD=hns_bob_tlds.csv,2026-05-15T21:54:27,False
recklessdao,,,False,,,,,22catchall,False,active,2026-05-15,2026-05-15,SS=hns_ss-export-tld.20251226_20260107_translated_20260117.adapted.csv;HSD=hns_bob_tlds.csv,2026-05-15T21:54:27,False
redgoods,,,False,,,,,tim4sk,False,active,2026-05-15,2026-05-15,SS=hns_ss-export-tld.20251226_20260107_translated_20260117.adapted.csv;HSD=hns_bob_tlds.csv,2026-05-15T21:54:27,False
redtea,,,False,,,,,tim4sk,False,active,2026-05-15,2026-05-15,SS=hns_ss-export-tld.20251226_20260107_translated_20260117.adapted.csv;HSD=hns_bob_tlds.csv,2026-05-15T21:54:27,False
reductivism,,,False,,,,,22catchall,False,active,2026-05-15,2026-05-15,SS=hns_ss-export-tld.20251226_20260107_translated_20260117.adapted.csv;HSD=hns_bob_tlds.csv,2026-05-15T21:54:27,False
reefnft,,,False,,,,,22catchall,False,active,2026-05-15,2026-05-15,SS=hns_ss-export-tld.20251226_20260107_translated_20260117.adapted.csv;HSD=hns_bob_tlds.csv,2026-05-15T21:54:27,False
reesville,,,False,,,,,timaxau,False,active,2026-05-15,2026-05-15,SS=hns_ss-export-tld.20251226_20260107_translated_20260117.adapted.csv;HSD=hns_bob_tlds.csv,2026-05-15T21:54:27,False
regalio,,,False,,,,,22catchall,False,active,2026-05-15,2026-05-15,SS=hns_ss-export-tld.20251226_20260107_translated_20260117.adapted.csv;HSD=hns_bob_tlds.csv,2026-05-15T21:54:27,False
regionnation,,,False,,,,,22catchall,False,active,2026-05-15,2026-05-15,SS=hns_ss-export-tld.20251226_20260107_translated_20260117.adapted.csv;HSD=hns_bob_tlds.csv,2026-05-15T21:54:27,False
regishake,,,False,,,,,tim4sk,False,active,2026-05-15,2026-05-15,SS=hns_ss-export-tld.20251226_20260107_translated_20260117.adapted.csv;HSD=hns_bob_tlds.csv,2026-05-15T21:54:27,False
registrau,,,False,,,,,timaxau,False,active,2026-05-15,2026-05-15,SS=hns_ss-export-tld.20251226_20260107_translated_20260117.adapted.csv;HSD=hns_bob_tlds.csv,2026-05-15T21:54:27,False
registree,,,False,,,,,22catchall,False,active,2026-05-15,2026-05-15,SS=hns_ss-export-tld.20251226_20260107_translated_20260117.adapted.csv;HSD=hns_bob_tlds.csv,2026-05-15T21:54:27,False
rehearsalstudio,,,False,,,,,tim4sk,False,active,2026-05-15,2026-05-15,SS=hns_ss-export-tld.20251226_20260107_translated_20260117.adapted.csv;HSD=hns_bob_tlds.csv,2026-05-15T21:54:27,False
rekk,,,False,,,,,22catchall,False,active,2026-05-15,2026-05-15,SS=hns_ss-export-tld.20251226_20260107_translated_20260117.adapted.csv;HSD=hns_bob_tlds.csv,2026-05-15T21:54:27,False
reknot,,,False,,,,,22catchall,False,active,2026-05-15,2026-05-15,SS=hns_ss-export-tld.20251226_20260107_translated_20260117.adapted.csv;HSD=hns_bob_tlds.csv,2026-05-15T21:54:27,False
releasegive,,,False,,,,,tim4sk,False,active,2026-05-15,2026-05-15,SS=hns_ss-export-tld.20251226_20260107_translated_20260117.adapted.csv;HSD=hns_bob_tlds.csv,2026-05-15T21:54:27,False
renatured,,,False,,,,,22catchall,False,active,2026-05-15,2026-05-15,SS=hns_ss-export-tld.20251226_20260107_translated_20260117.adapted.csv;HSD=hns_bob_tlds.csv,2026-05-15T21:54:27,False
rephotograph,,,False,,,,,tim4sk,False,active,2026-05-15,2026-05-15,SS=hns_ss-export-tld.20251226_20260107_translated_20260117.adapted.csv;HSD=hns_bob_tlds.csv,2026-05-15T21:54:27,False
repolished,,,False,,,,,22catchall,False,active,2026-05-15,2026-05-15,SS=hns_ss-export-tld.20251226_20260107_translated_20260117.adapted.csv;HSD=hns_bob_tlds.csv,2026-05-15T21:54:27,False
repugna,,,False,,,,,22catchall,False,active,2026-05-15,2026-05-15,SS=hns_ss-export-tld.20251226_20260107_translated_20260117.adapted.csv;HSD=hns_bob_tlds.csv,2026-05-15T21:54:27,False
retweetandfav,,,False,,,,,22catchall,False,active,2026-05-15,2026-05-15,SS=hns_ss-export-tld.20251226_20260107_translated_20260117.adapted.csv;HSD=hns_bob_tlds.csv,2026-05-15T21:54:27,False
revegetating,,,False,,,,,tim4sk,False,active,2026-05-15,2026-05-15,SS=hns_ss-export-tld.20251226_20260107_translated_20260117.adapted.csv;HSD=hns_bob_tlds.csv,2026-05-15T21:54:27,False
rf12,,,False,,,,,r1f,False,active,2026-05-15,2026-05-15,SS=hns_ss-export-tld.20251226_20260107_translated_20260117.adapted.csv;HSD=hns_bob_tlds.csv,2026-05-15T21:54:27,False
rhsot,,,False,,,,,tim4sk,False,active,2026-05-15,2026-05-15,SS=hns_ss-export-tld.20251226_20260107_translated_20260117.adapted.csv;HSD=hns_bob_tlds.csv,2026-05-15T21:54:27,False
rhtos,,,False,,,,,tim4sk,False,active,2026-05-15,2026-05-15,SS=hns_ss-export-tld.20251226_20260107_translated_20260117.adapted.csv;HSD=hns_bob_tlds.csv,2026-05-15T21:54:27,False
rhtoxt,,,False,,,,,tim4sk,False,active,2026-05-15,2026-05-15,SS=hns_ss-export-tld.20251226_20260107_translated_20260117.adapted.csv;HSD=hns_bob_tlds.csv,2026-05-15T21:54:27,False
rhtoz,,,False,,,,,tim4sk,False,active,2026-05-15,2026-05-15,SS=hns_ss-export-tld.20251226_20260107_translated_20260117.adapted.csv;HSD=hns_bob_tlds.csv,2026-05-15T21:54:27,False
rhtozt,,,False,,,,,tim4sk,False,active,2026-05-15,2026-05-15,SS=hns_ss-export-tld.20251226_20260107_translated_20260117.adapted.csv;HSD=hns_bob_tlds.csv,2026-05-15T21:54:27,False
rhtso,,,False,,,,,tim4sk,False,active,2026-05-15,2026-05-15,SS=hns_ss-export-tld.20251226_20260107_translated_20260117.adapted.csv;HSD=hns_bob_tlds.csv,2026-05-15T21:54:27,False
rhtxo,,,False,,,,,tim4sk,False,active,2026-05-15,2026-05-15,SS=hns_ss-export-tld.20251226_20260107_translated_20260117.adapted.csv;HSD=hns_bob_tlds.csv,2026-05-15T21:54:27,False
rhxor,,,False,,,,,tim4sk,False,active,2026-05-15,2026-05-15,SS=hns_ss-export-tld.20251226_20260107_translated_20260117.adapted.csv;HSD=hns_bob_tlds.csv,2026-05-15T21:54:27,False
rhzor,,,False,,,,,tim4sk,False,active,2026-05-15,2026-05-15,SS=hns_ss-export-tld.20251226_20260107_translated_20260117.adapted.csv;HSD=hns_bob_tlds.csv,2026-05-15T21:54:27,False
rhzot,,,False,,,,,tim4sk,False,active,2026-05-15,2026-05-15,SS=hns_ss-export-tld.20251226_20260107_translated_20260117.adapted.csv;HSD=hns_bob_tlds.csv,2026-05-15T21:54:27,False
rhzto,,,False,,,,,tim4sk,False,active,2026-05-15,2026-05-15,SS=hns_ss-export-tld.20251226_20260107_translated_20260117.adapted.csv;HSD=hns_bob_tlds.csv,2026-05-15T21:54:27,False
ribx,,,False,4L,,,,22catchall,False,active,2026-05-15,2026-05-15,SS=hns_ss-export-tld.20251226_20260107_translated_20260117.adapted.csv;HSD=hns_bob_tlds.csv,2026-05-15T21:54:27,False
ringoftruth,,,False,,,,,22catchall,False,active,2026-05-15,2026-05-15,SS=hns_ss-export-tld.20251226_20260107_translated_20260117.adapted.csv;HSD=hns_bob_tlds.csv,2026-05-15T21:54:27,False
ripz,,,False,4L,,,,22catchall,False,active,2026-05-15,2026-05-15,SS=hns_ss-export-tld.20251226_20260107_translated_20260117.adapted.csv;HSD=hns_bob_tlds.csv,2026-05-15T21:54:27,False
riset,,,False,,,,,22catchall,False,active,2026-05-15,2026-05-15,SS=hns_ss-export-tld.20251226_20260107_translated_20260117.adapted.csv;HSD=hns_bob_tlds.csv,2026-05-15T21:54:27,False
riskofdeath,,,False,,,,,22catchall,False,active,2026-05-15,2026-05-15,SS=hns_ss-export-tld.20251226_20260107_translated_20260117.adapted.csv;HSD=hns_bob_tlds.csv,2026-05-15T21:54:27,False
rivalship,,,False,,,,,22catchall,False,active,2026-05-15,2026-05-15,SS=hns_ss-export-tld.20251226_20260107_translated_20260117.adapted.csv;HSD=hns_bob_tlds.csv,2026-05-15T21:54:27,False
riveradventures,,,False,,,,,22catchall,False,active,2026-05-15,2026-05-15,SS=hns_ss-export-tld.20251226_20260107_translated_20260117.adapted.csv;HSD=hns_bob_tlds.csv,2026-05-15T21:54:27,False
rivermorning,,,False,,,,,22catchall,False,active,2026-05-15,2026-05-15,SS=hns_ss-export-tld.20251226_20260107_translated_20260117.adapted.csv;HSD=hns_bob_tlds.csv,2026-05-15T21:54:27,False
riverraft,,,False,,,,,22catchall,False,active,2026-05-15,2026-05-15,SS=hns_ss-export-tld.20251226_20260107_translated_20260117.adapted.csv;HSD=hns_bob_tlds.csv,2026-05-15T21:54:27,False
rizalar,,,False,,,,,22catchall,False,active,2026-05-15,2026-05-15,SS=hns_ss-export-tld.20251226_20260107_translated_20260117.adapted.csv;HSD=hns_bob_tlds.csv,2026-05-15T21:54:27,False
rizzomed,,,False,,,,,22catchall,False,active,2026-05-15,2026-05-15,SS=hns_ss-export-tld.20251226_20260107_translated_20260117.adapted.csv;HSD=hns_bob_tlds.csv,2026-05-15T21:54:27,False
rjnft,,,False,,,,,r1f,False,active,2026-05-15,2026-05-15,SS=hns_ss-export-tld.20251226_20260107_translated_20260117.adapted.csv;HSD=hns_bob_tlds.csv,2026-05-15T21:54:27,False
roadie,,,False,,,,,22catchall,False,active,2026-05-15,2026-05-15,SS=hns_ss-export-tld.20251226_20260107_translated_20260117.adapted.csv;HSD=hns_bob_tlds.csv,2026-05-15T21:54:27,False
roadstock,,,False,,,,,22catchall,False,active,2026-05-15,2026-05-15,SS=hns_ss-export-tld.20251226_20260107_translated_20260117.adapted.csv;HSD=hns_bob_tlds.csv,2026-05-15T21:54:27,False
roadtripping,,,False,,,,,tim4sk,False,active,2026-05-15,2026-05-15,SS=hns_ss-export-tld.20251226_20260107_translated_20260117.adapted.csv;HSD=hns_bob_tlds.csv,2026-05-15T21:54:27,False
robertism,,,False,,,,,tim4sk,False,active,2026-05-15,2026-05-15,SS=hns_ss-export-tld.20251226_20260107_translated_20260117.adapted.csv;HSD=hns_bob_tlds.csv,2026-05-15T21:54:27,False
robloxart,,,False,,,,,tim4sk,False,active,2026-05-15,2026-05-15,SS=hns_ss-export-tld.20251226_20260107_translated_20260117.adapted.csv;HSD=hns_bob_tlds.csv,2026-05-15T21:54:27,False
robotea,,,False,,,,,12tea,False,active,2026-05-15,2026-05-15,SS=hns_ss-export-tld.20251226_20260107_translated_20260117.adapted.csv;HSD=hns_bob_tlds.csv,2026-05-15T21:54:27,False
rodge,,,False,,,,,tim4sk,False,active,2026-05-15,2026-05-15,SS=hns_ss-export-tld.20251226_20260107_translated_20260117.adapted.csv;HSD=hns_bob_tlds.csv,2026-05-15T21:54:27,False
roofwater,,,False,,,,,22catchall,False,active,2026-05-15,2026-05-15,SS=hns_ss-export-tld.20251226_20260107_translated_20260117.adapted.csv;HSD=hns_bob_tlds.csv,2026-05-15T21:54:27,False
roomyday,,,False,,,,,timaxau,False,active,2026-05-15,2026-05-15,SS=hns_ss-export-tld.20251226_20260107_translated_20260117.adapted.csv;HSD=hns_bob_tlds.csv,2026-05-15T21:54:27,False
roonft,,,False,,,,,timaxau,False,active,2026-05-15,2026-05-15,SS=hns_ss-export-tld.20251226_20260107_translated_20260117.adapted.csv;HSD=hns_bob_tlds.csv,2026-05-15T21:54:27,False
roughwater,,,False,,,,,22catchall,False,active,2026-05-15,2026-05-15,SS=hns_ss-export-tld.20251226_20260107_translated_20260117.adapted.csv;HSD=hns_bob_tlds.csv,2026-05-15T21:54:27,False
roundrotation,,,False,,,,,tim4sk,False,active,2026-05-15,2026-05-15,SS=hns_ss-export-tld.20251226_20260107_translated_20260117.adapted.csv;HSD=hns_bob_tlds.csv,2026-05-15T21:54:27,False
roundtoit,,,False,,,,,tim4sk,False,active,2026-05-15,2026-05-15,SS=hns_ss-export-tld.20251226_20260107_translated_20260117.adapted.csv;HSD=hns_bob_tlds.csv,2026-05-15T21:54:27,False
routinists,,,False,,,,,22catchall,False,active,2026-05-15,2026-05-15,SS=hns_ss-export-tld.20251226_20260107_translated_20260117.adapted.csv;HSD=hns_bob_tlds.csv,2026-05-15T21:54:27,False
rshto,,,False,,,,,tim4sk,False,active,2026-05-15,2026-05-15,SS=hns_ss-export-tld.20251226_20260107_translated_20260117.adapted.csv;HSD=hns_bob_tlds.csv,2026-05-15T21:54:27,False
rspi,,,False,,,,,22catchall,False,active,2026-05-15,2026-05-15,SS=hns_ss-export-tld.20251226_20260107_translated_20260117.adapted.csv;HSD=hns_bob_tlds.csv,2026-05-15T21:54:27,False
rstho,,,False,,,,,tim4sk,False,active,2026-05-15,2026-05-15,SS=hns_ss-export-tld.20251226_20260107_translated_20260117.adapted.csv;HSD=hns_bob_tlds.csv,2026-05-15T21:54:27,False
rstoh,,,False,,,,,tim4sk,False,active,2026-05-15,2026-05-15,SS=hns_ss-export-tld.20251226_20260107_translated_20260117.adapted.csv;HSD=hns_bob_tlds.csv,2026-05-15T21:54:27,False
rthoxt,,,False,,,,,tim4sk,False,active,2026-05-15,2026-05-15,SS=hns_ss-export-tld.20251226_20260107_translated_20260117.adapted.csv;HSD=hns_bob_tlds.csv,2026-05-15T21:54:27,False
rthozt,,,False,,,,,tim4sk,False,active,2026-05-15,2026-05-15,SS=hns_ss-export-tld.20251226_20260107_translated_20260117.adapted.csv;HSD=hns_bob_tlds.csv,2026-05-15T21:54:27,False
rthso,,,False,,,,,tim4sk,False,active,2026-05-15,2026-05-15,SS=hns_ss-export-tld.20251226_20260107_translated_20260117.adapted.csv;HSD=hns_bob_tlds.csv,2026-05-15T21:54:27,False
rthxo,,,False,,,,,tim4sk,False,active,2026-05-15,2026-05-15,SS=hns_ss-export-tld.20251226_20260107_translated_20260117.adapted.csv;HSD=hns_bob_tlds.csv,2026-05-15T21:54:27,False
rtohs,,,False,,,,,tim4sk,False,active,2026-05-15,2026-05-15,SS=hns_ss-export-tld.20251226_20260107_translated_20260117.adapted.csv;HSD=hns_bob_tlds.csv,2026-05-15T21:54:27,False
rtohx,,,False,,,,,tim4sk,False,active,2026-05-15,2026-05-15,SS=hns_ss-export-tld.20251226_20260107_translated_20260117.adapted.csv;HSD=hns_bob_tlds.csv,2026-05-15T21:54:27,False
rubricity,,,False,,,,,tim4sk,False,active,2026-05-15,2026-05-15,SS=hns_ss-export-tld.20251226_20260107_translated_20260117.adapted.csv;HSD=hns_bob_tlds.csv,2026-05-15T21:54:27,False
rubyroo,,,False,,,,,22catchall,False,active,2026-05-15,2026-05-15,SS=hns_ss-export-tld.20251226_20260107_translated_20260117.adapted.csv;HSD=hns_bob_tlds.csv,2026-05-15T21:54:27,False
rugowner,,,False,,,,,22catchall,False,active,2026-05-15,2026-05-15,SS=hns_ss-export-tld.20251226_20260107_translated_20260117.adapted.csv;HSD=hns_bob_tlds.csv,2026-05-15T21:54:27,False
runabouts,,,False,,,,,22catchall,False,active,2026-05-15,2026-05-15,SS=hns_ss-export-tld.20251226_20260107_translated_20260117.adapted.csv;HSD=hns_bob_tlds.csv,2026-05-15T21:54:27,False
russica,,,False,,,,,22catchall,False,active,2026-05-15,2026-05-15,SS=hns_ss-export-tld.20251226_20260107_translated_20260117.adapted.csv;HSD=hns_bob_tlds.csv,2026-05-15T21:54:27,False
rv18,,,False,,,,,22catchall,False,active,2026-05-15,2026-05-15,SS=hns_ss-export-tld.20251226_20260107_translated_20260117.adapted.csv;HSD=hns_bob_tlds.csv,2026-05-15T21:54:27,False
rv40,,,False,,,,,22catchall,False,active,2026-05-15,2026-05-15,SS=hns_ss-export-tld.20251226_20260107_translated_20260117.adapted.csv;HSD=hns_bob_tlds.csv,2026-05-15T21:54:27,False
rvarud,,,False,,,,,22catchall,False,active,2026-05-15,2026-05-15,SS=hns_ss-export-tld.20251226_20260107_translated_20260117.adapted.csv;HSD=hns_bob_tlds.csv,2026-05-15T21:54:27,False
rvau,,,False,,,,,timaxau,False,active,2026-05-15,2026-05-15,SS=hns_ss-export-tld.20251226_20260107_translated_20260117.adapted.csv;HSD=hns_bob_tlds.csv,2026-05-15T21:54:27,False
rvfans,,,False,,,,,22catchall,False,active,2026-05-15,2026-05-15,SS=hns_ss-export-tld.20251226_20260107_translated_20260117.adapted.csv;HSD=hns_bob_tlds.csv,2026-05-15T21:54:27,False
rvmart,,,False,,,,,22catchall,False,active,2026-05-15,2026-05-15,SS=hns_ss-export-tld.20251226_20260107_translated_20260117.adapted.csv;HSD=hns_bob_tlds.csv,2026-05-15T21:54:27,False
rvnft,,,False,,,,,22catchall,False,active,2026-05-15,2026-05-15,SS=hns_ss-export-tld.20251226_20260107_translated_20260117.adapted.csv;HSD=hns_bob_tlds.csv,2026-05-15T21:54:27,False
rvshed,,,False,,,,,22catchall,False,active,2026-05-15,2026-05-15,SS=hns_ss-export-tld.20251226_20260107_translated_20260117.adapted.csv;HSD=hns_bob_tlds.csv,2026-05-15T21:54:27,False
rvstop,,,False,,,,,22catchall,False,active,2026-05-15,2026-05-15,SS=hns_ss-export-tld.20251226_20260107_translated_20260117.adapted.csv;HSD=hns_bob_tlds.csv,2026-05-15T21:54:27,False
rxlucky,,,False,,,,,tim4sk,False,active,2026-05-15,2026-05-15,SS=hns_ss-export-tld.20251226_20260107_translated_20260117.adapted.csv;HSD=hns_bob_tlds.csv,2026-05-15T21:54:27,False
rxoht,,,False,,,,,tim4sk,False,active,2026-05-15,2026-05-15,SS=hns_ss-export-tld.20251226_20260107_translated_20260117.adapted.csv;HSD=hns_bob_tlds.csv,2026-05-15T21:54:27,False
rxorh,,,False,,,,,tim4sk,False,active,2026-05-15,2026-05-15,SS=hns_ss-export-tld.20251226_20260107_translated_20260117.adapted.csv;HSD=hns_bob_tlds.csv,2026-05-15T21:54:27,False
rxoth,,,False,,,,,tim4sk,False,active,2026-05-15,2026-05-15,SS=hns_ss-export-tld.20251226_20260107_translated_20260117.adapted.csv;HSD=hns_bob_tlds.csv,2026-05-15T21:54:27,False
rxtho,,,False,,,,,tim4sk,False,active,2026-05-15,2026-05-15,SS=hns_ss-export-tld.20251226_20260107_translated_20260117.adapted.csv;HSD=hns_bob_tlds.csv,2026-05-15T21:54:27,False
rxtoh,,,False,,,,,tim4sk,False,active,2026-05-15,2026-05-15,SS=hns_ss-export-tld.20251226_20260107_translated_20260117.adapted.csv;HSD=hns_bob_tlds.csv,2026-05-15T21:54:27,False
rzhto,,,False,,,,,tim4sk,False,active,2026-05-15,2026-05-15,SS=hns_ss-export-tld.20251226_20260107_translated_20260117.adapted.csv;HSD=hns_bob_tlds.csv,2026-05-15T21:54:27,False
rzoht,,,False,,,,,tim4sk,False,active,2026-05-15,2026-05-15,SS=hns_ss-export-tld.20251226_20260107_translated_20260117.adapted.csv;HSD=hns_bob_tlds.csv,2026-05-15T21:54:27,False
rzorh,,,False,,,,,tim4sk,False,active,2026-05-15,2026-05-15,SS=hns_ss-export-tld.20251226_20260107_translated_20260117.adapted.csv;HSD=hns_bob_tlds.csv,2026-05-15T21:54:27,False
rztho,,,False,,,,,tim4sk,False,active,2026-05-15,2026-05-15,SS=hns_ss-export-tld.20251226_20260107_translated_20260117.adapted.csv;HSD=hns_bob_tlds.csv,2026-05-15T21:54:27,False
rztoh,,,False,,,,,tim4sk,False,active,2026-05-15,2026-05-15,SS=hns_ss-export-tld.20251226_20260107_translated_20260117.adapted.csv;HSD=hns_bob_tlds.csv,2026-05-15T21:54:27,False
s414s,,,False,,,,,22catchall,False,active,2026-05-15,2026-05-15,SS=hns_ss-export-tld.20251226_20260107_translated_20260117.adapted.csv;HSD=hns_bob_tlds.csv,2026-05-15T21:54:27,False
sabarkend,,,False,,,,,22catchall,False,active,2026-05-15,2026-05-15,SS=hns_ss-export-tld.20251226_20260107_translated_20260117.adapted.csv;HSD=hns_bob_tlds.csv,2026-05-15T21:54:27,False
sabatlar,,,False,,,,,22catchall,False,active,2026-05-15,2026-05-15,SS=hns_ss-export-tld.20251226_20260107_translated_20260117.adapted.csv;HSD=hns_bob_tlds.csv,2026-05-15T21:54:27,False
sabirkand,,,False,,,,,22catchall,False,active,2026-05-15,2026-05-15,SS=hns_ss-export-tld.20251226_20260107_translated_20260117.adapted.csv;HSD=hns_bob_tlds.csv,2026-05-15T21:54:27,False
sabirkend,,,False,,,,,22catchall,False,active,2026-05-15,2026-05-15,SS=hns_ss-export-tld.20251226_20260107_translated_20260117.adapted.csv;HSD=hns_bob_tlds.csv,2026-05-15T21:54:27,False
sabirli,,,False,,,,,22catchall,False,active,2026-05-15,2026-05-15,SS=hns_ss-export-tld.20251226_20260107_translated_20260117.adapted.csv;HSD=hns_bob_tlds.csv,2026-05-15T21:54:27,False
saferefuge,,,False,,,,,h2o,False,active,2026-05-15,2026-05-15,SS=hns_ss-export-tld.20251226_20260107_translated_20260117.adapted.csv;HSD=hns_bob_tlds.csv,2026-05-15T21:54:27,False
safewaterfilter,,,False,,,,,22catchall,False,active,2026-05-15,2026-05-15,SS=hns_ss-export-tld.20251226_20260107_translated_20260117.adapted.csv;HSD=hns_bob_tlds.csv,2026-05-15T21:54:27,False
sage-rabbit,,,False,,,,,r1f,False,active,2026-05-15,2026-05-15,SS=hns_ss-export-tld.20251226_20260107_translated_20260117.adapted.csv;HSD=hns_bob_tlds.csv,2026-05-15T21:54:27,False
sagov,,,False,,,,,timaxau,False,active,2026-05-15,2026-05-15,SS=hns_ss-export-tld.20251226_20260107_translated_20260117.adapted.csv;HSD=hns_bob_tlds.csv,2026-05-15T21:54:27,False
sagovau,,,False,,,,,tim4sk,False,active,2026-05-15,2026-05-15,SS=hns_ss-export-tld.20251226_20260107_translated_20260117.adapted.csv;HSD=hns_bob_tlds.csv,2026-05-15T21:54:27,False
saiftea,,,False,,,,,12tea,False,active,2026-05-15,2026-05-15,SS=hns_ss-export-tld.20251226_20260107_translated_20260117.adapted.csv;HSD=hns_bob_tlds.csv,2026-05-15T21:54:27,False
sailbear,,,False,,,,,22catchall,False,active,2026-05-15,2026-05-15,SS=hns_ss-export-tld.20251226_20260107_translated_20260117.adapted.csv;HSD=hns_bob_tlds.csv,2026-05-15T21:54:27,False
saillay,,,False,,,,,22catchall,False,active,2026-05-15,2026-05-15,SS=hns_ss-export-tld.20251226_20260107_translated_20260117.adapted.csv;HSD=hns_bob_tlds.csv,2026-05-15T21:54:27,False
sailorart,,,False,,,,,h2o,False,active,2026-05-15,2026-05-15,SS=hns_ss-export-tld.20251226_20260107_translated_20260117.adapted.csv;HSD=hns_bob_tlds.csv,2026-05-15T21:54:27,False
sailorfish,,,False,,,,,22catchall,False,active,2026-05-15,2026-05-15,SS=hns_ss-export-tld.20251226_20260107_translated_20260117.adapted.csv;HSD=hns_bob_tlds.csv,2026-05-15T21:54:27,False
sailorizing,,,False,,,,,22catchall,False,active,2026-05-15,2026-05-15,SS=hns_ss-export-tld.20251226_20260107_translated_20260117.adapted.csv;HSD=hns_bob_tlds.csv,2026-05-15T21:54:27,False
sailtough,,,False,,,,,22catchall,False,active,2026-05-15,2026-05-15,SS=hns_ss-export-tld.20251226_20260107_translated_20260117.adapted.csv;HSD=hns_bob_tlds.csv,2026-05-15T21:54:27,False
sailwar,,,False,,,,,22catchall,False,active,2026-05-15,2026-05-15,SS=hns_ss-export-tld.20251226_20260107_translated_20260117.adapted.csv;HSD=hns_bob_tlds.csv,2026-05-15T21:54:27,False
salesell,,,False,,,,,22catchall,False,active,2026-05-15,2026-05-15,SS=hns_ss-export-tld.20251226_20260107_translated_20260117.adapted.csv;HSD=hns_bob_tlds.csv,2026-05-15T21:54:27,False
saliant,,,False,,,,,22catchall,False,active,2026-05-15,2026-05-15,SS=hns_ss-export-tld.20251226_20260107_translated_20260117.adapted.csv;HSD=hns_bob_tlds.csv,2026-05-15T21:54:27,False
saltyspray,,,False,,,,,h2o,False,active,2026-05-15,2026-05-15,SS=hns_ss-export-tld.20251226_20260107_translated_20260117.adapted.csv;HSD=hns_bob_tlds.csv,2026-05-15T21:54:27,False
sancturay,,,False,,,,,r1f,False,active,2026-05-15,2026-05-15,SS=hns_ss-export-tld.20251226_20260107_translated_20260117.adapted.csv;HSD=hns_bob_tlds.csv,2026-05-15T21:54:27,False
sandheaver,,,False,,,,,tim4sk,False,active,2026-05-15,2026-05-15,SS=hns_ss-export-tld.20251226_20260107_translated_20260117.adapted.csv;HSD=hns_bob_tlds.csv,2026-05-15T21:54:27,False
savingstop,,,False,,,,,22catchall,False,active,2026-05-15,2026-05-15,SS=hns_ss-export-tld.20251226_20260107_translated_20260117.adapted.csv;HSD=hns_bob_tlds.csv,2026-05-15T21:54:27,False
schizothymia,,,False,,,,,22catchall,False,active,2026-05-15,2026-05-15,SS=hns_ss-export-tld.20251226_20260107_translated_20260117.adapted.csv;HSD=hns_bob_tlds.csv,2026-05-15T21:54:27,False
schooliesweek,,,False,,,,,timaxau,False,active,2026-05-15,2026-05-15,SS=hns_ss-export-tld.20251226_20260107_translated_20260117.adapted.csv;HSD=hns_bob_tlds.csv,2026-05-15T21:54:27,False
screwlife,,,False,,,,,22catchall,False,active,2026-05-15,2026-05-15,SS=hns_ss-export-tld.20251226_20260107_translated_20260117.adapted.csv;HSD=hns_bob_tlds.csv,2026-05-15T21:54:27,False
scubashack,,,False,,,,,22catchall,False,active,2026-05-15,2026-05-15,SS=hns_ss-export-tld.20251226_20260107_translated_20260117.adapted.csv;HSD=hns_bob_tlds.csv,2026-05-15T21:54:27,False
sdubs,,,False,,,,,22catchall,False,active,2026-05-15,2026-05-15,SS=hns_ss-export-tld.20251226_20260107_translated_20260117.adapted.csv;HSD=hns_bob_tlds.csv,2026-05-15T21:54:27,False
seablockchain,,,False,,,,,22catchall,False,active,2026-05-15,2026-05-15,SS=hns_ss-export-tld.20251226_20260107_translated_20260117.adapted.csv;HSD=hns_bob_tlds.csv,2026-05-15T21:54:27,False
seaborder,,,False,,,,,22catchall,False,active,2026-05-15,2026-05-15,SS=hns_ss-export-tld.20251226_20260107_translated_20260117.adapted.csv;HSD=hns_bob_tlds.csv,2026-05-15T21:54:27,False
seacontact,,,False,,,,,22catchall,False,active,2026-05-15,2026-05-15,SS=hns_ss-export-tld.20251226_20260107_translated_20260117.adapted.csv;HSD=hns_bob_tlds.csv,2026-05-15T21:54:27,False
seacritters,,,False,,,,,22catchall,False,active,2026-05-15,2026-05-15,SS=hns_ss-export-tld.20251226_20260107_translated_20260117.adapted.csv;HSD=hns_bob_tlds.csv,2026-05-15T21:54:27,False
seaducks,,,False,,,,,22catchall,False,active,2026-05-15,2026-05-15,SS=hns_ss-export-tld.20251226_20260107_translated_20260117.adapted.csv;HSD=hns_bob_tlds.csv,2026-05-15T21:54:27,False
seafoodplaces,,,False,,,,,22catchall,False,active,2026-05-15,2026-05-15,SS=hns_ss-export-tld.20251226_20260107_translated_20260117.adapted.csv;HSD=hns_bob_tlds.csv,2026-05-15T21:54:27,False
seaforthia,,,False,,,,,22catchall,False,active,2026-05-15,2026-05-15,SS=hns_ss-export-tld.20251226_20260107_translated_20260117.adapted.csv;HSD=hns_bob_tlds.csv,2026-05-15T21:54:27,False
seage,,,False,,,,,22catchall,False,active,2026-05-15,2026-05-15,SS=hns_ss-export-tld.20251226_20260107_translated_20260117.adapted.csv;HSD=hns_bob_tlds.csv,2026-05-15T21:54:27,False
seagrant,,,False,,,,,22catchall,False,active,2026-05-15,2026-05-15,SS=hns_ss-export-tld.20251226_20260107_translated_20260117.adapted.csv;HSD=hns_bob_tlds.csv,2026-05-15T21:54:27,False
seamossgel,,,False,,,,,22catchall,False,active,2026-05-15,2026-05-15,SS=hns_ss-export-tld.20251226_20260107_translated_20260117.adapted.csv;HSD=hns_bob_tlds.csv,2026-05-15T21:54:27,False
seaninja,,,False,,,,,22catchall,False,active,2026-05-15,2026-05-15,SS=hns_ss-export-tld.20251226_20260107_translated_20260117.adapted.csv;HSD=hns_bob_tlds.csv,2026-05-15T21:54:27,False
seanut,,,False,,,,,22catchall,False,active,2026-05-15,2026-05-15,SS=hns_ss-export-tld.20251226_20260107_translated_20260117.adapted.csv;HSD=hns_bob_tlds.csv,2026-05-15T21:54:27,False
seaphase,,,False,,,,,tim4sk,False,active,2026-05-15,2026-05-15,SS=hns_ss-export-tld.20251226_20260107_translated_20260117.adapted.csv;HSD=hns_bob_tlds.csv,2026-05-15T21:54:27,False
seaphoto,,,False,,,,,22catchall,False,active,2026-05-15,2026-05-15,SS=hns_ss-export-tld.20251226_20260107_translated_20260117.adapted.csv;HSD=hns_bob_tlds.csv,2026-05-15T21:54:27,False
seapiece,,,False,,,,,22catchall,False,active,2026-05-15,2026-05-15,SS=hns_ss-export-tld.20251226_20260107_translated_20260117.adapted.csv;HSD=hns_bob_tlds.csv,2026-05-15T21:54:27,False
seapixel,,,False,,,,,22catchall,False,active,2026-05-15,2026-05-15,SS=hns_ss-export-tld.20251226_20260107_translated_20260117.adapted.csv;HSD=hns_bob_tlds.csv,2026-05-15T21:54:27,False
seascapeart,,,False,,,,,22catchall,False,active,2026-05-15,2026-05-15,SS=hns_ss-export-tld.20251226_20260107_translated_20260117.adapted.csv;HSD=hns_bob_tlds.csv,2026-05-15T21:54:27,False
seases,,,False,,,,,22catchall,False,active,2026-05-15,2026-05-15,SS=hns_ss-export-tld.20251226_20260107_translated_20260117.adapted.csv;HSD=hns_bob_tlds.csv,2026-05-15T21:54:27,False
seashoes,,,False,,,,,22catchall,False,active,2026-05-15,2026-05-15,SS=hns_ss-export-tld.20251226_20260107_translated_20260117.adapted.csv;HSD=hns_bob_tlds.csv,2026-05-15T21:54:27,False
seasocks,,,False,,,,,22catchall,False,active,2026-05-15,2026-05-15,SS=hns_ss-export-tld.20251226_20260107_translated_20260117.adapted.csv;HSD=hns_bob_tlds.csv,2026-05-15T21:54:27,False
seasports,,,False,,,,,22catchall,False,active,2026-05-15,2026-05-15,SS=hns_ss-export-tld.20251226_20260107_translated_20260117.adapted.csv;HSD=hns_bob_tlds.csv,2026-05-15T21:54:27,False
seau,,,False,,,,,timaxau,False,active,2026-05-15,2026-05-15,SS=hns_ss-export-tld.20251226_20260107_translated_20260117.adapted.csv;HSD=hns_bob_tlds.csv,2026-05-15T21:54:27,False
seawanderer,,,False,,,,,tim4sk,False,active,2026-05-15,2026-05-15,SS=hns_ss-export-tld.20251226_20260107_translated_20260117.adapted.csv;HSD=hns_bob_tlds.csv,2026-05-15T21:54:27,False
seawaterpump,,,False,,,,,22catchall,False,active,2026-05-15,2026-05-15,SS=hns_ss-export-tld.20251226_20260107_translated_20260117.adapted.csv;HSD=hns_bob_tlds.csv,2026-05-15T21:54:27,False
seawings,,,False,,,,,22catchall,False,active,2026-05-15,2026-05-15,SS=hns_ss-export-tld.20251226_20260107_translated_20260117.adapted.csv;HSD=hns_bob_tlds.csv,2026-05-15T21:54:27,False
seawisdom,,,False,,,,,tim4sk,False,active,2026-05-15,2026-05-15,SS=hns_ss-export-tld.20251226_20260107_translated_20260117.adapted.csv;HSD=hns_bob_tlds.csv,2026-05-15T21:54:27,False
seaworn,,,False,,,,,22catchall,False,active,2026-05-15,2026-05-15,SS=hns_ss-export-tld.20251226_20260107_translated_20260117.adapted.csv;HSD=hns_bob_tlds.csv,2026-05-15T21:54:27,False
secretgold,,,False,,,,,22catchall,False,active,2026-05-15,2026-05-15,SS=hns_ss-export-tld.20251226_20260107_translated_20260117.adapted.csv;HSD=hns_bob_tlds.csv,2026-05-15T21:54:27,False
seddir,,,False,,,,,tim4sk,False,active,2026-05-15,2026-05-15,SS=hns_ss-export-tld.20251226_20260107_translated_20260117.adapted.csv;HSD=hns_bob_tlds.csv,2026-05-15T21:54:27,False
seedwetrust,,,False,,,,,22catchall,False,active,2026-05-15,2026-05-15,SS=hns_ss-export-tld.20251226_20260107_translated_20260117.adapted.csv;HSD=hns_bob_tlds.csv,2026-05-15T21:54:27,False
seefooddiet,,,False,,,,,22catchall,False,active,2026-05-15,2026-05-15,SS=hns_ss-export-tld.20251226_20260107_translated_20260117.adapted.csv;HSD=hns_bob_tlds.csv,2026-05-15T21:54:27,False
seespot,,,False,,,,,22catchall,False,active,2026-05-15,2026-05-15,SS=hns_ss-export-tld.20251226_20260107_translated_20260117.adapted.csv;HSD=hns_bob_tlds.csv,2026-05-15T21:54:27,False
sendtransfer,,,False,,,,,22catchall,False,active,2026-05-15,2026-05-15,SS=hns_ss-export-tld.20251226_20260107_translated_20260117.adapted.csv;HSD=hns_bob_tlds.csv,2026-05-15T21:54:27,False
seniorgirl,,,False,,,,,22catchall,False,active,2026-05-15,2026-05-15,SS=hns_ss-export-tld.20251226_20260107_translated_20260117.adapted.csv;HSD=hns_bob_tlds.csv,2026-05-15T21:54:27,False
seperate,,,False,,,,,22catchall,False,active,2026-05-15,2026-05-15,SS=hns_ss-export-tld.20251226_20260107_translated_20260117.adapted.csv;HSD=hns_bob_tlds.csv,2026-05-15T21:54:27,False
seqld,,,False,,,,,timaxau,False,active,2026-05-15,2026-05-15,SS=hns_ss-export-tld.20251226_20260107_translated_20260117.adapted.csv;HSD=hns_bob_tlds.csv,2026-05-15T21:54:27,False
sesau,,,False,,,,,timaxau,False,active,2026-05-15,2026-05-15,SS=hns_ss-export-tld.20251226_20260107_translated_20260117.adapted.csv;HSD=hns_bob_tlds.csv,2026-05-15T21:54:27,False
setafloat,,,False,,,,,22catchall,False,active,2026-05-15,2026-05-15,SS=hns_ss-export-tld.20251226_20260107_translated_20260117.adapted.csv;HSD=hns_bob_tlds.csv,2026-05-15T21:54:27,False
sevening,,,False,,,,,22catchall,False,active,2026-05-15,2026-05-15,SS=hns_ss-export-tld.20251226_20260107_translated_20260117.adapted.csv;HSD=hns_bob_tlds.csv,2026-05-15T21:54:27,False
sexxxyblondes,,,False,,,,,22catchall,False,active,2026-05-15,2026-05-15,SS=hns_ss-export-tld.20251226_20260107_translated_20260117.adapted.csv;HSD=hns_bob_tlds.csv,2026-05-15T21:54:27,False
shadow3d,,,False,,,,,22catchall,False,active,2026-05-15,2026-05-15,SS=hns_ss-export-tld.20251226_20260107_translated_20260117.adapted.csv;HSD=hns_bob_tlds.csv,2026-05-15T21:54:27,False
shakebake,,,False,,,,,22catchall,False,active,2026-05-15,2026-05-15,SS=hns_ss-export-tld.20251226_20260107_translated_20260117.adapted.csv;HSD=hns_bob_tlds.csv,2026-05-15T21:54:27,False
shakedif,,,False,,,,,22catchall,False,active,2026-05-15,2026-05-15,SS=hns_ss-export-tld.20251226_20260107_translated_20260117.adapted.csv;HSD=hns_bob_tlds.csv,2026-05-15T21:54:27,False
shakefork,,,False,,,,,22catchall,False,active,2026-05-15,2026-05-15,SS=hns_ss-export-tld.20251226_20260107_translated_20260117.adapted.csv;HSD=hns_bob_tlds.csv,2026-05-15T21:54:27,False
shakeguide,,,False,,,,,22catchall,False,active,2026-05-15,2026-05-15,SS=hns_ss-export-tld.20251226_20260107_translated_20260117.adapted.csv;HSD=hns_bob_tlds.csv,2026-05-15T21:54:27,False
shakespearefishing,,,False,,,,,22catchall,False,active,2026-05-15,2026-05-15,SS=hns_ss-export-tld.20251226_20260107_translated_20260117.adapted.csv;HSD=hns_bob_tlds.csv,2026-05-15T21:54:27,False
sharkarmy,,,False,,,,,r1f,False,active,2026-05-15,2026-05-15,SS=hns_ss-export-tld.20251226_20260107_translated_20260117.adapted.csv;HSD=hns_bob_tlds.csv,2026-05-15T21:54:27,False
sharkspecies,,,False,,,,,r1f,False,active,2026-05-15,2026-05-15,SS=hns_ss-export-tld.20251226_20260107_translated_20260117.adapted.csv;HSD=hns_bob_tlds.csv,2026-05-15T21:54:27,False
sharkswim,,,False,,,,,r1f,False,active,2026-05-15,2026-05-15,SS=hns_ss-export-tld.20251226_20260107_translated_20260117.adapted.csv;HSD=hns_bob_tlds.csv,2026-05-15T21:54:27,False
sharktracking,,,False,,,,,22catchall,False,active,2026-05-15,2026-05-15,SS=hns_ss-export-tld.20251226_20260107_translated_20260117.adapted.csv;HSD=hns_bob_tlds.csv,2026-05-15T21:54:27,False
shedcar,,,False,,,,,22catchall,False,active,2026-05-15,2026-05-15,SS=hns_ss-export-tld.20251226_20260107_translated_20260117.adapted.csv;HSD=hns_bob_tlds.csv,2026-05-15T21:54:27,False
shellsea,,,False,,,,,h2o,False,active,2026-05-15,2026-05-15,SS=hns_ss-export-tld.20251226_20260107_translated_20260117.adapted.csv;HSD=hns_bob_tlds.csv,2026-05-15T21:54:27,False
shellybeach,,,False,,,,,timaxau,False,active,2026-05-15,2026-05-15,SS=hns_ss-export-tld.20251226_20260107_translated_20260117.adapted.csv;HSD=hns_bob_tlds.csv,2026-05-15T21:54:27,False
shht,,,False,,,,,22catchall,False,active,2026-05-15,2026-05-15,SS=hns_ss-export-tld.20251226_20260107_translated_20260117.adapted.csv;HSD=hns_bob_tlds.csv,2026-05-15T21:54:27,False
shi3,,,False,,,,,22catchall,False,active,2026-05-15,2026-05-15,SS=hns_ss-export-tld.20251226_20260107_translated_20260117.adapted.csv;HSD=hns_bob_tlds.csv,2026-05-15T21:54:27,False
shiningisland,,,False,,,,,22catchall,False,active,2026-05-15,2026-05-15,SS=hns_ss-export-tld.20251226_20260107_translated_20260117.adapted.csv;HSD=hns_bob_tlds.csv,2026-05-15T21:54:27,False
ship-money,,,False,,,,,22catchall,False,active,2026-05-15,2026-05-15,SS=hns_ss-export-tld.20251226_20260107_translated_20260117.adapted.csv;HSD=hns_bob_tlds.csv,2026-05-15T21:54:27,False
shipaward,,,False,,,,,22catchall,False,active,2026-05-15,2026-05-15,SS=hns_ss-export-tld.20251226_20260107_translated_20260117.adapted.csv;HSD=hns_bob_tlds.csv,2026-05-15T21:54:27,False
shipborn,,,False,,,,,h2o,False,active,2026-05-15,2026-05-15,SS=hns_ss-export-tld.20251226_20260107_translated_20260117.adapted.csv;HSD=hns_bob_tlds.csv,2026-05-15T21:54:27,False
shipcats,,,False,,,,,22catchall,False,active,2026-05-15,2026-05-15,SS=hns_ss-export-tld.20251226_20260107_translated_20260117.adapted.csv;HSD=hns_bob_tlds.csv,2026-05-15T21:54:27,False
shipchic,,,False,,,,,h2o,False,active,2026-05-15,2026-05-15,SS=hns_ss-export-tld.20251226_20260107_translated_20260117.adapted.csv;HSD=hns_bob_tlds.csv,2026-05-15T21:54:27,False
shiprekt,,,False,,,,,tim4sk,False,active,2026-05-15,2026-05-15,SS=hns_ss-export-tld.20251226_20260107_translated_20260117.adapted.csv;HSD=hns_bob_tlds.csv,2026-05-15T21:54:27,False
shipsupplies,,,False,,,,,22catchall,False,active,2026-05-15,2026-05-15,SS=hns_ss-export-tld.20251226_20260107_translated_20260117.adapted.csv;HSD=hns_bob_tlds.csv,2026-05-15T21:54:27,False
shiptea,,,False,,,,,12tea,False,active,2026-05-15,2026-05-15,SS=hns_ss-export-tld.20251226_20260107_translated_20260117.adapted.csv;HSD=hns_bob_tlds.csv,2026-05-15T21:54:27,False
shiq,,,False,,,,,22catchall,False,active,2026-05-15,2026-05-15,SS=hns_ss-export-tld.20251226_20260107_translated_20260117.adapted.csv;HSD=hns_bob_tlds.csv,2026-05-15T21:54:27,False
shitcreek,,,False,,,,,22catchall,False,active,2026-05-15,2026-05-15,SS=hns_ss-export-tld.20251226_20260107_translated_20260117.adapted.csv;HSD=hns_bob_tlds.csv,2026-05-15T21:54:27,False
shitfight,,,False,,,,,22catchall,False,active,2026-05-15,2026-05-15,SS=hns_ss-export-tld.20251226_20260107_translated_20260117.adapted.csv;HSD=hns_bob_tlds.csv,2026-05-15T21:54:27,False
shrtct,,,False,,,,,h4ndsh4k,False,active,2026-05-15,2026-05-15,SS=hns_ss-export-tld.20251226_20260107_translated_20260117.adapted.csv;HSD=hns_bob_tlds.csv,2026-05-15T21:54:27,False
sigmate,,,False,,,,,22catchall,False,active,2026-05-15,2026-05-15,SS=hns_ss-export-tld.20251226_20260107_translated_20260117.adapted.csv;HSD=hns_bob_tlds.csv,2026-05-15T21:54:27,False
sikanika,,,False,,,,,tim4sk,False,active,2026-05-15,2026-05-15,SS=hns_ss-export-tld.20251226_20260107_translated_20260117.adapted.csv;HSD=hns_bob_tlds.csv,2026-05-15T21:54:27,False
sikjan,,,False,,,,,tim4sk,False,active,2026-05-15,2026-05-15,SS=hns_ss-export-tld.20251226_20260107_translated_20260117.adapted.csv;HSD=hns_bob_tlds.csv,2026-05-15T21:54:27,False
silverizing,,,False,,,,,22catchall,False,active,2026-05-15,2026-05-15,SS=hns_ss-export-tld.20251226_20260107_translated_20260117.adapted.csv;HSD=hns_bob_tlds.csv,2026-05-15T21:54:27,False
simim,,,False,,,,,22catchall,False,active,2026-05-15,2026-05-15,SS=hns_ss-export-tld.20251226_20260107_translated_20260117.adapted.csv;HSD=hns_bob_tlds.csv,2026-05-15T21:54:27,False
simpledish,,,False,,,,,tim4sk,False,active,2026-05-15,2026-05-15,SS=hns_ss-export-tld.20251226_20260107_translated_20260117.adapted.csv;HSD=hns_bob_tlds.csv,2026-05-15T21:54:27,False
simplewin,,,False,,,,,22catchall,False,active,2026-05-15,2026-05-15,SS=hns_ss-export-tld.20251226_20260107_translated_20260117.adapted.csv;HSD=hns_bob_tlds.csv,2026-05-15T21:54:27,False
sinism,,,False,,,,,22catchall,False,active,2026-05-15,2026-05-15,SS=hns_ss-export-tld.20251226_20260107_translated_20260117.adapted.csv;HSD=hns_bob_tlds.csv,2026-05-15T21:54:27,False
sinitic,,,False,,,,,22catchall,False,active,2026-05-15,2026-05-15,SS=hns_ss-export-tld.20251226_20260107_translated_20260117.adapted.csv;HSD=hns_bob_tlds.csv,2026-05-15T21:54:27,False
sissyism,,,False,,,,,22catchall,False,active,2026-05-15,2026-05-15,SS=hns_ss-export-tld.20251226_20260107_translated_20260117.adapted.csv;HSD=hns_bob_tlds.csv,2026-05-15T21:54:27,False
sitotoxin,,,False,,,,,22catchall,False,active,2026-05-15,2026-05-15,SS=hns_ss-export-tld.20251226_20260107_translated_20260117.adapted.csv;HSD=hns_bob_tlds.csv,2026-05-15T21:54:27,False
sixxxxxx,,,False,,,,,22catchall,False,active,2026-05-15,2026-05-15,SS=hns_ss-export-tld.20251226_20260107_translated_20260117.adapted.csv;HSD=hns_bob_tlds.csv,2026-05-15T21:54:27,False
skatan,,,False,,,,,22catchall,False,active,2026-05-15,2026-05-15,SS=hns_ss-export-tld.20251226_20260107_translated_20260117.adapted.csv;HSD=hns_bob_tlds.csv,2026-05-15T21:54:27,False
skatebaord,,,False,,,,,tim4sk,False,active,2026-05-15,2026-05-15,SS=hns_ss-export-tld.20251226_20260107_translated_20260117.adapted.csv;HSD=hns_bob_tlds.csv,2026-05-15T21:54:27,False
skategoat,,,False,,,,,22catchall,False,active,2026-05-15,2026-05-15,SS=hns_ss-export-tld.20251226_20260107_translated_20260117.adapted.csv;HSD=hns_bob_tlds.csv,2026-05-15T21:54:27,False
skilletfish,,,False,,,,,22catchall,False,active,2026-05-15,2026-05-15,SS=hns_ss-export-tld.20251226_20260107_translated_20260117.adapted.csv;HSD=hns_bob_tlds.csv,2026-05-15T21:54:27,False
skykennel,,,False,,,,,tim4sk,False,active,2026-05-15,2026-05-15,SS=hns_ss-export-tld.20251226_20260107_translated_20260117.adapted.csv;HSD=hns_bob_tlds.csv,2026-05-15T21:54:27,False
slashetch,,,False,,,,,22catchall,False,active,2026-05-15,2026-05-15,SS=hns_ss-export-tld.20251226_20260107_translated_20260117.adapted.csv;HSD=hns_bob_tlds.csv,2026-05-15T21:54:27,False
slavedealer,,,False,,,,,22catchall,False,active,2026-05-15,2026-05-15,SS=hns_ss-export-tld.20251226_20260107_translated_20260117.adapted.csv;HSD=hns_bob_tlds.csv,2026-05-15T21:54:27,False
slaverdefi,,,False,,,,,8urnt,False,active,2026-05-15,2026-05-15,SS=hns_ss-export-tld.20251226_20260107_translated_20260117.adapted.csv;HSD=hns_bob_tlds.csv,2026-05-15T21:54:27,False
sld-sales,,,False,,,,,22catchall,False,active,2026-05-15,2026-05-15,SS=hns_ss-export-tld.20251226_20260107_translated_20260117.adapted.csv;HSD=hns_bob_tlds.csv,2026-05-15T21:54:27,False
sldepot,,,False,,,,,22catchall,False,active,2026-05-15,2026-05-15,SS=hns_ss-export-tld.20251226_20260107_translated_20260117.adapted.csv;HSD=hns_bob_tlds.csv,2026-05-15T21:54:27,False
sldepotld,,,False,,,,,22catchall,False,active,2026-05-15,2026-05-15,SS=hns_ss-export-tld.20251226_20260107_translated_20260117.adapted.csv;HSD=hns_bob_tlds.csv,2026-05-15T21:54:27,False
sleepywhale,,,False,,,,,h2o,False,active,2026-05-15,2026-05-15,SS=hns_ss-export-tld.20251226_20260107_translated_20260117.adapted.csv;HSD=hns_bob_tlds.csv,2026-05-15T21:54:27,False
slimteas,,,False,,,,,12tea,False,active,2026-05-15,2026-05-15,SS=hns_ss-export-tld.20251226_20260107_translated_20260117.adapted.csv;HSD=hns_bob_tlds.csv,2026-05-15T21:54:27,False
slsa,,,False,,,,,timaxau,False,active,2026-05-15,2026-05-15,SS=hns_ss-export-tld.20251226_20260107_translated_20260117.adapted.csv;HSD=hns_bob_tlds.csv,2026-05-15T21:54:27,False
smartplatform,,,False,,,,,22catchall,False,active,2026-05-15,2026-05-15,SS=hns_ss-export-tld.20251226_20260107_translated_20260117.adapted.csv;HSD=hns_bob_tlds.csv,2026-05-15T21:54:27,False
smhc,,,False,,,,,h4ndsh4k,False,active,2026-05-15,2026-05-15,SS=hns_ss-export-tld.20251226_20260107_translated_20260117.adapted.csv;HSD=hns_bob_tlds.csv,2026-05-15T21:54:27,False
smiledear,,,False,,,,,tim4sk,False,active,2026-05-15,2026-05-15,SS=hns_ss-export-tld.20251226_20260107_translated_20260117.adapted.csv;HSD=hns_bob_tlds.csv,2026-05-15T21:54:27,False
snakezoo,,,False,,,,,giftosend,False,active,2026-05-15,2026-05-15,SS=hns_ss-export-tld.20251226_20260107_translated_20260117.adapted.csv;HSD=hns_bob_tlds.csv,2026-05-15T21:54:27,False
snarkify,,,False,,,,,22catchall,False,active,2026-05-15,2026-05-15,SS=hns_ss-export-tld.20251226_20260107_translated_20260117.adapted.csv;HSD=hns_bob_tlds.csv,2026-05-15T21:54:27,False
sneekz,,,False,,,,,22catchall,False,active,2026-05-15,2026-05-15,SS=hns_ss-export-tld.20251226_20260107_translated_20260117.adapted.csv;HSD=hns_bob_tlds.csv,2026-05-15T21:54:27,False
sniperz,,,False,,,,,22catchall,False,active,2026-05-15,2026-05-15,SS=hns_ss-export-tld.20251226_20260107_translated_20260117.adapted.csv;HSD=hns_bob_tlds.csv,2026-05-15T21:54:27,False
snowshoerabbit,,,False,,,,,r1f,False,active,2026-05-15,2026-05-15,SS=hns_ss-export-tld.20251226_20260107_translated_20260117.adapted.csv;HSD=hns_bob_tlds.csv,2026-05-15T21:54:27,False
soilgift,,,False,,,,,22catchall,False,active,2026-05-15,2026-05-15,SS=hns_ss-export-tld.20251226_20260107_translated_20260117.adapted.csv;HSD=hns_bob_tlds.csv,2026-05-15T21:54:27,False
solarimages,,,False,,,,,22catchall,False,active,2026-05-15,2026-05-15,SS=hns_ss-export-tld.20251226_20260107_translated_20260117.adapted.csv;HSD=hns_bob_tlds.csv,2026-05-15T21:54:27,False
solarpass,,,False,,,,,22catchall,False,active,2026-05-15,2026-05-15,SS=hns_ss-export-tld.20251226_20260107_translated_20260117.adapted.csv;HSD=hns_bob_tlds.csv,2026-05-15T21:54:27,False
somewon,,,False,,,,,tim4sk,False,active,2026-05-15,2026-05-15,SS=hns_ss-export-tld.20251226_20260107_translated_20260117.adapted.csv;HSD=hns_bob_tlds.csv,2026-05-15T21:54:27,False
sonicarmy,,,False,,,,,tim4sk,False,active,2026-05-15,2026-05-15,SS=hns_ss-export-tld.20251226_20260107_translated_20260117.adapted.csv;HSD=hns_bob_tlds.csv,2026-05-15T21:54:27,False
sonywalkman,,,False,,,,,22catchall,False,active,2026-05-15,2026-05-15,SS=hns_ss-export-tld.20251226_20260107_translated_20260117.adapted.csv;HSD=hns_bob_tlds.csv,2026-05-15T21:54:27,False
soporose,,,False,,,,,k1f,False,active,2026-05-15,2026-05-15,SS=hns_ss-export-tld.20251226_20260107_translated_20260117.adapted.csv;HSD=hns_bob_tlds.csv,2026-05-15T21:54:27,False
soulpeace,,,False,,,,,22catchall,False,active,2026-05-15,2026-05-15,SS=hns_ss-export-tld.20251226_20260107_translated_20260117.adapted.csv;HSD=hns_bob_tlds.csv,2026-05-15T21:54:27,False
southaustralian,,,False,,,,,hnsaucommunal,False,active,2026-05-15,2026-05-15,SS=hns_ss-export-tld.20251226_20260107_translated_20260117.adapted.csv;HSD=hns_bob_tlds.csv,2026-05-15T21:54:27,False
spaceghxst,,,False,,,,,22catchall,False,active,2026-05-15,2026-05-15,SS=hns_ss-export-tld.20251226_20260107_translated_20260117.adapted.csv;HSD=hns_bob_tlds.csv,2026-05-15T21:54:27,False
spam69,,,False,,,,,tim4sk,False,active,2026-05-15,2026-05-15,SS=hns_ss-export-tld.20251226_20260107_translated_20260117.adapted.csv;HSD=hns_bob_tlds.csv,2026-05-15T21:54:27,False
spanishmovies,,,False,,,,,22catchall,False,active,2026-05-15,2026-05-15,SS=hns_ss-export-tld.20251226_20260107_translated_20260117.adapted.csv;HSD=hns_bob_tlds.csv,2026-05-15T21:54:27,False
speciesoffish,,,False,,,,,22catchall,False,active,2026-05-15,2026-05-15,SS=hns_ss-export-tld.20251226_20260107_translated_20260117.adapted.csv;HSD=hns_bob_tlds.csv,2026-05-15T21:54:27,False
spendpower,,,False,,,,,22catchall,False,active,2026-05-15,2026-05-15,SS=hns_ss-export-tld.20251226_20260107_translated_20260117.adapted.csv;HSD=hns_bob_tlds.csv,2026-05-15T21:54:27,False
spicnspan,,,False,,,,,tim4sk,False,active,2026-05-15,2026-05-15,SS=hns_ss-export-tld.20251226_20260107_translated_20260117.adapted.csv;HSD=hns_bob_tlds.csv,2026-05-15T21:54:27,False
spiritjunkie,,,False,,,,,22catchall,False,active,2026-05-15,2026-05-15,SS=hns_ss-export-tld.20251226_20260107_translated_20260117.adapted.csv;HSD=hns_bob_tlds.csv,2026-05-15T21:54:27,False
spotlighted,,,False,,,,,22catchall,False,active,2026-05-15,2026-05-15,SS=hns_ss-export-tld.20251226_20260107_translated_20260117.adapted.csv;HSD=hns_bob_tlds.csv,2026-05-15T21:54:27,False
squaredinkum,,,False,,,,,timaxau,False,active,2026-05-15,2026-05-15,SS=hns_ss-export-tld.20251226_20260107_translated_20260117.adapted.csv;HSD=hns_bob_tlds.csv,2026-05-15T21:54:27,False
squigglenft,,,False,,,,,tim4sk,False,active,2026-05-15,2026-05-15,SS=hns_ss-export-tld.20251226_20260107_translated_20260117.adapted.csv;HSD=hns_bob_tlds.csv,2026-05-15T21:54:27,False
stablenfts,,,False,,,,,22catchall,False,active,2026-05-15,2026-05-15,SS=hns_ss-export-tld.20251226_20260107_translated_20260117.adapted.csv;HSD=hns_bob_tlds.csv,2026-05-15T21:54:27,False
stakerx,,,False,,,,,22catchall,False,active,2026-05-15,2026-05-15,SS=hns_ss-export-tld.20251226_20260107_translated_20260117.adapted.csv;HSD=hns_bob_tlds.csv,2026-05-15T21:54:27,False
starbuckstea,,,False,,,,,12tea,False,active,2026-05-15,2026-05-15,SS=hns_ss-export-tld.20251226_20260107_translated_20260117.adapted.csv;HSD=hns_bob_tlds.csv,2026-05-15T21:54:27,False
starwars-toys,,,False,,,,,22catchall,False,active,2026-05-15,2026-05-15,SS=hns_ss-export-tld.20251226_20260107_translated_20260117.adapted.csv;HSD=hns_bob_tlds.csv,2026-05-15T21:54:27,False
stawmclowd,,,False,,,,,tim4sk,False,active,2026-05-15,2026-05-15,SS=hns_ss-export-tld.20251226_20260107_translated_20260117.adapted.csv;HSD=hns_bob_tlds.csv,2026-05-15T21:54:27,False
stellarai,,,False,,,,,22catchall,False,active,2026-05-15,2026-05-15,SS=hns_ss-export-tld.20251226_20260107_translated_20260117.adapted.csv;HSD=hns_bob_tlds.csv,2026-05-15T21:54:27,False
stephenx,,,False,,,,,22catchall,False,active,2026-05-15,2026-05-15,SS=hns_ss-export-tld.20251226_20260107_translated_20260117.adapted.csv;HSD=hns_bob_tlds.csv,2026-05-15T21:54:27,False
stereofoto,,,False,,,,,22catchall,False,active,2026-05-15,2026-05-15,SS=hns_ss-export-tld.20251226_20260107_translated_20260117.adapted.csv;HSD=hns_bob_tlds.csv,2026-05-15T21:54:27,False
stereograms,,,False,,,,,timaxau,False,active,2026-05-15,2026-05-15,SS=hns_ss-export-tld.20251226_20260107_translated_20260117.adapted.csv;HSD=hns_bob_tlds.csv,2026-05-15T21:54:27,False
stereograph,,,False,,,,,timaxau,False,active,2026-05-15,2026-05-15,SS=hns_ss-export-tld.20251226_20260107_translated_20260117.adapted.csv;HSD=hns_bob_tlds.csv,2026-05-15T21:54:27,False
stereographic,,,False,,,,,timaxau,False,active,2026-05-15,2026-05-15,SS=hns_ss-export-tld.20251226_20260107_translated_20260117.adapted.csv;HSD=hns_bob_tlds.csv,2026-05-15T21:54:27,False
stereographs,,,False,,,,,timaxau,False,active,2026-05-15,2026-05-15,SS=hns_ss-export-tld.20251226_20260107_translated_20260117.adapted.csv;HSD=hns_bob_tlds.csv,2026-05-15T21:54:27,False
stereophoto,,,False,,,,,tim4sk,False,active,2026-05-15,2026-05-15,SS=hns_ss-export-tld.20251226_20260107_translated_20260117.adapted.csv;HSD=hns_bob_tlds.csv,2026-05-15T21:54:27,False
stereophotography,,,False,,,,,tim4sk,False,active,2026-05-15,2026-05-15,SS=hns_ss-export-tld.20251226_20260107_translated_20260117.adapted.csv;HSD=hns_bob_tlds.csv,2026-05-15T21:54:27,False
stereoscopic,,,False,,,,,tim4sk,False,active,2026-05-15,2026-05-15,SS=hns_ss-export-tld.20251226_20260107_translated_20260117.adapted.csv;HSD=hns_bob_tlds.csv,2026-05-15T21:54:27,False
stereotomy,,,False,,,,,22catchall,False,active,2026-05-15,2026-05-15,SS=hns_ss-export-tld.20251226_20260107_translated_20260117.adapted.csv;HSD=hns_bob_tlds.csv,2026-05-15T21:54:27,False
stereovision,,,False,,,,,22catchall,False,active,2026-05-15,2026-05-15,SS=hns_ss-export-tld.20251226_20260107_translated_20260117.adapted.csv;HSD=hns_bob_tlds.csv,2026-05-15T21:54:27,False
stocksail,,,False,,,,,22catchall,False,active,2026-05-15,2026-05-15,SS=hns_ss-export-tld.20251226_20260107_translated_20260117.adapted.csv;HSD=hns_bob_tlds.csv,2026-05-15T21:54:27,False
stormboy,,,False,,,,,timaxau,False,active,2026-05-15,2026-05-15,SS=hns_ss-export-tld.20251226_20260107_translated_20260117.adapted.csv;HSD=hns_bob_tlds.csv,2026-05-15T21:54:27,False
straightdinkum,,,False,,,,,timaxau,False,active,2026-05-15,2026-05-15,SS=hns_ss-export-tld.20251226_20260107_translated_20260117.adapted.csv;HSD=hns_bob_tlds.csv,2026-05-15T21:54:27,False
streuth,,,False,,,,,tim4sk,False,active,2026-05-15,2026-05-15,SS=hns_ss-export-tld.20251226_20260107_translated_20260117.adapted.csv;HSD=hns_bob_tlds.csv,2026-05-15T21:54:27,False
stringbody,,,False,,,,,22catchall,False,active,2026-05-15,2026-05-15,SS=hns_ss-export-tld.20251226_20260107_translated_20260117.adapted.csv;HSD=hns_bob_tlds.csv,2026-05-15T21:54:27,False
strokepat,,,False,,,,,tim4sk,False,active,2026-05-15,2026-05-15,SS=hns_ss-export-tld.20251226_20260107_translated_20260117.adapted.csv;HSD=hns_bob_tlds.csv,2026-05-15T21:54:27,False
studio23,,,False,,,,,k1f,False,active,2026-05-15,2026-05-15,SS=hns_ss-export-tld.20251226_20260107_translated_20260117.adapted.csv;HSD=hns_bob_tlds.csv,2026-05-15T21:54:27,False
subcloud,,,False,,,,,22catchall,False,active,2026-05-15,2026-05-15,SS=hns_ss-export-tld.20251226_20260107_translated_20260117.adapted.csv;HSD=hns_bob_tlds.csv,2026-05-15T21:54:27,False
subdon,,,False,,,,,h4ndsh4k,False,active,2026-05-15,2026-05-15,SS=hns_ss-export-tld.20251226_20260107_translated_20260117.adapted.csv;HSD=hns_bob_tlds.csv,2026-05-15T21:54:27,False
subdonaim,,,False,,,,,h4ndsh4k,False,active,2026-05-15,2026-05-15,SS=hns_ss-export-tld.20251226_20260107_translated_20260117.adapted.csv;HSD=hns_bob_tlds.csv,2026-05-15T21:54:27,False
subdoname,,,False,,,,,h4ndsh4k,False,active,2026-05-15,2026-05-15,SS=hns_ss-export-tld.20251226_20260107_translated_20260117.adapted.csv;HSD=hns_bob_tlds.csv,2026-05-15T21:54:27,False
subdonames,,,False,,,,,h4ndsh4k,False,active,2026-05-15,2026-05-15,SS=hns_ss-export-tld.20251226_20260107_translated_20260117.adapted.csv;HSD=hns_bob_tlds.csv,2026-05-15T21:54:27,False
suboffice,,,False,,,,,22catchall,False,active,2026-05-15,2026-05-15,SS=hns_ss-export-tld.20251226_20260107_translated_20260117.adapted.csv;HSD=hns_bob_tlds.csv,2026-05-15T21:54:27,False
subsequences,,,False,,,,,22catchall,False,active,2026-05-15,2026-05-15,SS=hns_ss-export-tld.20251226_20260107_translated_20260117.adapted.csv;HSD=hns_bob_tlds.csv,2026-05-15T21:54:27,False
sugarmilf,,,False,,,,,22catchall,False,active,2026-05-15,2026-05-15,SS=hns_ss-export-tld.20251226_20260107_translated_20260117.adapted.csv;HSD=hns_bob_tlds.csv,2026-05-15T21:54:27,False
sulmaz,,,False,,,,,22catchall,False,active,2026-05-15,2026-05-15,SS=hns_ss-export-tld.20251226_20260107_translated_20260117.adapted.csv;HSD=hns_bob_tlds.csv,2026-05-15T21:54:27,False
suluhns,,,False,,,,,giftosend,False,active,2026-05-15,2026-05-15,SS=hns_ss-export-tld.20251226_20260107_translated_20260117.adapted.csv;HSD=hns_bob_tlds.csv,2026-05-15T21:54:27,False
sundayism,,,False,,,,,22catchall,False,active,2026-05-15,2026-05-15,SS=hns_ss-export-tld.20251226_20260107_translated_20260117.adapted.csv;HSD=hns_bob_tlds.csv,2026-05-15T21:54:27,False
sunivers,,,False,,,,,22catchall,False,active,2026-05-15,2026-05-15,SS=hns_ss-export-tld.20251226_20260107_translated_20260117.adapted.csv;HSD=hns_bob_tlds.csv,2026-05-15T21:54:27,False
sunkenfun,,,False,,,,,h2o,False,active,2026-05-15,2026-05-15,SS=hns_ss-export-tld.20251226_20260107_translated_20260117.adapted.csv;HSD=hns_bob_tlds.csv,2026-05-15T21:54:27,False
sunnyglow,,,False,,,,,22catchall,False,active,2026-05-15,2026-05-15,SS=hns_ss-export-tld.20251226_20260107_translated_20260117.adapted.csv;HSD=hns_bob_tlds.csv,2026-05-15T21:54:27,False
sunnyperth,,,False,,,,,timaxau,False,active,2026-05-15,2026-05-15,SS=hns_ss-export-tld.20251226_20260107_translated_20260117.adapted.csv;HSD=hns_bob_tlds.csv,2026-05-15T21:54:27,False
sunology,,,False,,,,,22catchall,False,active,2026-05-15,2026-05-15,SS=hns_ss-export-tld.20251226_20260107_translated_20260117.adapted.csv;HSD=hns_bob_tlds.csv,2026-05-15T21:54:27,False
sunrayplay,,,False,,,,,r1f,False,active,2026-05-15,2026-05-15,SS=hns_ss-export-tld.20251226_20260107_translated_20260117.adapted.csv;HSD=hns_bob_tlds.csv,2026-05-15T21:54:27,False
sunrayz,,,False,,,,,r1f,False,active,2026-05-15,2026-05-15,SS=hns_ss-export-tld.20251226_20260107_translated_20260117.adapted.csv;HSD=hns_bob_tlds.csv,2026-05-15T21:54:27,False
sunsetpics,,,False,,,,,22catchall,False,active,2026-05-15,2026-05-15,SS=hns_ss-export-tld.20251226_20260107_translated_20260117.adapted.csv;HSD=hns_bob_tlds.csv,2026-05-15T21:54:27,False
sunsout,,,False,,,,,22catchall,False,active,2026-05-15,2026-05-15,SS=hns_ss-export-tld.20251226_20260107_translated_20260117.adapted.csv;HSD=hns_bob_tlds.csv,2026-05-15T21:54:27,False
superiorlife,,,False,,,,,tim4sk,False,active,2026-05-15,2026-05-15,SS=hns_ss-export-tld.20251226_20260107_translated_20260117.adapted.csv;HSD=hns_bob_tlds.csv,2026-05-15T21:54:27,False
surfbar,,,False,,,,,22catchall,False,active,2026-05-15,2026-05-15,SS=hns_ss-export-tld.20251226_20260107_translated_20260117.adapted.csv;HSD=hns_bob_tlds.csv,2026-05-15T21:54:27,False
surfimages,,,False,,,,,tim4sk,False,active,2026-05-15,2026-05-15,SS=hns_ss-export-tld.20251226_20260107_translated_20260117.adapted.csv;HSD=hns_bob_tlds.csv,2026-05-15T21:54:27,False
surfista,,,False,,,,,22catchall,False,active,2026-05-15,2026-05-15,SS=hns_ss-export-tld.20251226_20260107_translated_20260117.adapted.csv;HSD=hns_bob_tlds.csv,2026-05-15T21:54:27,False
surfsaddle,,,False,,,,,h2o,False,active,2026-05-15,2026-05-15,SS=hns_ss-export-tld.20251226_20260107_translated_20260117.adapted.csv;HSD=hns_bob_tlds.csv,2026-05-15T21:54:27,False
surfsiren,,,False,,,,,h2o,False,active,2026-05-15,2026-05-15,SS=hns_ss-export-tld.20251226_20260107_translated_20260117.adapted.csv;HSD=hns_bob_tlds.csv,2026-05-15T21:54:27,False
surfsummit,,,False,,,,,h2o,False,active,2026-05-15,2026-05-15,SS=hns_ss-export-tld.20251226_20260107_translated_20260117.adapted.csv;HSD=hns_bob_tlds.csv,2026-05-15T21:54:27,False
survival-skills,,,False,,,,,22catchall,False,active,2026-05-15,2026-05-15,SS=hns_ss-export-tld.20251226_20260107_translated_20260117.adapted.csv;HSD=hns_bob_tlds.csv,2026-05-15T21:54:27,False
sushiforyou,,,False,,,,,tim4sk,False,active,2026-05-15,2026-05-15,SS=hns_ss-export-tld.20251226_20260107_translated_20260117.adapted.csv;HSD=hns_bob_tlds.csv,2026-05-15T21:54:27,False
sushiroom,,,False,,,,,tim4sk,False,active,2026-05-15,2026-05-15,SS=hns_ss-export-tld.20251226_20260107_translated_20260117.adapted.csv;HSD=hns_bob_tlds.csv,2026-05-15T21:54:27,False
svau,,,False,,,,,timaxau,False,active,2026-05-15,2026-05-15,SS=hns_ss-export-tld.20251226_20260107_translated_20260117.adapted.csv;HSD=hns_bob_tlds.csv,2026-05-15T21:54:27,False
svehren,,,False,,,,,h4ndsh4k,False,active,2026-05-15,2026-05-15,SS=hns_ss-export-tld.20251226_20260107_translated_20260117.adapted.csv;HSD=hns_bob_tlds.csv,2026-05-15T21:54:27,False
sweetfish,,,False,,,,,22catchall,False,active,2026-05-15,2026-05-15,SS=hns_ss-export-tld.20251226_20260107_translated_20260117.adapted.csv;HSD=hns_bob_tlds.csv,2026-05-15T21:54:27,False
sweetio,,,False,,,,,22catchall,False,active,2026-05-15,2026-05-15,SS=hns_ss-export-tld.20251226_20260107_translated_20260117.adapted.csv;HSD=hns_bob_tlds.csv,2026-05-15T21:54:27,False
swiftsail,,,False,,,,,h2o,False,active,2026-05-15,2026-05-15,SS=hns_ss-export-tld.20251226_20260107_translated_20260117.adapted.csv;HSD=hns_bob_tlds.csv,2026-05-15T21:54:27,False
swiftships,,,False,,,,,22catchall,False,active,2026-05-15,2026-05-15,SS=hns_ss-export-tld.20251226_20260107_translated_20260117.adapted.csv;HSD=hns_bob_tlds.csv,2026-05-15T21:54:27,False
swimmap,,,False,,,,,22catchall,False,active,2026-05-15,2026-05-15,SS=hns_ss-export-tld.20251226_20260107_translated_20260117.adapted.csv;HSD=hns_bob_tlds.csv,2026-05-15T21:54:27,False
swimmingholes,,,False,,,,,22catchall,False,active,2026-05-15,2026-05-15,SS=hns_ss-export-tld.20251226_20260107_translated_20260117.adapted.csv;HSD=hns_bob_tlds.csv,2026-05-15T21:54:27,False
switchsea,,,False,,,,,22catchall,False,active,2026-05-15,2026-05-15,SS=hns_ss-export-tld.20251226_20260107_translated_20260117.adapted.csv;HSD=hns_bob_tlds.csv,2026-05-15T21:54:27,False
sxau,,,False,,,,,tim4sk,False,active,2026-05-15,2026-05-15,SS=hns_ss-export-tld.20251226_20260107_translated_20260117.adapted.csv;HSD=hns_bob_tlds.csv,2026-05-15T21:54:27,False
sydne,,,False,,,,,tim4sk,False,active,2026-05-15,2026-05-15,SS=hns_ss-export-tld.20251226_20260107_translated_20260117.adapted.csv;HSD=hns_bob_tlds.csv,2026-05-15T21:54:27,False
sydneyeats,,,False,,,,,timaxau,False,active,2026-05-15,2026-05-15,SS=hns_ss-export-tld.20251226_20260107_translated_20260117.adapted.csv;HSD=hns_bob_tlds.csv,2026-05-15T21:54:27,False
sydneymarkets,,,False,,,,,timaxau,False,active,2026-05-15,2026-05-15,SS=hns_ss-export-tld.20251226_20260107_translated_20260117.adapted.csv;HSD=hns_bob_tlds.csv,2026-05-15T21:54:27,False
sydneytours,,,False,,,,,timaxau,False,active,2026-05-15,2026-05-15,SS=hns_ss-export-tld.20251226_20260107_translated_20260117.adapted.csv;HSD=hns_bob_tlds.csv,2026-05-15T21:54:27,False
sysdev,,,False,,,,,22catchall,False,active,2026-05-15,2026-05-15,SS=hns_ss-export-tld.20251226_20260107_translated_20260117.adapted.csv;HSD=hns_bob_tlds.csv,2026-05-15T21:54:27,False
t-i-d-e,,,False,,,,,tim4sk,False,active,2026-05-15,2026-05-15,SS=hns_ss-export-tld.20251226_20260107_translated_20260117.adapted.csv;HSD=hns_bob_tlds.csv,2026-05-15T21:54:27,False
t-shirt,,,False,,,,,22catchall,False,active,2026-05-15,2026-05-15,SS=hns_ss-export-tld.20251226_20260107_translated_20260117.adapted.csv;HSD=hns_bob_tlds.csv,2026-05-15T21:54:27,False
t1m3,,,False,,,,,timaxau,False,active,2026-05-15,2026-05-15,SS=hns_ss-export-tld.20251226_20260107_translated_20260117.adapted.csv;HSD=hns_bob_tlds.csv,2026-05-15T21:54:27,False
t1m4x4l,,,False,,,,,tim4sk,False,active,2026-05-15,2026-05-15,SS=hns_ss-export-tld.20251226_20260107_translated_20260117.adapted.csv;HSD=hns_bob_tlds.csv,2026-05-15T21:54:27,False
t1m4xal,,,False,,,,,tim4sk,False,active,2026-05-15,2026-05-15,SS=hns_ss-export-tld.20251226_20260107_translated_20260117.adapted.csv;HSD=hns_bob_tlds.csv,2026-05-15T21:54:27,False
t1max4l,,,False,,,,,tim4sk,False,active,2026-05-15,2026-05-15,SS=hns_ss-export-tld.20251226_20260107_translated_20260117.adapted.csv;HSD=hns_bob_tlds.csv,2026-05-15T21:54:27,False
t1maxal,,,False,,,,,tim4sk,False,active,2026-05-15,2026-05-15,SS=hns_ss-export-tld.20251226_20260107_translated_20260117.adapted.csv;HSD=hns_bob_tlds.csv,2026-05-15T21:54:27,False
t414t,,,False,,,,,22catchall,False,active,2026-05-15,2026-05-15,SS=hns_ss-export-tld.20251226_20260107_translated_20260117.adapted.csv;HSD=hns_bob_tlds.csv,2026-05-15T21:54:27,False
t691,,,False,,,,,22catchall,False,active,2026-05-15,2026-05-15,SS=hns_ss-export-tld.20251226_20260107_translated_20260117.adapted.csv;HSD=hns_bob_tlds.csv,2026-05-15T21:54:27,False
tablewater,,,False,,,,,22catchall,False,active,2026-05-15,2026-05-15,SS=hns_ss-export-tld.20251226_20260107_translated_20260117.adapted.csv;HSD=hns_bob_tlds.csv,2026-05-15T21:54:27,False
tabooist,,,False,,,,,22catchall,False,active,2026-05-15,2026-05-15,SS=hns_ss-export-tld.20251226_20260107_translated_20260117.adapted.csv;HSD=hns_bob_tlds.csv,2026-05-15T21:54:27,False
tadgedryja,,,False,,,,,22catchall,False,active,2026-05-15,2026-05-15,SS=hns_ss-export-tld.20251226_20260107_translated_20260117.adapted.csv;HSD=hns_bob_tlds.csv,2026-05-15T21:54:27,False
taiquandao,,,False,,,,,r1f,False,active,2026-05-15,2026-05-15,SS=hns_ss-export-tld.20251226_20260107_translated_20260117.adapted.csv;HSD=hns_bob_tlds.csv,2026-05-15T21:54:27,False
takemetotheriver,,,False,,,,,22catchall,False,active,2026-05-15,2026-05-15,SS=hns_ss-export-tld.20251226_20260107_translated_20260117.adapted.csv;HSD=hns_bob_tlds.csv,2026-05-15T21:54:27,False
tallyadd,,,False,,,,,22catchall,False,active,2026-05-15,2026-05-15,SS=hns_ss-export-tld.20251226_20260107_translated_20260117.adapted.csv;HSD=hns_bob_tlds.csv,2026-05-15T21:54:27,False
tallymark,,,False,,,,,22catchall,False,active,2026-05-15,2026-05-15,SS=hns_ss-export-tld.20251226_20260107_translated_20260117.adapted.csv;HSD=hns_bob_tlds.csv,2026-05-15T21:54:27,False
tankswim,,,False,,,,,22catchall,False,active,2026-05-15,2026-05-15,SS=hns_ss-export-tld.20251226_20260107_translated_20260117.adapted.csv;HSD=hns_bob_tlds.csv,2026-05-15T21:54:27,False
taol,,,False,,,,,22catchall,False,active,2026-05-15,2026-05-15,SS=hns_ss-export-tld.20251226_20260107_translated_20260117.adapted.csv;HSD=hns_bob_tlds.csv,2026-05-15T21:54:27,False
tap2win,,,False,,,,,22catchall,False,active,2026-05-15,2026-05-15,SS=hns_ss-export-tld.20251226_20260107_translated_20260117.adapted.csv;HSD=hns_bob_tlds.csv,2026-05-15T21:54:27,False
tasgov,,,False,,,,,timaxau,False,active,2026-05-15,2026-05-15,SS=hns_ss-export-tld.20251226_20260107_translated_20260117.adapted.csv;HSD=hns_bob_tlds.csv,2026-05-15T21:54:27,False
tasgovau,,,False,,,,,tim4sk,False,active,2026-05-15,2026-05-15,SS=hns_ss-export-tld.20251226_20260107_translated_20260117.adapted.csv;HSD=hns_bob_tlds.csv,2026-05-15T21:54:27,False
taskexchange,,,False,,,,,tim4sk,False,active,2026-05-15,2026-05-15,SS=hns_ss-export-tld.20251226_20260107_translated_20260117.adapted.csv;HSD=hns_bob_tlds.csv,2026-05-15T21:54:27,False
tasmaniaaustralia,,,False,,,,,timaxau,False,active,2026-05-15,2026-05-15,SS=hns_ss-export-tld.20251226_20260107_translated_20260117.adapted.csv;HSD=hns_bob_tlds.csv,2026-05-15T21:54:27,False
tatahitachi,,,False,,,,,22catchall,False,active,2026-05-15,2026-05-15,SS=hns_ss-export-tld.20251226_20260107_translated_20260117.adapted.csv;HSD=hns_bob_tlds.csv,2026-05-15T21:54:27,False
tatahitachico,,,False,,,,,22catchall,False,active,2026-05-15,2026-05-15,SS=hns_ss-export-tld.20251226_20260107_translated_20260117.adapted.csv;HSD=hns_bob_tlds.csv,2026-05-15T21:54:27,False
taxestimate,,,False,,,,,k1f,False,active,2026-05-15,2026-05-15,SS=hns_ss-export-tld.20251226_20260107_translated_20260117.adapted.csv;HSD=hns_bob_tlds.csv,2026-05-15T21:54:27,False
taxidermal,,,False,,,,,k1f,False,active,2026-05-15,2026-05-15,SS=hns_ss-export-tld.20251226_20260107_translated_20260117.adapted.csv;HSD=hns_bob_tlds.csv,2026-05-15T21:54:27,False
taxsmile,,,False,,,,,22catchall,False,active,2026-05-15,2026-05-15,SS=hns_ss-export-tld.20251226_20260107_translated_20260117.adapted.csv;HSD=hns_bob_tlds.csv,2026-05-15T21:54:27,False
teaanxiety,,,False,,,,,12tea,False,active,2026-05-15,2026-05-15,SS=hns_ss-export-tld.20251226_20260107_translated_20260117.adapted.csv;HSD=hns_bob_tlds.csv,2026-05-15T21:54:27,False
teabelt,,,False,,,,,12tea,False,active,2026-05-15,2026-05-15,SS=hns_ss-export-tld.20251226_20260107_translated_20260117.adapted.csv;HSD=hns_bob_tlds.csv,2026-05-15T21:54:27,False
teabirthday,,,False,,,,,12tea,False,active,2026-05-15,2026-05-15,SS=hns_ss-export-tld.20251226_20260107_translated_20260117.adapted.csv;HSD=hns_bob_tlds.csv,2026-05-15T21:54:27,False
teaconfusion,,,False,,,,,12tea,False,active,2026-05-15,2026-05-15,SS=hns_ss-export-tld.20251226_20260107_translated_20260117.adapted.csv;HSD=hns_bob_tlds.csv,2026-05-15T21:54:27,False
teacountry,,,False,,,,,12tea,False,active,2026-05-15,2026-05-15,SS=hns_ss-export-tld.20251226_20260107_translated_20260117.adapted.csv;HSD=hns_bob_tlds.csv,2026-05-15T21:54:27,False
teacreative,,,False,,,,,12tea,False,active,2026-05-15,2026-05-15,SS=hns_ss-export-tld.20251226_20260107_translated_20260117.adapted.csv;HSD=hns_bob_tlds.csv,2026-05-15T21:54:27,False
teacup,,,False,,,,,tim4sk,False,active,2026-05-15,2026-05-15,SS=hns_ss-export-tld.20251226_20260107_translated_20260117.adapted.csv;HSD=hns_bob_tlds.csv,2026-05-15T21:54:27,False
teacuppoodle,,,False,,,,,12tea,False,active,2026-05-15,2026-05-15,SS=hns_ss-export-tld.20251226_20260107_translated_20260117.adapted.csv;HSD=hns_bob_tlds.csv,2026-05-15T21:54:27,False
teadesk,,,False,,,,,12tea,False,active,2026-05-15,2026-05-15,SS=hns_ss-export-tld.20251226_20260107_translated_20260117.adapted.csv;HSD=hns_bob_tlds.csv,2026-05-15T21:54:27,False
teaessential,,,False,,,,,12tea,False,active,2026-05-15,2026-05-15,SS=hns_ss-export-tld.20251226_20260107_translated_20260117.adapted.csv;HSD=hns_bob_tlds.csv,2026-05-15T21:54:27,False
teafarmer,,,False,,,,,12tea,False,active,2026-05-15,2026-05-15,SS=hns_ss-export-tld.20251226_20260107_translated_20260117.adapted.csv;HSD=hns_bob_tlds.csv,2026-05-15T21:54:27,False
teaillegal,,,False,,,,,22catchall,False,active,2026-05-15,2026-05-15,SS=hns_ss-export-tld.20251226_20260107_translated_20260117.adapted.csv;HSD=hns_bob_tlds.csv,2026-05-15T21:54:27,False
teamarketing,,,False,,,,,12tea,False,active,2026-05-15,2026-05-15,SS=hns_ss-export-tld.20251226_20260107_translated_20260117.adapted.csv;HSD=hns_bob_tlds.csv,2026-05-15T21:54:27,False
teampurple,,,False,,,,,r1f,False,active,2026-05-15,2026-05-15,SS=hns_ss-export-tld.20251226_20260107_translated_20260117.adapted.csv;HSD=hns_bob_tlds.csv,2026-05-15T21:54:27,False
teanotice,,,False,,,,,12tea,False,active,2026-05-15,2026-05-15,SS=hns_ss-export-tld.20251226_20260107_translated_20260117.adapted.csv;HSD=hns_bob_tlds.csv,2026-05-15T21:54:27,False
teaoffice,,,False,,,,,12tea,False,active,2026-05-15,2026-05-15,SS=hns_ss-export-tld.20251226_20260107_translated_20260117.adapted.csv;HSD=hns_bob_tlds.csv,2026-05-15T21:54:27,False
teaorange,,,False,,,,,22catchall,False,active,2026-05-15,2026-05-15,SS=hns_ss-export-tld.20251226_20260107_translated_20260117.adapted.csv;HSD=hns_bob_tlds.csv,2026-05-15T21:54:27,False
teapipe,,,False,,,,,12tea,False,active,2026-05-15,2026-05-15,SS=hns_ss-export-tld.20251226_20260107_translated_20260117.adapted.csv;HSD=hns_bob_tlds.csv,2026-05-15T21:54:27,False
teaquotes,,,False,,,,,12tea,False,active,2026-05-15,2026-05-15,SS=hns_ss-export-tld.20251226_20260107_translated_20260117.adapted.csv;HSD=hns_bob_tlds.csv,2026-05-15T21:54:27,False
teareason,,,False,,,,,12tea,False,active,2026-05-15,2026-05-15,SS=hns_ss-export-tld.20251226_20260107_translated_20260117.adapted.csv;HSD=hns_bob_tlds.csv,2026-05-15T21:54:27,False
teareport,,,False,,,,,22catchall,False,active,2026-05-15,2026-05-15,SS=hns_ss-export-tld.20251226_20260107_translated_20260117.adapted.csv;HSD=hns_bob_tlds.csv,2026-05-15T21:54:27,False
teasatisfaction,,,False,,,,,12tea,False,active,2026-05-15,2026-05-15,SS=hns_ss-export-tld.20251226_20260107_translated_20260117.adapted.csv;HSD=hns_bob_tlds.csv,2026-05-15T21:54:27,False
teaship,,,False,,,,,12tea,False,active,2026-05-15,2026-05-15,SS=hns_ss-export-tld.20251226_20260107_translated_20260117.adapted.csv;HSD=hns_bob_tlds.csv,2026-05-15T21:54:27,False
teasock,,,False,,,,,12tea,False,active,2026-05-15,2026-05-15,SS=hns_ss-export-tld.20251226_20260107_translated_20260117.adapted.csv;HSD=hns_bob_tlds.csv,2026-05-15T21:54:27,False
teatime-mag,,,False,,,,,12tea,False,active,2026-05-15,2026-05-15,SS=hns_ss-export-tld.20251226_20260107_translated_20260117.adapted.csv;HSD=hns_bob_tlds.csv,2026-05-15T21:54:27,False
teatumbler,,,False,,,,,12tea,False,active,2026-05-15,2026-05-15,SS=hns_ss-export-tld.20251226_20260107_translated_20260117.adapted.csv;HSD=hns_bob_tlds.csv,2026-05-15T21:54:27,False
teaviewer,,,False,,,,,12tea,False,active,2026-05-15,2026-05-15,SS=hns_ss-export-tld.20251226_20260107_translated_20260117.adapted.csv;HSD=hns_bob_tlds.csv,2026-05-15T21:54:27,False
teawelcome,,,False,,,,,12tea,False,active,2026-05-15,2026-05-15,SS=hns_ss-export-tld.20251226_20260107_translated_20260117.adapted.csv;HSD=hns_bob_tlds.csv,2026-05-15T21:54:27,False
teee,,,False,,,,,tim4sk,False,active,2026-05-15,2026-05-15,SS=hns_ss-export-tld.20251226_20260107_translated_20260117.adapted.csv;HSD=hns_bob_tlds.csv,2026-05-15T21:54:27,False
temptia,,,False,,,,,22catchall,False,active,2026-05-15,2026-05-15,SS=hns_ss-export-tld.20251226_20260107_translated_20260117.adapted.csv;HSD=hns_bob_tlds.csv,2026-05-15T21:54:27,False
tennisresults,,,False,,,,,tim4sk,False,active,2026-05-15,2026-05-15,SS=hns_ss-export-tld.20251226_20260107_translated_20260117.adapted.csv;HSD=hns_bob_tlds.csv,2026-05-15T21:54:27,False
termsea,,,False,,,,,22catchall,False,active,2026-05-15,2026-05-15,SS=hns_ss-export-tld.20251226_20260107_translated_20260117.adapted.csv;HSD=hns_bob_tlds.csv,2026-05-15T21:54:27,False
terracetea,,,False,,,,,12tea,False,active,2026-05-15,2026-05-15,SS=hns_ss-export-tld.20251226_20260107_translated_20260117.adapted.csv;HSD=hns_bob_tlds.csv,2026-05-15T21:54:27,False
testhns,,,False,,,,,22catchall,False,active,2026-05-15,2026-05-15,SS=hns_ss-export-tld.20251226_20260107_translated_20260117.adapted.csv;HSD=hns_bob_tlds.csv,2026-05-15T21:54:27,False
thallogen,,,False,,,,,22catchall,False,active,2026-05-15,2026-05-15,SS=hns_ss-export-tld.20251226_20260107_translated_20260117.adapted.csv;HSD=hns_bob_tlds.csv,2026-05-15T21:54:27,False
thatsnotaname,,,False,,,,,22catchall,False,active,2026-05-15,2026-05-15,SS=hns_ss-export-tld.20251226_20260107_translated_20260117.adapted.csv;HSD=hns_bob_tlds.csv,2026-05-15T21:54:27,False
thatstrue,,,False,,,,,22catchall,False,active,2026-05-15,2026-05-15,SS=hns_ss-export-tld.20251226_20260107_translated_20260117.adapted.csv;HSD=hns_bob_tlds.csv,2026-05-15T21:54:27,False
theauthor,,,False,,,,,h4ndsh4k,False,active,2026-05-15,2026-05-15,SS=hns_ss-export-tld.20251226_20260107_translated_20260117.adapted.csv;HSD=hns_bob_tlds.csv,2026-05-15T21:54:27,False
theblackdog,,,False,,,,,tim4sk,False,active,2026-05-15,2026-05-15,SS=hns_ss-export-tld.20251226_20260107_translated_20260117.adapted.csv;HSD=hns_bob_tlds.csv,2026-05-15T21:54:27,False
thebookkeeper,,,False,,,,,tim4sk,False,active,2026-05-15,2026-05-15,SS=hns_ss-export-tld.20251226_20260107_translated_20260117.adapted.csv;HSD=hns_bob_tlds.csv,2026-05-15T21:54:27,False
thecryptobook,,,False,,,,,tim4sk,False,active,2026-05-15,2026-05-15,SS=hns_ss-export-tld.20251226_20260107_translated_20260117.adapted.csv;HSD=hns_bob_tlds.csv,2026-05-15T21:54:27,False
thedancers,,,False,,,,,22catchall,False,active,2026-05-15,2026-05-15,SS=hns_ss-export-tld.20251226_20260107_translated_20260117.adapted.csv;HSD=hns_bob_tlds.csv,2026-05-15T21:54:27,False
thedarwin,,,False,,,,,tim4sk,False,active,2026-05-15,2026-05-15,SS=hns_ss-export-tld.20251226_20260107_translated_20260117.adapted.csv;HSD=hns_bob_tlds.csv,2026-05-15T21:54:27,False
thefrontyard,,,False,,,,,22catchall,False,active,2026-05-15,2026-05-15,SS=hns_ss-export-tld.20251226_20260107_translated_20260117.adapted.csv;HSD=hns_bob_tlds.csv,2026-05-15T21:54:27,False
thefuneral,,,False,,,,,tim4sk,False,active,2026-05-15,2026-05-15,SS=hns_ss-export-tld.20251226_20260107_translated_20260117.adapted.csv;HSD=hns_bob_tlds.csv,2026-05-15T21:54:27,False
thehandshakepoet,,,False,,,,,tim4sk,False,active,2026-05-15,2026-05-15,SS=hns_ss-export-tld.20251226_20260107_translated_20260117.adapted.csv;HSD=hns_bob_tlds.csv,2026-05-15T21:54:27,False
thehumanjib,,,False,,,,,h2o,False,active,2026-05-15,2026-05-15,SS=hns_ss-export-tld.20251226_20260107_translated_20260117.adapted.csv;HSD=hns_bob_tlds.csv,2026-05-15T21:54:27,False
thelefty,,,False,,,,,k1f,False,active,2026-05-15,2026-05-15,SS=hns_ss-export-tld.20251226_20260107_translated_20260117.adapted.csv;HSD=hns_bob_tlds.csv,2026-05-15T21:54:27,False
themag,,,False,,,,,tim4sk,False,active,2026-05-15,2026-05-15,SS=hns_ss-export-tld.20251226_20260107_translated_20260117.adapted.csv;HSD=hns_bob_tlds.csv,2026-05-15T21:54:27,False
theninjas,,,False,,,,,tim4sk,False,active,2026-05-15,2026-05-15,SS=hns_ss-export-tld.20251226_20260107_translated_20260117.adapted.csv;HSD=hns_bob_tlds.csv,2026-05-15T21:54:27,False
thenorrisnuts,,,False,,,,,22catchall,False,active,2026-05-15,2026-05-15,SS=hns_ss-export-tld.20251226_20260107_translated_20260117.adapted.csv;HSD=hns_bob_tlds.csv,2026-05-15T21:54:27,False
thent,,,False,,,,,22catchall,False,active,2026-05-15,2026-05-15,SS=hns_ss-export-tld.20251226_20260107_translated_20260117.adapted.csv;HSD=hns_bob_tlds.csv,2026-05-15T21:54:27,False
theorizies,,,False,,,,,22catchall,False,active,2026-05-15,2026-05-15,SS=hns_ss-export-tld.20251226_20260107_translated_20260117.adapted.csv;HSD=hns_bob_tlds.csv,2026-05-15T21:54:27,False
therainbow,,,False,,,,,22catchall,False,active,2026-05-15,2026-05-15,SS=hns_ss-export-tld.20251226_20260107_translated_20260117.adapted.csv;HSD=hns_bob_tlds.csv,2026-05-15T21:54:27,False
theshipstudio,,,False,,,,,22catchall,False,active,2026-05-15,2026-05-15,SS=hns_ss-export-tld.20251226_20260107_translated_20260117.adapted.csv;HSD=hns_bob_tlds.csv,2026-05-15T21:54:27,False
thesunnycoast,,,False,,,,,tim4sk,False,active,2026-05-15,2026-05-15,SS=hns_ss-export-tld.20251226_20260107_translated_20260117.adapted.csv;HSD=hns_bob_tlds.csv,2026-05-15T21:54:27,False
thetaichischool,,,False,,,,,22catchall,False,active,2026-05-15,2026-05-15,SS=hns_ss-export-tld.20251226_20260107_translated_20260117.adapted.csv;HSD=hns_bob_tlds.csv,2026-05-15T21:54:27,False
thetalkofthetown,,,False,,,,,tim4sk,False,active,2026-05-15,2026-05-15,SS=hns_ss-export-tld.20251226_20260107_translated_20260117.adapted.csv;HSD=hns_bob_tlds.csv,2026-05-15T21:54:27,False
thewandersmith,,,False,,,,,tim4sk,False,active,2026-05-15,2026-05-15,SS=hns_ss-export-tld.20251226_20260107_translated_20260117.adapted.csv;HSD=hns_bob_tlds.csv,2026-05-15T21:54:27,False
thewaterdao,,,False,,,,,22catchall,False,active,2026-05-15,2026-05-15,SS=hns_ss-export-tld.20251226_20260107_translated_20260117.adapted.csv;HSD=hns_bob_tlds.csv,2026-05-15T21:54:27,False
theworldshotz,,,False,,,,,22catchall,False,active,2026-05-15,2026-05-15,SS=hns_ss-export-tld.20251226_20260107_translated_20260117.adapted.csv;HSD=hns_bob_tlds.csv,2026-05-15T21:54:27,False
thingcoast,,,False,,,,,22catchall,False,active,2026-05-15,2026-05-15,SS=hns_ss-export-tld.20251226_20260107_translated_20260117.adapted.csv;HSD=hns_bob_tlds.csv,2026-05-15T21:54:27,False
thisisaname,,,False,,,,,22catchall,False,active,2026-05-15,2026-05-15,SS=hns_ss-export-tld.20251226_20260107_translated_20260117.adapted.csv;HSD=hns_bob_tlds.csv,2026-05-15T21:54:27,False
thisme,,,False,,,,,tim4sk,False,active,2026-05-15,2026-05-15,SS=hns_ss-export-tld.20251226_20260107_translated_20260117.adapted.csv;HSD=hns_bob_tlds.csv,2026-05-15T21:54:27,False
thorst,,,False,,,,,timaxau,False,active,2026-05-15,2026-05-15,SS=hns_ss-export-tld.20251226_20260107_translated_20260117.adapted.csv;HSD=hns_bob_tlds.csv,2026-05-15T21:54:27,False
thorts,,,False,,,,,tim4sk,False,active,2026-05-15,2026-05-15,SS=hns_ss-export-tld.20251226_20260107_translated_20260117.adapted.csv;HSD=hns_bob_tlds.csv,2026-05-15T21:54:27,False
thortx,,,False,,,,,tim4sk,False,active,2026-05-15,2026-05-15,SS=hns_ss-export-tld.20251226_20260107_translated_20260117.adapted.csv;HSD=hns_bob_tlds.csv,2026-05-15T21:54:27,False
thortz,,,False,,,,,tim4sk,False,active,2026-05-15,2026-05-15,SS=hns_ss-export-tld.20251226_20260107_translated_20260117.adapted.csv;HSD=hns_bob_tlds.csv,2026-05-15T21:54:27,False
thorxt,,,False,,,,,giftosend,False,active,2026-05-15,2026-05-15,SS=hns_ss-export-tld.20251226_20260107_translated_20260117.adapted.csv;HSD=hns_bob_tlds.csv,2026-05-15T21:54:27,False
thorzt,,,False,,,,,giftosend,False,active,2026-05-15,2026-05-15,SS=hns_ss-export-tld.20251226_20260107_translated_20260117.adapted.csv;HSD=hns_bob_tlds.csv,2026-05-15T21:54:27,False
thotsr,,,False,,,,,tim4sk,False,active,2026-05-15,2026-05-15,SS=hns_ss-export-tld.20251226_20260107_translated_20260117.adapted.csv;HSD=hns_bob_tlds.csv,2026-05-15T21:54:27,False
threeights,,,False,,,,,h4ndsh4k,False,active,2026-05-15,2026-05-15,SS=hns_ss-export-tld.20251226_20260107_translated_20260117.adapted.csv;HSD=hns_bob_tlds.csv,2026-05-15T21:54:27,False
threepictures,,,False,,,,,22catchall,False,active,2026-05-15,2026-05-15,SS=hns_ss-export-tld.20251226_20260107_translated_20260117.adapted.csv;HSD=hns_bob_tlds.csv,2026-05-15T21:54:27,False
threights,,,False,,,,,h4ndsh4k,False,active,2026-05-15,2026-05-15,SS=hns_ss-export-tld.20251226_20260107_translated_20260117.adapted.csv;HSD=hns_bob_tlds.csv,2026-05-15T21:54:27,False
throst,,,False,,,,,tim4sk,False,active,2026-05-15,2026-05-15,SS=hns_ss-export-tld.20251226_20260107_translated_20260117.adapted.csv;HSD=hns_bob_tlds.csv,2026-05-15T21:54:27,False
throts,,,False,,,,,tim4sk,False,active,2026-05-15,2026-05-15,SS=hns_ss-export-tld.20251226_20260107_translated_20260117.adapted.csv;HSD=hns_bob_tlds.csv,2026-05-15T21:54:27,False
throtx,,,False,,,,,tim4sk,False,active,2026-05-15,2026-05-15,SS=hns_ss-export-tld.20251226_20260107_translated_20260117.adapted.csv;HSD=hns_bob_tlds.csv,2026-05-15T21:54:27,False
throtz,,,False,,,,,tim4sk,False,active,2026-05-15,2026-05-15,SS=hns_ss-export-tld.20251226_20260107_translated_20260117.adapted.csv;HSD=hns_bob_tlds.csv,2026-05-15T21:54:27,False
throxt,,,False,,,,,tim4sk,False,active,2026-05-15,2026-05-15,SS=hns_ss-export-tld.20251226_20260107_translated_20260117.adapted.csv;HSD=hns_bob_tlds.csv,2026-05-15T21:54:27,False
throzt,,,False,,,,,tim4sk,False,active,2026-05-15,2026-05-15,SS=hns_ss-export-tld.20251226_20260107_translated_20260117.adapted.csv;HSD=hns_bob_tlds.csv,2026-05-15T21:54:27,False
thrtos,,,False,,,,,tim4sk,False,active,2026-05-15,2026-05-15,SS=hns_ss-export-tld.20251226_20260107_translated_20260117.adapted.csv;HSD=hns_bob_tlds.csv,2026-05-15T21:54:27,False
thrtoz,,,False,,,,,tim4sk,False,active,2026-05-15,2026-05-15,SS=hns_ss-export-tld.20251226_20260107_translated_20260117.adapted.csv;HSD=hns_bob_tlds.csv,2026-05-15T21:54:27,False
thrtso,,,False,,,,,tim4sk,False,active,2026-05-15,2026-05-15,SS=hns_ss-export-tld.20251226_20260107_translated_20260117.adapted.csv;HSD=hns_bob_tlds.csv,2026-05-15T21:54:27,False
thrtxo,,,False,,,,,tim4sk,False,active,2026-05-15,2026-05-15,SS=hns_ss-export-tld.20251226_20260107_translated_20260117.adapted.csv;HSD=hns_bob_tlds.csv,2026-05-15T21:54:27,False
thrtzo,,,False,,,,,tim4sk,False,active,2026-05-15,2026-05-15,SS=hns_ss-export-tld.20251226_20260107_translated_20260117.adapted.csv;HSD=hns_bob_tlds.csv,2026-05-15T21:54:27,False
thsort,,,False,,,,,tim4sk,False,active,2026-05-15,2026-05-15,SS=hns_ss-export-tld.20251226_20260107_translated_20260117.adapted.csv;HSD=hns_bob_tlds.csv,2026-05-15T21:54:27,False
thsotr,,,False,,,,,tim4sk,False,active,2026-05-15,2026-05-15,SS=hns_ss-export-tld.20251226_20260107_translated_20260117.adapted.csv;HSD=hns_bob_tlds.csv,2026-05-15T21:54:27,False
thsrot,,,False,,,,,tim4sk,False,active,2026-05-15,2026-05-15,SS=hns_ss-export-tld.20251226_20260107_translated_20260117.adapted.csv;HSD=hns_bob_tlds.csv,2026-05-15T21:54:27,False
thsrto,,,False,,,,,tim4sk,False,active,2026-05-15,2026-05-15,SS=hns_ss-export-tld.20251226_20260107_translated_20260117.adapted.csv;HSD=hns_bob_tlds.csv,2026-05-15T21:54:27,False
thstro,,,False,,,,,tim4sk,False,active,2026-05-15,2026-05-15,SS=hns_ss-export-tld.20251226_20260107_translated_20260117.adapted.csv;HSD=hns_bob_tlds.csv,2026-05-15T21:54:27,False
thugninja,,,False,,,,,tim4sk,False,active,2026-05-15,2026-05-15,SS=hns_ss-export-tld.20251226_20260107_translated_20260117.adapted.csv;HSD=hns_bob_tlds.csv,2026-05-15T21:54:27,False
thxort,,,False,,,,,tim4sk,False,active,2026-05-15,2026-05-15,SS=hns_ss-export-tld.20251226_20260107_translated_20260117.adapted.csv;HSD=hns_bob_tlds.csv,2026-05-15T21:54:27,False
thxrto,,,False,,,,,tim4sk,False,active,2026-05-15,2026-05-15,SS=hns_ss-export-tld.20251226_20260107_translated_20260117.adapted.csv;HSD=hns_bob_tlds.csv,2026-05-15T21:54:27,False
thxtor,,,False,,,,,tim4sk,False,active,2026-05-15,2026-05-15,SS=hns_ss-export-tld.20251226_20260107_translated_20260117.adapted.csv;HSD=hns_bob_tlds.csv,2026-05-15T21:54:27,False
thxtro,,,False,,,,,tim4sk,False,active,2026-05-15,2026-05-15,SS=hns_ss-export-tld.20251226_20260107_translated_20260117.adapted.csv;HSD=hns_bob_tlds.csv,2026-05-15T21:54:27,False
thzort,,,False,,,,,tim4sk,False,active,2026-05-15,2026-05-15,SS=hns_ss-export-tld.20251226_20260107_translated_20260117.adapted.csv;HSD=hns_bob_tlds.csv,2026-05-15T21:54:27,False
thzotr,,,False,,,,,tim4sk,False,active,2026-05-15,2026-05-15,SS=hns_ss-export-tld.20251226_20260107_translated_20260117.adapted.csv;HSD=hns_bob_tlds.csv,2026-05-15T21:54:27,False
thzrot,,,False,,,,,tim4sk,False,active,2026-05-15,2026-05-15,SS=hns_ss-export-tld.20251226_20260107_translated_20260117.adapted.csv;HSD=hns_bob_tlds.csv,2026-05-15T21:54:27,False
thzrto,,,False,,,,,tim4sk,False,active,2026-05-15,2026-05-15,SS=hns_ss-export-tld.20251226_20260107_translated_20260117.adapted.csv;HSD=hns_bob_tlds.csv,2026-05-15T21:54:27,False
thztor,,,False,,,,,tim4sk,False,active,2026-05-15,2026-05-15,SS=hns_ss-export-tld.20251226_20260107_translated_20260117.adapted.csv;HSD=hns_bob_tlds.csv,2026-05-15T21:54:27,False
thztro,,,False,,,,,tim4sk,False,active,2026-05-15,2026-05-15,SS=hns_ss-export-tld.20251226_20260107_translated_20260117.adapted.csv;HSD=hns_bob_tlds.csv,2026-05-15T21:54:27,False
tiaro,,,False,,,,,timaxau,False,active,2026-05-15,2026-05-15,SS=hns_ss-export-tld.20251226_20260107_translated_20260117.adapted.csv;HSD=hns_bob_tlds.csv,2026-05-15T21:54:27,False
tidaltank,,,False,,,,,22catchall,False,active,2026-05-15,2026-05-15,SS=hns_ss-export-tld.20251226_20260107_translated_20260117.adapted.csv;HSD=hns_bob_tlds.csv,2026-05-15T21:54:27,False
tidechange,,,False,,,,,22catchall,False,active,2026-05-15,2026-05-15,SS=hns_ss-export-tld.20251226_20260107_translated_20260117.adapted.csv;HSD=hns_bob_tlds.csv,2026-05-15T21:54:27,False
tidedrifter,,,False,,,,,22catchall,False,active,2026-05-15,2026-05-15,SS=hns_ss-export-tld.20251226_20260107_translated_20260117.adapted.csv;HSD=hns_bob_tlds.csv,2026-05-15T21:54:27,False
tidefly,,,False,,,,,22catchall,False,active,2026-05-15,2026-05-15,SS=hns_ss-export-tld.20251226_20260107_translated_20260117.adapted.csv;HSD=hns_bob_tlds.csv,2026-05-15T21:54:27,False
tidegauge,,,False,,,,,22catchall,False,active,2026-05-15,2026-05-15,SS=hns_ss-export-tld.20251226_20260107_translated_20260117.adapted.csv;HSD=hns_bob_tlds.csv,2026-05-15T21:54:27,False
tidehead,,,False,,,,,22catchall,False,active,2026-05-15,2026-05-15,SS=hns_ss-export-tld.20251226_20260107_translated_20260117.adapted.csv;HSD=hns_bob_tlds.csv,2026-05-15T21:54:27,False
tideofthings,,,False,,,,,22catchall,False,active,2026-05-15,2026-05-15,SS=hns_ss-export-tld.20251226_20260107_translated_20260117.adapted.csv;HSD=hns_bob_tlds.csv,2026-05-15T21:54:27,False
tideover,,,False,,,,,h2o,False,active,2026-05-15,2026-05-15,SS=hns_ss-export-tld.20251226_20260107_translated_20260117.adapted.csv;HSD=hns_bob_tlds.csv,2026-05-15T21:54:27,False
tidology,,,False,,,,,tim4sk,False,active,2026-05-15,2026-05-15,SS=hns_ss-export-tld.20251226_20260107_translated_20260117.adapted.csv;HSD=hns_bob_tlds.csv,2026-05-15T21:54:27,False
tigerstripes,,,False,,,,,22catchall,False,active,2026-05-15,2026-05-15,SS=hns_ss-export-tld.20251226_20260107_translated_20260117.adapted.csv;HSD=hns_bob_tlds.csv,2026-05-15T21:54:27,False
tim4x4l,,,False,,,,,tim4sk,False,active,2026-05-15,2026-05-15,SS=hns_ss-export-tld.20251226_20260107_translated_20260117.adapted.csv;HSD=hns_bob_tlds.csv,2026-05-15T21:54:27,False
tim4xal,,,False,,,,,tim4sk,False,active,2026-05-15,2026-05-15,SS=hns_ss-export-tld.20251226_20260107_translated_20260117.adapted.csv;HSD=hns_bob_tlds.csv,2026-05-15T21:54:27,False
timalander,,,False,,,,,tim4sk,False,active,2026-05-15,2026-05-15,SS=hns_ss-export-tld.20251226_20260107_translated_20260117.adapted.csv;HSD=hns_bob_tlds.csv,2026-05-15T21:54:27,False
timalings,,,False,,,,,tim4sk,False,active,2026-05-15,2026-05-15,SS=hns_ss-export-tld.20251226_20260107_translated_20260117.adapted.csv;HSD=hns_bob_tlds.csv,2026-05-15T21:54:27,False
timaskal,,,False,,,,,tim4sk,False,active,2026-05-15,2026-05-15,SS=hns_ss-export-tld.20251226_20260107_translated_20260117.adapted.csv;HSD=hns_bob_tlds.csv,2026-05-15T21:54:27,False
timau,,,False,,,,,tim4sk,False,active,2026-05-15,2026-05-15,SS=hns_ss-export-tld.20251226_20260107_translated_20260117.adapted.csv;HSD=hns_bob_tlds.csv,2026-05-15T21:54:27,False
timax4l,,,False,,,,,tim4sk,False,active,2026-05-15,2026-05-15,SS=hns_ss-export-tld.20251226_20260107_translated_20260117.adapted.csv;HSD=hns_bob_tlds.csv,2026-05-15T21:54:27,False
timaxal,,,False,,,,,tim4sk,False,active,2026-05-15,2026-05-15,SS=hns_ss-export-tld.20251226_20260107_translated_20260117.adapted.csv;HSD=hns_bob_tlds.csv,2026-05-15T21:54:27,False
timbermate,,,False,,,,,timaxau,False,active,2026-05-15,2026-05-15,SS=hns_ss-export-tld.20251226_20260107_translated_20260117.adapted.csv;HSD=hns_bob_tlds.csv,2026-05-15T21:54:27,False
timecrazy,,,False,,,,,tim4sk,False,active,2026-05-15,2026-05-15,SS=hns_ss-export-tld.20251226_20260107_translated_20260117.adapted.csv;HSD=hns_bob_tlds.csv,2026-05-15T21:54:27,False
timegrab,,,False,,,,,22catchall,False,active,2026-05-15,2026-05-15,SS=hns_ss-export-tld.20251226_20260107_translated_20260117.adapted.csv;HSD=hns_bob_tlds.csv,2026-05-15T21:54:27,False
timelifetime,,,False,,,,,tim4sk,False,active,2026-05-15,2026-05-15,SS=hns_ss-export-tld.20251226_20260107_translated_20260117.adapted.csv;HSD=hns_bob_tlds.csv,2026-05-15T21:54:27,False
timeswelivein,,,False,,,,,22catchall,False,active,2026-05-15,2026-05-15,SS=hns_ss-export-tld.20251226_20260107_translated_20260117.adapted.csv;HSD=hns_bob_tlds.csv,2026-05-15T21:54:27,False
timetrekker,,,False,,,,,22catchall,False,active,2026-05-15,2026-05-15,SS=hns_ss-export-tld.20251226_20260107_translated_20260117.adapted.csv;HSD=hns_bob_tlds.csv,2026-05-15T21:54:27,False
timhns,,,False,,,,,timaxau,False,active,2026-05-15,2026-05-15,SS=hns_ss-export-tld.20251226_20260107_translated_20260117.adapted.csv;HSD=hns_bob_tlds.csv,2026-05-15T21:54:27,False
timici,,,False,,,,,22catchall,False,active,2026-05-15,2026-05-15,SS=hns_ss-export-tld.20251226_20260107_translated_20260117.adapted.csv;HSD=hns_bob_tlds.csv,2026-05-15T21:54:27,False
timmyco,,,False,,,,,tim4sk,False,active,2026-05-15,2026-05-15,SS=hns_ss-export-tld.20251226_20260107_translated_20260117.adapted.csv;HSD=hns_bob_tlds.csv,2026-05-15T21:54:27,False
timothym,,,False,,,,,tim4sk,False,active,2026-05-15,2026-05-15,SS=hns_ss-export-tld.20251226_20260107_translated_20260117.adapted.csv;HSD=hns_bob_tlds.csv,2026-05-15T21:54:27,False
timtohy,,,False,,,,,tim4sk,False,active,2026-05-15,2026-05-15,SS=hns_ss-export-tld.20251226_20260107_translated_20260117.adapted.csv;HSD=hns_bob_tlds.csv,2026-05-15T21:54:27,False
timwei,,,False,,,,,tim4sk,False,active,2026-05-15,2026-05-15,SS=hns_ss-export-tld.20251226_20260107_translated_20260117.adapted.csv;HSD=hns_bob_tlds.csv,2026-05-15T21:54:27,False
timxl,,,False,,,,,timaxau,False,active,2026-05-15,2026-05-15,SS=hns_ss-export-tld.20251226_20260107_translated_20260117.adapted.csv;HSD=hns_bob_tlds.csv,2026-05-15T21:54:27,False
tinyhouselayout,,,False,,,,,22catchall,False,active,2026-05-15,2026-05-15,SS=hns_ss-export-tld.20251226_20260107_translated_20260117.adapted.csv;HSD=hns_bob_tlds.csv,2026-05-15T21:54:27,False
tipfish,,,False,,,,,22catchall,False,active,2026-05-15,2026-05-15,SS=hns_ss-export-tld.20251226_20260107_translated_20260117.adapted.csv;HSD=hns_bob_tlds.csv,2026-05-15T21:54:27,False
tizm,,,False,,,,,k1f,False,active,2026-05-15,2026-05-15,SS=hns_ss-export-tld.20251226_20260107_translated_20260117.adapted.csv;HSD=hns_bob_tlds.csv,2026-05-15T21:54:27,False
tld1hns,,,False,,,,,22catchall,False,active,2026-05-15,2026-05-15,SS=hns_ss-export-tld.20251226_20260107_translated_20260117.adapted.csv;HSD=hns_bob_tlds.csv,2026-05-15T21:54:27,False
tlded,,,False,,,,,tim4sk,False,active,2026-05-15,2026-05-15,SS=hns_ss-export-tld.20251226_20260107_translated_20260117.adapted.csv;HSD=hns_bob_tlds.csv,2026-05-15T21:54:27,False
tldedo,,,False,,,,,tim4sk,False,active,2026-05-15,2026-05-15,SS=hns_ss-export-tld.20251226_20260107_translated_20260117.adapted.csv;HSD=hns_bob_tlds.csv,2026-05-15T21:54:27,False
tldepotld,,,False,,,,,22catchall,False,active,2026-05-15,2026-05-15,SS=hns_ss-export-tld.20251226_20260107_translated_20260117.adapted.csv;HSD=hns_bob_tlds.csv,2026-05-15T21:54:27,False
tm69,,,False,,,,,tim4sk,False,active,2026-05-15,2026-05-15,SS=hns_ss-export-tld.20251226_20260107_translated_20260117.adapted.csv;HSD=hns_bob_tlds.csv,2026-05-15T21:54:27,False
tmth,,,False,,,,,tim4sk,False,active,2026-05-15,2026-05-15,SS=hns_ss-export-tld.20251226_20260107_translated_20260117.adapted.csv;HSD=hns_bob_tlds.csv,2026-05-15T21:54:27,False
tmxl,,,False,,,,,timaxau,False,active,2026-05-15,2026-05-15,SS=hns_ss-export-tld.20251226_20260107_translated_20260117.adapted.csv;HSD=hns_bob_tlds.csv,2026-05-15T21:54:27,False
tochinese,,,False,,,,,22catchall,False,active,2026-05-15,2026-05-15,SS=hns_ss-export-tld.20251226_20260107_translated_20260117.adapted.csv;HSD=hns_bob_tlds.csv,2026-05-15T21:54:27,False
tockphoto,,,False,,,,,tim4sk,False,active,2026-05-15,2026-05-15,SS=hns_ss-export-tld.20251226_20260107_translated_20260117.adapted.csv;HSD=hns_bob_tlds.csv,2026-05-15T21:54:27,False
todaolist,,,False,,,,,22catchall,False,active,2026-05-15,2026-05-15,SS=hns_ss-export-tld.20251226_20260107_translated_20260117.adapted.csv;HSD=hns_bob_tlds.csv,2026-05-15T21:54:27,False
todaysheadlines,,,False,,,,,22catchall,False,active,2026-05-15,2026-05-15,SS=hns_ss-export-tld.20251226_20260107_translated_20260117.adapted.csv;HSD=hns_bob_tlds.csv,2026-05-15T21:54:27,False
toholdwater,,,False,,,,,22catchall,False,active,2026-05-15,2026-05-15,SS=hns_ss-export-tld.20251226_20260107_translated_20260117.adapted.csv;HSD=hns_bob_tlds.csv,2026-05-15T21:54:27,False
tohrst,,,False,,,,,tim4sk,False,active,2026-05-15,2026-05-15,SS=hns_ss-export-tld.20251226_20260107_translated_20260117.adapted.csv;HSD=hns_bob_tlds.csv,2026-05-15T21:54:27,False
tohrxt,,,False,,,,,tim4sk,False,active,2026-05-15,2026-05-15,SS=hns_ss-export-tld.20251226_20260107_translated_20260117.adapted.csv;HSD=hns_bob_tlds.csv,2026-05-15T21:54:27,False
tohrzt,,,False,,,,,tim4sk,False,active,2026-05-15,2026-05-15,SS=hns_ss-export-tld.20251226_20260107_translated_20260117.adapted.csv;HSD=hns_bob_tlds.csv,2026-05-15T21:54:27,False
tohtxr,,,False,,,,,tim4sk,False,active,2026-05-15,2026-05-15,SS=hns_ss-export-tld.20251226_20260107_translated_20260117.adapted.csv;HSD=hns_bob_tlds.csv,2026-05-15T21:54:27,False
toiletmap,,,False,,,,,timaxau,False,active,2026-05-15,2026-05-15,SS=hns_ss-export-tld.20251226_20260107_translated_20260117.adapted.csv;HSD=hns_bob_tlds.csv,2026-05-15T21:54:27,False
tombstoned,,,False,,,,,k1f,False,active,2026-05-15,2026-05-15,SS=hns_ss-export-tld.20251226_20260107_translated_20260117.adapted.csv;HSD=hns_bob_tlds.csv,2026-05-15T21:54:27,False
tonicless,,,False,,,,,22catchall,False,active,2026-05-15,2026-05-15,SS=hns_ss-export-tld.20251226_20260107_translated_20260117.adapted.csv;HSD=hns_bob_tlds.csv,2026-05-15T21:54:27,False
top10idol,,,False,,,,,h4ndsh4k,False,active,2026-05-15,2026-05-15,SS=hns_ss-export-tld.20251226_20260107_translated_20260117.adapted.csv;HSD=hns_bob_tlds.csv,2026-05-15T21:54:27,False
top10idols,,,False,,,,,h4ndsh4k,False,active,2026-05-15,2026-05-15,SS=hns_ss-export-tld.20251226_20260107_translated_20260117.adapted.csv;HSD=hns_bob_tlds.csv,2026-05-15T21:54:27,False
topnewsarticles,,,False,,,,,22catchall,False,active,2026-05-15,2026-05-15,SS=hns_ss-export-tld.20251226_20260107_translated_20260117.adapted.csv;HSD=hns_bob_tlds.csv,2026-05-15T21:54:27,False
torhst,,,False,,,,,tim4sk,False,active,2026-05-15,2026-05-15,SS=hns_ss-export-tld.20251226_20260107_translated_20260117.adapted.csv;HSD=hns_bob_tlds.csv,2026-05-15T21:54:27,False
torhxt,,,False,,,,,tim4sk,False,active,2026-05-15,2026-05-15,SS=hns_ss-export-tld.20251226_20260107_translated_20260117.adapted.csv;HSD=hns_bob_tlds.csv,2026-05-15T21:54:27,False
torhzt,,,False,,,,,tim4sk,False,active,2026-05-15,2026-05-15,SS=hns_ss-export-tld.20251226_20260107_translated_20260117.adapted.csv;HSD=hns_bob_tlds.csv,2026-05-15T21:54:27,False
torths,,,False,,,,,tim4sk,False,active,2026-05-15,2026-05-15,SS=hns_ss-export-tld.20251226_20260107_translated_20260117.adapted.csv;HSD=hns_bob_tlds.csv,2026-05-15T21:54:27,False
torthx,,,False,,,,,tim4sk,False,active,2026-05-15,2026-05-15,SS=hns_ss-export-tld.20251226_20260107_translated_20260117.adapted.csv;HSD=hns_bob_tlds.csv,2026-05-15T21:54:27,False
torthz,,,False,,,,,tim4sk,False,active,2026-05-15,2026-05-15,SS=hns_ss-export-tld.20251226_20260107_translated_20260117.adapted.csv;HSD=hns_bob_tlds.csv,2026-05-15T21:54:27,False
toshrt,,,False,,,,,tim4sk,False,active,2026-05-15,2026-05-15,SS=hns_ss-export-tld.20251226_20260107_translated_20260117.adapted.csv;HSD=hns_bob_tlds.csv,2026-05-15T21:54:27,False
toshtr,,,False,,,,,tim4sk,False,active,2026-05-15,2026-05-15,SS=hns_ss-export-tld.20251226_20260107_translated_20260117.adapted.csv;HSD=hns_bob_tlds.csv,2026-05-15T21:54:27,False
tosthr,,,False,,,,,tim4sk,False,active,2026-05-15,2026-05-15,SS=hns_ss-export-tld.20251226_20260107_translated_20260117.adapted.csv;HSD=hns_bob_tlds.csv,2026-05-15T21:54:27,False
tostrh,,,False,,,,,tim4sk,False,active,2026-05-15,2026-05-15,SS=hns_ss-export-tld.20251226_20260107_translated_20260117.adapted.csv;HSD=hns_bob_tlds.csv,2026-05-15T21:54:27,False
totemism,,,False,,,,,22catchall,False,active,2026-05-15,2026-05-15,SS=hns_ss-export-tld.20251226_20260107_translated_20260117.adapted.csv;HSD=hns_bob_tlds.csv,2026-05-15T21:54:27,False
tothrs,,,False,,,,,tim4sk,False,active,2026-05-15,2026-05-15,SS=hns_ss-export-tld.20251226_20260107_translated_20260117.adapted.csv;HSD=hns_bob_tlds.csv,2026-05-15T21:54:27,False
tothrzc,,,False,,,,,tim4sk,False,active,2026-05-15,2026-05-15,SS=hns_ss-export-tld.20251226_20260107_translated_20260117.adapted.csv;HSD=hns_bob_tlds.csv,2026-05-15T21:54:27,False
tourismtasmania,,,False,,,,,22catchall,False,active,2026-05-15,2026-05-15,SS=hns_ss-export-tld.20251226_20260107_translated_20260117.adapted.csv;HSD=hns_bob_tlds.csv,2026-05-15T21:54:27,False
toxrht,,,False,,,,,tim4sk,False,active,2026-05-15,2026-05-15,SS=hns_ss-export-tld.20251226_20260107_translated_20260117.adapted.csv;HSD=hns_bob_tlds.csv,2026-05-15T21:54:27,False
toxrth,,,False,,,,,tim4sk,False,active,2026-05-15,2026-05-15,SS=hns_ss-export-tld.20251226_20260107_translated_20260117.adapted.csv;HSD=hns_bob_tlds.csv,2026-05-15T21:54:27,False
toxtrh,,,False,,,,,tim4sk,False,active,2026-05-15,2026-05-15,SS=hns_ss-export-tld.20251226_20260107_translated_20260117.adapted.csv;HSD=hns_bob_tlds.csv,2026-05-15T21:54:27,False
tozhrt,,,False,,,,,tim4sk,False,active,2026-05-15,2026-05-15,SS=hns_ss-export-tld.20251226_20260107_translated_20260117.adapted.csv;HSD=hns_bob_tlds.csv,2026-05-15T21:54:27,False
tozhtr,,,False,,,,,tim4sk,False,active,2026-05-15,2026-05-15,SS=hns_ss-export-tld.20251226_20260107_translated_20260117.adapted.csv;HSD=hns_bob_tlds.csv,2026-05-15T21:54:27,False
tozrht,,,False,,,,,tim4sk,False,active,2026-05-15,2026-05-15,SS=hns_ss-export-tld.20251226_20260107_translated_20260117.adapted.csv;HSD=hns_bob_tlds.csv,2026-05-15T21:54:27,False
tozrth,,,False,,,,,tim4sk,False,active,2026-05-15,2026-05-15,SS=hns_ss-export-tld.20251226_20260107_translated_20260117.adapted.csv;HSD=hns_bob_tlds.csv,2026-05-15T21:54:27,False
tozthr,,,False,,,,,tim4sk,False,active,2026-05-15,2026-05-15,SS=hns_ss-export-tld.20251226_20260107_translated_20260117.adapted.csv;HSD=hns_bob_tlds.csv,2026-05-15T21:54:27,False
toztrh,,,False,,,,,tim4sk,False,active,2026-05-15,2026-05-15,SS=hns_ss-export-tld.20251226_20260107_translated_20260117.adapted.csv;HSD=hns_bob_tlds.csv,2026-05-15T21:54:27,False
trackproduct,,,False,,,,,22catchall,False,active,2026-05-15,2026-05-15,SS=hns_ss-export-tld.20251226_20260107_translated_20260117.adapted.csv;HSD=hns_bob_tlds.csv,2026-05-15T21:54:27,False
traderat,,,False,,,,,22catchall,False,active,2026-05-15,2026-05-15,SS=hns_ss-export-tld.20251226_20260107_translated_20260117.adapted.csv;HSD=hns_bob_tlds.csv,2026-05-15T21:54:27,False
tradetide,,,False,,,,,22catchall,False,active,2026-05-15,2026-05-15,SS=hns_ss-export-tld.20251226_20260107_translated_20260117.adapted.csv;HSD=hns_bob_tlds.csv,2026-05-15T21:54:27,False
tradidas,,,False,,,,,22catchall,False,active,2026-05-15,2026-05-15,SS=hns_ss-export-tld.20251226_20260107_translated_20260117.adapted.csv;HSD=hns_bob_tlds.csv,2026-05-15T21:54:27,False
trainx,,,False,,,,,22catchall,False,active,2026-05-15,2026-05-15,SS=hns_ss-export-tld.20251226_20260107_translated_20260117.adapted.csv;HSD=hns_bob_tlds.csv,2026-05-15T21:54:27,False
transtheism,,,False,,,,,22catchall,False,active,2026-05-15,2026-05-15,SS=hns_ss-export-tld.20251226_20260107_translated_20260117.adapted.csv;HSD=hns_bob_tlds.csv,2026-05-15T21:54:27,False
trata_de_blancas,,,False,,,,,tim4sk,False,active,2026-05-15,2026-05-15,SS=hns_ss-export-tld.20251226_20260107_translated_20260117.adapted.csv;HSD=hns_bob_tlds.csv,2026-05-15T21:54:27,False
tratadeblancas,,,False,,,,,tim4sk,False,active,2026-05-15,2026-05-15,SS=hns_ss-export-tld.20251226_20260107_translated_20260117.adapted.csv;HSD=hns_bob_tlds.csv,2026-05-15T21:54:27,False
travelpic,,,False,,,,,22catchall,False,active,2026-05-15,2026-05-15,SS=hns_ss-export-tld.20251226_20260107_translated_20260117.adapted.csv;HSD=hns_bob_tlds.csv,2026-05-15T21:54:27,False
treeexit,,,False,,,,,22catchall,False,active,2026-05-15,2026-05-15,SS=hns_ss-export-tld.20251226_20260107_translated_20260117.adapted.csv;HSD=hns_bob_tlds.csv,2026-05-15T21:54:27,False
treemax,,,False,,,,,22catchall,False,active,2026-05-15,2026-05-15,SS=hns_ss-export-tld.20251226_20260107_translated_20260117.adapted.csv;HSD=hns_bob_tlds.csv,2026-05-15T21:54:27,False
trekearth,,,False,,,,,22catchall,False,active,2026-05-15,2026-05-15,SS=hns_ss-export-tld.20251226_20260107_translated_20260117.adapted.csv;HSD=hns_bob_tlds.csv,2026-05-15T21:54:27,False
trekgist,,,False,,,,,22catchall,False,active,2026-05-15,2026-05-15,SS=hns_ss-export-tld.20251226_20260107_translated_20260117.adapted.csv;HSD=hns_bob_tlds.csv,2026-05-15T21:54:27,False
trendtides,,,False,,,,,h2o,False,active,2026-05-15,2026-05-15,SS=hns_ss-export-tld.20251226_20260107_translated_20260117.adapted.csv;HSD=hns_bob_tlds.csv,2026-05-15T21:54:27,False
trente,,,False,,,,,r1f,False,active,2026-05-15,2026-05-15,SS=hns_ss-export-tld.20251226_20260107_translated_20260117.adapted.csv;HSD=hns_bob_tlds.csv,2026-05-15T21:54:27,False
trhost,,,False,,,,,tim4sk,False,active,2026-05-15,2026-05-15,SS=hns_ss-export-tld.20251226_20260107_translated_20260117.adapted.csv;HSD=hns_bob_tlds.csv,2026-05-15T21:54:27,False
trhots,,,False,,,,,tim4sk,False,active,2026-05-15,2026-05-15,SS=hns_ss-export-tld.20251226_20260107_translated_20260117.adapted.csv;HSD=hns_bob_tlds.csv,2026-05-15T21:54:27,False
trhotx,,,False,,,,,tim4sk,False,active,2026-05-15,2026-05-15,SS=hns_ss-export-tld.20251226_20260107_translated_20260117.adapted.csv;HSD=hns_bob_tlds.csv,2026-05-15T21:54:27,False
trhotz,,,False,,,,,tim4sk,False,active,2026-05-15,2026-05-15,SS=hns_ss-export-tld.20251226_20260107_translated_20260117.adapted.csv;HSD=hns_bob_tlds.csv,2026-05-15T21:54:27,False
trhozt,,,False,,,,,tim4sk,False,active,2026-05-15,2026-05-15,SS=hns_ss-export-tld.20251226_20260107_translated_20260117.adapted.csv;HSD=hns_bob_tlds.csv,2026-05-15T21:54:27,False
tri-statehemp,,,False,,,,,22catchall,False,active,2026-05-15,2026-05-15,SS=hns_ss-export-tld.20251226_20260107_translated_20260117.adapted.csv;HSD=hns_bob_tlds.csv,2026-05-15T21:54:27,False
tricolored,,,False,,,,,22catchall,False,active,2026-05-15,2026-05-15,SS=hns_ss-export-tld.20251226_20260107_translated_20260117.adapted.csv;HSD=hns_bob_tlds.csv,2026-05-15T21:54:27,False
triptrail,,,False,,,,,22catchall,False,active,2026-05-15,2026-05-15,SS=hns_ss-export-tld.20251226_20260107_translated_20260117.adapted.csv;HSD=hns_bob_tlds.csv,2026-05-15T21:54:27,False
tristatehemp,,,False,,,,,22catchall,False,active,2026-05-15,2026-05-15,SS=hns_ss-export-tld.20251226_20260107_translated_20260117.adapted.csv;HSD=hns_bob_tlds.csv,2026-05-15T21:54:27,False
troutlike,,,False,,,,,r1f,False,active,2026-05-15,2026-05-15,SS=hns_ss-export-tld.20251226_20260107_translated_20260117.adapted.csv;HSD=hns_bob_tlds.csv,2026-05-15T21:54:27,False
trrx,,,False,,,,,k1f,False,active,2026-05-15,2026-05-15,SS=hns_ss-export-tld.20251226_20260107_translated_20260117.adapted.csv;HSD=hns_bob_tlds.csv,2026-05-15T21:54:27,False
trshot,,,False,,,,,tim4sk,False,active,2026-05-15,2026-05-15,SS=hns_ss-export-tld.20251226_20260107_translated_20260117.adapted.csv;HSD=hns_bob_tlds.csv,2026-05-15T21:54:27,False
trsoht,,,False,,,,,tim4sk,False,active,2026-05-15,2026-05-15,SS=hns_ss-export-tld.20251226_20260107_translated_20260117.adapted.csv;HSD=hns_bob_tlds.csv,2026-05-15T21:54:27,False
trsoth,,,False,,,,,tim4sk,False,active,2026-05-15,2026-05-15,SS=hns_ss-export-tld.20251226_20260107_translated_20260117.adapted.csv;HSD=hns_bob_tlds.csv,2026-05-15T21:54:27,False
trstoh,,,False,,,,,tim4sk,False,active,2026-05-15,2026-05-15,SS=hns_ss-export-tld.20251226_20260107_translated_20260117.adapted.csv;HSD=hns_bob_tlds.csv,2026-05-15T21:54:27,False
trthso,,,False,,,,,tim4sk,False,active,2026-05-15,2026-05-15,SS=hns_ss-export-tld.20251226_20260107_translated_20260117.adapted.csv;HSD=hns_bob_tlds.csv,2026-05-15T21:54:27,False
trthxo,,,False,,,,,tim4sk,False,active,2026-05-15,2026-05-15,SS=hns_ss-export-tld.20251226_20260107_translated_20260117.adapted.csv;HSD=hns_bob_tlds.csv,2026-05-15T21:54:27,False
trthzo,,,False,,,,,tim4sk,False,active,2026-05-15,2026-05-15,SS=hns_ss-export-tld.20251226_20260107_translated_20260117.adapted.csv;HSD=hns_bob_tlds.csv,2026-05-15T21:54:27,False
trtohs,,,False,,,,,tim4sk,False,active,2026-05-15,2026-05-15,SS=hns_ss-export-tld.20251226_20260107_translated_20260117.adapted.csv;HSD=hns_bob_tlds.csv,2026-05-15T21:54:27,False
trtohx,,,False,,,,,tim4sk,False,active,2026-05-15,2026-05-15,SS=hns_ss-export-tld.20251226_20260107_translated_20260117.adapted.csv;HSD=hns_bob_tlds.csv,2026-05-15T21:54:27,False
truckerpath,,,False,,,,,22catchall,False,active,2026-05-15,2026-05-15,SS=hns_ss-export-tld.20251226_20260107_translated_20260117.adapted.csv;HSD=hns_bob_tlds.csv,2026-05-15T21:54:27,False
truistic,,,False,,,,,22catchall,False,active,2026-05-15,2026-05-15,SS=hns_ss-export-tld.20251226_20260107_translated_20260117.adapted.csv;HSD=hns_bob_tlds.csv,2026-05-15T21:54:27,False
trustack,,,False,,,,,21trueone,False,active,2026-05-15,2026-05-15,SS=hns_ss-export-tld.20251226_20260107_translated_20260117.adapted.csv;HSD=hns_bob_tlds.csv,2026-05-15T21:54:27,False
trusted-sig,,,False,,,,,21trueone,False,active,2026-05-15,2026-05-15,SS=hns_ss-export-tld.20251226_20260107_translated_20260117.adapted.csv;HSD=hns_bob_tlds.csv,2026-05-15T21:54:27,False
trustedsig,,,False,,,,,21trueone,False,active,2026-05-15,2026-05-15,SS=hns_ss-export-tld.20251226_20260107_translated_20260117.adapted.csv;HSD=hns_bob_tlds.csv,2026-05-15T21:54:27,False
trustrustrust,,,False,,,,,tim4sk,False,active,2026-05-15,2026-05-15,SS=hns_ss-export-tld.20251226_20260107_translated_20260117.adapted.csv;HSD=hns_bob_tlds.csv,2026-05-15T21:54:27,False
truthhost,,,False,,,,,22catchall,False,active,2026-05-15,2026-05-15,SS=hns_ss-export-tld.20251226_20260107_translated_20260117.adapted.csv;HSD=hns_bob_tlds.csv,2026-05-15T21:54:27,False
truthpulse,,,False,,,,,tim4sk,False,active,2026-05-15,2026-05-15,SS=hns_ss-export-tld.20251226_20260107_translated_20260117.adapted.csv;HSD=hns_bob_tlds.csv,2026-05-15T21:54:27,False
truthquarks,,,False,,,,,22catchall,False,active,2026-05-15,2026-05-15,SS=hns_ss-export-tld.20251226_20260107_translated_20260117.adapted.csv;HSD=hns_bob_tlds.csv,2026-05-15T21:54:27,False
truthspins,,,False,,,,,22catchall,False,active,2026-05-15,2026-05-15,SS=hns_ss-export-tld.20251226_20260107_translated_20260117.adapted.csv;HSD=hns_bob_tlds.csv,2026-05-15T21:54:27,False
truthstorm,,,False,,,,,22catchall,False,active,2026-05-15,2026-05-15,SS=hns_ss-export-tld.20251226_20260107_translated_20260117.adapted.csv;HSD=hns_bob_tlds.csv,2026-05-15T21:54:27,False
trutopian,,,False,,,,,tim4sk,False,active,2026-05-15,2026-05-15,SS=hns_ss-export-tld.20251226_20260107_translated_20260117.adapted.csv;HSD=hns_bob_tlds.csv,2026-05-15T21:54:27,False
truz,,,False,,,,,21trueone,False,active,2026-05-15,2026-05-15,SS=hns_ss-export-tld.20251226_20260107_translated_20260117.adapted.csv;HSD=hns_bob_tlds.csv,2026-05-15T21:54:27,False
trxoht,,,False,,,,,tim4sk,False,active,2026-05-15,2026-05-15,SS=hns_ss-export-tld.20251226_20260107_translated_20260117.adapted.csv;HSD=hns_bob_tlds.csv,2026-05-15T21:54:27,False
trxorh,,,False,,,,,tim4sk,False,active,2026-05-15,2026-05-15,SS=hns_ss-export-tld.20251226_20260107_translated_20260117.adapted.csv;HSD=hns_bob_tlds.csv,2026-05-15T21:54:27,False
trxoth,,,False,,,,,tim4sk,False,active,2026-05-15,2026-05-15,SS=hns_ss-export-tld.20251226_20260107_translated_20260117.adapted.csv;HSD=hns_bob_tlds.csv,2026-05-15T21:54:27,False
tryone,,,False,,,,,22catchall,False,active,2026-05-15,2026-05-15,SS=hns_ss-export-tld.20251226_20260107_translated_20260117.adapted.csv;HSD=hns_bob_tlds.csv,2026-05-15T21:54:27,False
trzhot,,,False,,,,,tim4sk,False,active,2026-05-15,2026-05-15,SS=hns_ss-export-tld.20251226_20260107_translated_20260117.adapted.csv;HSD=hns_bob_tlds.csv,2026-05-15T21:54:27,False
trzoht,,,False,,,,,tim4sk,False,active,2026-05-15,2026-05-15,SS=hns_ss-export-tld.20251226_20260107_translated_20260117.adapted.csv;HSD=hns_bob_tlds.csv,2026-05-15T21:54:27,False
trzoth,,,False,,,,,tim4sk,False,active,2026-05-15,2026-05-15,SS=hns_ss-export-tld.20251226_20260107_translated_20260117.adapted.csv;HSD=hns_bob_tlds.csv,2026-05-15T21:54:27,False
trztoh,,,False,,,,,tim4sk,False,active,2026-05-15,2026-05-15,SS=hns_ss-export-tld.20251226_20260107_translated_20260117.adapted.csv;HSD=hns_bob_tlds.csv,2026-05-15T21:54:27,False
tshirt,,,False,,,,,tim4sk,False,active,2026-05-15,2026-05-15,SS=hns_ss-export-tld.20251226_20260107_translated_20260117.adapted.csv;HSD=hns_bob_tlds.csv,2026-05-15T21:54:27,False
tube-tv,,,False,,,,,tim4sk,False,active,2026-05-15,2026-05-15,SS=hns_ss-export-tld.20251226_20260107_translated_20260117.adapted.csv;HSD=hns_bob_tlds.csv,2026-05-15T21:54:27,False
tugd,,,False,,,,,22catchall,False,active,2026-05-15,2026-05-15,SS=hns_ss-export-tld.20251226_20260107_translated_20260117.adapted.csv;HSD=hns_bob_tlds.csv,2026-05-15T21:54:27,False
turfsurf,,,False,,,,,22catchall,False,active,2026-05-15,2026-05-15,SS=hns_ss-export-tld.20251226_20260107_translated_20260117.adapted.csv;HSD=hns_bob_tlds.csv,2026-05-15T21:54:27,False
turizm,,,False,,,,,22catchall,False,active,2026-05-15,2026-05-15,SS=hns_ss-export-tld.20251226_20260107_translated_20260117.adapted.csv;HSD=hns_bob_tlds.csv,2026-05-15T21:54:27,False
turnsequence,,,False,,,,,tim4sk,False,active,2026-05-15,2026-05-15,SS=hns_ss-export-tld.20251226_20260107_translated_20260117.adapted.csv;HSD=hns_bob_tlds.csv,2026-05-15T21:54:27,False
tv-tube,,,False,,,,,tim4sk,False,active,2026-05-15,2026-05-15,SS=hns_ss-export-tld.20251226_20260107_translated_20260117.adapted.csv;HSD=hns_bob_tlds.csv,2026-05-15T21:54:27,False
tvez,,,False,,,,,22catchall,False,active,2026-05-15,2026-05-15,SS=hns_ss-export-tld.20251226_20260107_translated_20260117.adapted.csv;HSD=hns_bob_tlds.csv,2026-05-15T21:54:27,False
tvlaw,,,False,5L,,,,22catchall,False,active,2026-05-15,2026-05-15,SS=hns_ss-export-tld.20251226_20260107_translated_20260117.adapted.csv;HSD=hns_bob_tlds.csv,2026-05-15T21:54:27,False
tvpool,,,False,,,,,22catchall,False,active,2026-05-15,2026-05-15,SS=hns_ss-export-tld.20251226_20260107_translated_20260117.adapted.csv;HSD=hns_bob_tlds.csv,2026-05-15T21:54:27,False
twoness,,,False,,,,,22catchall,False,active,2026-05-15,2026-05-15,SS=hns_ss-export-tld.20251226_20260107_translated_20260117.adapted.csv;HSD=hns_bob_tlds.csv,2026-05-15T21:54:27,False
txeg,,,False,,,,,k1f,False,active,2026-05-15,2026-05-15,SS=hns_ss-export-tld.20251226_20260107_translated_20260117.adapted.csv;HSD=hns_bob_tlds.csv,2026-05-15T21:54:27,False
txez,,,False,,,,,k1f,False,active,2026-05-15,2026-05-15,SS=hns_ss-export-tld.20251226_20260107_translated_20260117.adapted.csv;HSD=hns_bob_tlds.csv,2026-05-15T21:54:27,False
typetime,,,False,,,,,22catchall,False,active,2026-05-15,2026-05-15,SS=hns_ss-export-tld.20251226_20260107_translated_20260117.adapted.csv;HSD=hns_bob_tlds.csv,2026-05-15T21:54:27,False
u414u,,,False,,,,,22catchall,False,active,2026-05-15,2026-05-15,SS=hns_ss-export-tld.20251226_20260107_translated_20260117.adapted.csv;HSD=hns_bob_tlds.csv,2026-05-15T21:54:27,False
uberqueren,,,False,,,,,22catchall,False,active,2026-05-15,2026-05-15,SS=hns_ss-export-tld.20251226_20260107_translated_20260117.adapted.csv;HSD=hns_bob_tlds.csv,2026-05-15T21:54:27,False
udderlysmooth,,,False,,,,,22catchall,False,active,2026-05-15,2026-05-15,SS=hns_ss-export-tld.20251226_20260107_translated_20260117.adapted.csv;HSD=hns_bob_tlds.csv,2026-05-15T21:54:27,False
ufern,,,False,,,,,r1f,False,active,2026-05-15,2026-05-15,SS=hns_ss-export-tld.20251226_20260107_translated_20260117.adapted.csv;HSD=hns_bob_tlds.csv,2026-05-15T21:54:27,False
uggb,,,False,4L,,,,22catchall,False,active,2026-05-15,2026-05-15,SS=hns_ss-export-tld.20251226_20260107_translated_20260117.adapted.csv;HSD=hns_bob_tlds.csv,2026-05-15T21:54:27,False
uggboots,,,False,,,,,timaxau,False,active,2026-05-15,2026-05-15,SS=hns_ss-export-tld.20251226_20260107_translated_20260117.adapted.csv;HSD=hns_bob_tlds.csv,2026-05-15T21:54:27,False
uimenu,,,False,,,,,22catchall,False,active,2026-05-15,2026-05-15,SS=hns_ss-export-tld.20251226_20260107_translated_20260117.adapted.csv;HSD=hns_bob_tlds.csv,2026-05-15T21:54:27,False
uiytv,,,False,,,,,tim4sk,False,active,2026-05-15,2026-05-15,SS=hns_ss-export-tld.20251226_20260107_translated_20260117.adapted.csv;HSD=hns_bob_tlds.csv,2026-05-15T21:54:27,False
ultim8,,,False,,,,,tim4sk,False,active,2026-05-15,2026-05-15,SS=hns_ss-export-tld.20251226_20260107_translated_20260117.adapted.csv;HSD=hns_bob_tlds.csv,2026-05-15T21:54:27,False
ultimas,,,False,,,,,tim4sk,False,active,2026-05-15,2026-05-15,SS=hns_ss-export-tld.20251226_20260107_translated_20260117.adapted.csv;HSD=hns_bob_tlds.csv,2026-05-15T21:54:27,False
umbrine,,,False,,,,,22catchall,False,active,2026-05-15,2026-05-15,SS=hns_ss-export-tld.20251226_20260107_translated_20260117.adapted.csv;HSD=hns_bob_tlds.csv,2026-05-15T21:54:27,False
unadjoined,,,False,,,,,22catchall,False,active,2026-05-15,2026-05-15,SS=hns_ss-export-tld.20251226_20260107_translated_20260117.adapted.csv;HSD=hns_bob_tlds.csv,2026-05-15T21:54:27,False
undaberg,,,False,,,,,tim4sk,False,active,2026-05-15,2026-05-15,SS=hns_ss-export-tld.20251226_20260107_translated_20260117.adapted.csv;HSD=hns_bob_tlds.csv,2026-05-15T21:54:27,False
undau,,,False,,,,,timaxau,False,active,2026-05-15,2026-05-15,SS=hns_ss-export-tld.20251226_20260107_translated_20260117.adapted.csv;HSD=hns_bob_tlds.csv,2026-05-15T21:54:27,False
underphoto,,,False,,,,,tim4sk,False,active,2026-05-15,2026-05-15,SS=hns_ss-export-tld.20251226_20260107_translated_20260117.adapted.csv;HSD=hns_bob_tlds.csv,2026-05-15T21:54:27,False
undertakerlike,,,False,,,,,tim4sk,False,active,2026-05-15,2026-05-15,SS=hns_ss-export-tld.20251226_20260107_translated_20260117.adapted.csv;HSD=hns_bob_tlds.csv,2026-05-15T21:54:27,False
underwaterlife,,,False,,,,,22catchall,False,active,2026-05-15,2026-05-15,SS=hns_ss-export-tld.20251226_20260107_translated_20260117.adapted.csv;HSD=hns_bob_tlds.csv,2026-05-15T21:54:27,False
ungifted,,,False,,,,,22catchall,False,active,2026-05-15,2026-05-15,SS=hns_ss-export-tld.20251226_20260107_translated_20260117.adapted.csv;HSD=hns_bob_tlds.csv,2026-05-15T21:54:27,False
unibag,,,False,,,,,22catchall,False,active,2026-05-15,2026-05-15,SS=hns_ss-export-tld.20251226_20260107_translated_20260117.adapted.csv;HSD=hns_bob_tlds.csv,2026-05-15T21:54:27,False
unichord,,,False,,,,,22catchall,False,active,2026-05-15,2026-05-15,SS=hns_ss-export-tld.20251226_20260107_translated_20260117.adapted.csv;HSD=hns_bob_tlds.csv,2026-05-15T21:54:27,False
uniquetree,,,False,,,,,22catchall,False,active,2026-05-15,2026-05-15,SS=hns_ss-export-tld.20251226_20260107_translated_20260117.adapted.csv;HSD=hns_bob_tlds.csv,2026-05-15T21:54:27,False
united_earth,,,False,,,,,22catchall,False,active,2026-05-15,2026-05-15,SS=hns_ss-export-tld.20251226_20260107_translated_20260117.adapted.csv;HSD=hns_bob_tlds.csv,2026-05-15T21:54:27,False
unitednationdao,,,False,,,,,tim4sk,False,active,2026-05-15,2026-05-15,SS=hns_ss-export-tld.20251226_20260107_translated_20260117.adapted.csv;HSD=hns_bob_tlds.csv,2026-05-15T21:54:27,False
unityuniverse,,,False,,,,,22catchall,False,active,2026-05-15,2026-05-15,SS=hns_ss-export-tld.20251226_20260107_translated_20260117.adapted.csv;HSD=hns_bob_tlds.csv,2026-05-15T21:54:27,False
univillage,,,False,,,,,22catchall,False,active,2026-05-15,2026-05-15,SS=hns_ss-export-tld.20251226_20260107_translated_20260117.adapted.csv;HSD=hns_bob_tlds.csv,2026-05-15T21:54:27,False
unlodge,,,False,,,,,22catchall,False,active,2026-05-15,2026-05-15,SS=hns_ss-export-tld.20251226_20260107_translated_20260117.adapted.csv;HSD=hns_bob_tlds.csv,2026-05-15T21:54:27,False
untedious,,,False,,,,,22catchall,False,active,2026-05-15,2026-05-15,SS=hns_ss-export-tld.20251226_20260107_translated_20260117.adapted.csv;HSD=hns_bob_tlds.csv,2026-05-15T21:54:27,False
unterwollan,,,False,,,,,22catchall,False,active,2026-05-15,2026-05-15,SS=hns_ss-export-tld.20251226_20260107_translated_20260117.adapted.csv;HSD=hns_bob_tlds.csv,2026-05-15T21:54:27,False
unterwollanig,,,False,,,,,22catchall,False,active,2026-05-15,2026-05-15,SS=hns_ss-export-tld.20251226_20260107_translated_20260117.adapted.csv;HSD=hns_bob_tlds.csv,2026-05-15T21:54:27,False
unterwolligen,,,False,,,,,22catchall,False,active,2026-05-15,2026-05-15,SS=hns_ss-export-tld.20251226_20260107_translated_20260117.adapted.csv;HSD=hns_bob_tlds.csv,2026-05-15T21:54:27,False
unterwuchl,,,False,,,,,22catchall,False,active,2026-05-15,2026-05-15,SS=hns_ss-export-tld.20251226_20260107_translated_20260117.adapted.csv;HSD=hns_bob_tlds.csv,2026-05-15T21:54:27,False
unterwuhr,,,False,,,,,22catchall,False,active,2026-05-15,2026-05-15,SS=hns_ss-export-tld.20251226_20260107_translated_20260117.adapted.csv;HSD=hns_bob_tlds.csv,2026-05-15T21:54:27,False
unterzeiring,,,False,,,,,22catchall,False,active,2026-05-15,2026-05-15,SS=hns_ss-export-tld.20251226_20260107_translated_20260117.adapted.csv;HSD=hns_bob_tlds.csv,2026-05-15T21:54:27,False
unterzeiss,,,False,,,,,22catchall,False,active,2026-05-15,2026-05-15,SS=hns_ss-export-tld.20251226_20260107_translated_20260117.adapted.csv;HSD=hns_bob_tlds.csv,2026-05-15T21:54:27,False
untildeath,,,False,,,,,tim4sk,False,active,2026-05-15,2026-05-15,SS=hns_ss-export-tld.20251226_20260107_translated_20260117.adapted.csv;HSD=hns_bob_tlds.csv,2026-05-15T21:54:27,False
untruths,,,False,,,,,21trueone,False,active,2026-05-15,2026-05-15,SS=hns_ss-export-tld.20251226_20260107_translated_20260117.adapted.csv;HSD=hns_bob_tlds.csv,2026-05-15T21:54:27,False
unzdorf,,,False,,,,,22catchall,False,active,2026-05-15,2026-05-15,SS=hns_ss-export-tld.20251226_20260107_translated_20260117.adapted.csv;HSD=hns_bob_tlds.csv,2026-05-15T21:54:27,False
unzmarkt,,,False,,,,,22catchall,False,active,2026-05-15,2026-05-15,SS=hns_ss-export-tld.20251226_20260107_translated_20260117.adapted.csv;HSD=hns_bob_tlds.csv,2026-05-15T21:54:27,False
upshitcreekinabarbwirecanoe,,,False,,,,,22catchall,False,active,2026-05-15,2026-05-15,SS=hns_ss-export-tld.20251226_20260107_translated_20260117.adapted.csv;HSD=hns_bob_tlds.csv,2026-05-15T21:54:27,False
uptown-sushi,,,False,,,,,22catchall,False,active,2026-05-15,2026-05-15,SS=hns_ss-export-tld.20251226_20260107_translated_20260117.adapted.csv;HSD=hns_bob_tlds.csv,2026-05-15T21:54:27,False
upxau,,,False,,,,,hnsaucommunal,False,active,2026-05-15,2026-05-15,SS=hns_ss-export-tld.20251226_20260107_translated_20260117.adapted.csv;HSD=hns_bob_tlds.csv,2026-05-15T21:54:27,False
uqdao,,,False,,,,,timaxau,False,active,2026-05-15,2026-05-15,SS=hns_ss-export-tld.20251226_20260107_translated_20260117.adapted.csv;HSD=hns_bob_tlds.csv,2026-05-15T21:54:27,False
urbanpress,,,False,,,,,tim4sk,False,active,2026-05-15,2026-05-15,SS=hns_ss-export-tld.20251226_20260107_translated_20260117.adapted.csv;HSD=hns_bob_tlds.csv,2026-05-15T21:54:27,False
urbersdorf,,,False,,,,,22catchall,False,active,2026-05-15,2026-05-15,SS=hns_ss-export-tld.20251226_20260107_translated_20260117.adapted.csv;HSD=hns_bob_tlds.csv,2026-05-15T21:54:27,False
urfahr,,,False,,,,,22catchall,False,active,2026-05-15,2026-05-15,SS=hns_ss-export-tld.20251226_20260107_translated_20260117.adapted.csv;HSD=hns_bob_tlds.csv,2026-05-15T21:54:27,False
urfahrwand,,,False,,,,,22catchall,False,active,2026-05-15,2026-05-15,SS=hns_ss-export-tld.20251226_20260107_translated_20260117.adapted.csv;HSD=hns_bob_tlds.csv,2026-05-15T21:54:27,False
urscha,,,False,,,,,22catchall,False,active,2026-05-15,2026-05-15,SS=hns_ss-export-tld.20251226_20260107_translated_20260117.adapted.csv;HSD=hns_bob_tlds.csv,2026-05-15T21:54:27,False
usanonymous,,,False,,,,,22catchall,False,active,2026-05-15,2026-05-15,SS=hns_ss-export-tld.20251226_20260107_translated_20260117.adapted.csv;HSD=hns_bob_tlds.csv,2026-05-15T21:54:27,False
usegold,,,False,,,,,k1f,False,active,2026-05-15,2026-05-15,SS=hns_ss-export-tld.20251226_20260107_translated_20260117.adapted.csv;HSD=hns_bob_tlds.csv,2026-05-15T21:54:27,False
useyellow,,,False,,,,,tim4sk,False,active,2026-05-15,2026-05-15,SS=hns_ss-export-tld.20251226_20260107_translated_20260117.adapted.csv;HSD=hns_bob_tlds.csv,2026-05-15T21:54:27,False
utez,,,False,,,,,timaxau,False,active,2026-05-15,2026-05-15,SS=hns_ss-export-tld.20251226_20260107_translated_20260117.adapted.csv;HSD=hns_bob_tlds.csv,2026-05-15T21:54:27,False
utism,,,False,,,,,k1f,False,active,2026-05-15,2026-05-15,SS=hns_ss-export-tld.20251226_20260107_translated_20260117.adapted.csv;HSD=hns_bob_tlds.csv,2026-05-15T21:54:27,False
utschthal,,,False,,,,,22catchall,False,active,2026-05-15,2026-05-15,SS=hns_ss-export-tld.20251226_20260107_translated_20260117.adapted.csv;HSD=hns_bob_tlds.csv,2026-05-15T21:54:27,False
uvau,,,False,,,,,timaxau,False,active,2026-05-15,2026-05-15,SS=hns_ss-export-tld.20251226_20260107_translated_20260117.adapted.csv;HSD=hns_bob_tlds.csv,2026-05-15T21:54:27,False
v001,,,False,,,,,22catchall,False,active,2026-05-15,2026-05-15,SS=hns_ss-export-tld.20251226_20260107_translated_20260117.adapted.csv;HSD=hns_bob_tlds.csv,2026-05-15T21:54:27,False
v414v,,,False,,,,,22catchall,False,active,2026-05-15,2026-05-15,SS=hns_ss-export-tld.20251226_20260107_translated_20260117.adapted.csv;HSD=hns_bob_tlds.csv,2026-05-15T21:54:27,False
valentinhaft,,,False,,,,,22catchall,False,active,2026-05-15,2026-05-15,SS=hns_ss-export-tld.20251226_20260107_translated_20260117.adapted.csv;HSD=hns_bob_tlds.csv,2026-05-15T21:54:27,False
valentinshaft,,,False,,,,,22catchall,False,active,2026-05-15,2026-05-15,SS=hns_ss-export-tld.20251226_20260107_translated_20260117.adapted.csv;HSD=hns_bob_tlds.csv,2026-05-15T21:54:27,False
valleu,,,False,,,,,22catchall,False,active,2026-05-15,2026-05-15,SS=hns_ss-export-tld.20251226_20260107_translated_20260117.adapted.csv;HSD=hns_bob_tlds.csv,2026-05-15T21:54:27,False
vanillachai,,,False,,,,,12tea,False,active,2026-05-15,2026-05-15,SS=hns_ss-export-tld.20251226_20260107_translated_20260117.adapted.csv;HSD=hns_bob_tlds.csv,2026-05-15T21:54:27,False
vatersreith,,,False,,,,,22catchall,False,active,2026-05-15,2026-05-15,SS=hns_ss-export-tld.20251226_20260107_translated_20260117.adapted.csv;HSD=hns_bob_tlds.csv,2026-05-15T21:54:27,False
veganfta,,,False,,,,,22catchall,False,active,2026-05-15,2026-05-15,SS=hns_ss-export-tld.20251226_20260107_translated_20260117.adapted.csv;HSD=hns_bob_tlds.csv,2026-05-15T21:54:27,False
vegx,,,False,,,,,22catchall,False,active,2026-05-15,2026-05-15,SS=hns_ss-export-tld.20251226_20260107_translated_20260117.adapted.csv;HSD=hns_bob_tlds.csv,2026-05-15T21:54:27,False
veichltal,,,False,,,,,22catchall,False,active,2026-05-15,2026-05-15,SS=hns_ss-export-tld.20251226_20260107_translated_20260117.adapted.csv;HSD=hns_bob_tlds.csv,2026-05-15T21:54:27,False
veitsch,,,False,,,,,22catchall,False,active,2026-05-15,2026-05-15,SS=hns_ss-export-tld.20251226_20260107_translated_20260117.adapted.csv;HSD=hns_bob_tlds.csv,2026-05-15T21:54:27,False
veldenamwortherseen,,,False,,,,,22catchall,False,active,2026-05-15,2026-05-15,SS=hns_ss-export-tld.20251226_20260107_translated_20260117.adapted.csv;HSD=hns_bob_tlds.csv,2026-05-15T21:54:27,False
velzur,,,False,,,,,22catchall,False,active,2026-05-15,2026-05-15,SS=hns_ss-export-tld.20251226_20260107_translated_20260117.adapted.csv;HSD=hns_bob_tlds.csv,2026-05-15T21:54:27,False
venuswater,,,False,,,,,22catchall,False,active,2026-05-15,2026-05-15,SS=hns_ss-export-tld.20251226_20260107_translated_20260117.adapted.csv;HSD=hns_bob_tlds.csv,2026-05-15T21:54:27,False
verbannen,,,False,,,,,22catchall,False,active,2026-05-15,2026-05-15,SS=hns_ss-export-tld.20251226_20260107_translated_20260117.adapted.csv;HSD=hns_bob_tlds.csv,2026-05-15T21:54:27,False
verditz,,,False,,,,,22catchall,False,active,2026-05-15,2026-05-15,SS=hns_ss-export-tld.20251226_20260107_translated_20260117.adapted.csv;HSD=hns_bob_tlds.csv,2026-05-15T21:54:27,False
vergalden,,,False,,,,,22catchall,False,active,2026-05-15,2026-05-15,SS=hns_ss-export-tld.20251226_20260107_translated_20260117.adapted.csv;HSD=hns_bob_tlds.csv,2026-05-15T21:54:27,False
vergross,,,False,,,,,22catchall,False,active,2026-05-15,2026-05-15,SS=hns_ss-export-tld.20251226_20260107_translated_20260117.adapted.csv;HSD=hns_bob_tlds.csv,2026-05-15T21:54:27,False
vericus,,,False,,,,,22catchall,False,active,2026-05-15,2026-05-15,SS=hns_ss-export-tld.20251226_20260107_translated_20260117.adapted.csv;HSD=hns_bob_tlds.csv,2026-05-15T21:54:27,False
verywater,,,False,,,,,22catchall,False,active,2026-05-15,2026-05-15,SS=hns_ss-export-tld.20251226_20260107_translated_20260117.adapted.csv;HSD=hns_bob_tlds.csv,2026-05-15T21:54:27,False
vicgov,,,False,,,,,timaxau,False,active,2026-05-15,2026-05-15,SS=hns_ss-export-tld.20251226_20260107_translated_20260117.adapted.csv;HSD=hns_bob_tlds.csv,2026-05-15T21:54:27,False
vicgovau,,,False,,,,,tim4sk,False,active,2026-05-15,2026-05-15,SS=hns_ss-export-tld.20251226_20260107_translated_20260117.adapted.csv;HSD=hns_bob_tlds.csv,2026-05-15T21:54:27,False
vichtau,,,False,,,,,22catchall,False,active,2026-05-15,2026-05-15,SS=hns_ss-export-tld.20251226_20260107_translated_20260117.adapted.csv;HSD=hns_bob_tlds.csv,2026-05-15T21:54:27,False
vichtenstein,,,False,,,,,22catchall,False,active,2026-05-15,2026-05-15,SS=hns_ss-export-tld.20251226_20260107_translated_20260117.adapted.csv;HSD=hns_bob_tlds.csv,2026-05-15T21:54:27,False
victoriapoint,,,False,,,,,timaxau,False,active,2026-05-15,2026-05-15,SS=hns_ss-export-tld.20251226_20260107_translated_20260117.adapted.csv;HSD=hns_bob_tlds.csv,2026-05-15T21:54:27,False
victoriathomas,,,False,,,,,22catchall,False,active,2026-05-15,2026-05-15,SS=hns_ss-export-tld.20251226_20260107_translated_20260117.adapted.csv;HSD=hns_bob_tlds.csv,2026-05-15T21:54:27,False
viehausen,,,False,,,,,22catchall,False,active,2026-05-15,2026-05-15,SS=hns_ss-export-tld.20251226_20260107_translated_20260117.adapted.csv;HSD=hns_bob_tlds.csv,2026-05-15T21:54:27,False
viehbach,,,False,,,,,22catchall,False,active,2026-05-15,2026-05-15,SS=hns_ss-export-tld.20251226_20260107_translated_20260117.adapted.csv;HSD=hns_bob_tlds.csv,2026-05-15T21:54:27,False
viehdorf,,,False,,,,,22catchall,False,active,2026-05-15,2026-05-15,SS=hns_ss-export-tld.20251226_20260107_translated_20260117.adapted.csv;HSD=hns_bob_tlds.csv,2026-05-15T21:54:27,False
vierlings,,,False,,,,,22catchall,False,active,2026-05-15,2026-05-15,SS=hns_ss-export-tld.20251226_20260107_translated_20260117.adapted.csv;HSD=hns_bob_tlds.csv,2026-05-15T21:54:27,False
villmannsdorf,,,False,,,,,22catchall,False,active,2026-05-15,2026-05-15,SS=hns_ss-export-tld.20251226_20260107_translated_20260117.adapted.csv;HSD=hns_bob_tlds.csv,2026-05-15T21:54:27,False
vinier,,,False,,,,,22catchall,False,active,2026-05-15,2026-05-15,SS=hns_ss-export-tld.20251226_20260107_translated_20260117.adapted.csv;HSD=hns_bob_tlds.csv,2026-05-15T21:54:27,False
visitqld,,,False,,,,,timaxau,False,active,2026-05-15,2026-05-15,SS=hns_ss-export-tld.20251226_20260107_translated_20260117.adapted.csv;HSD=hns_bob_tlds.csv,2026-05-15T21:54:27,False
vogelberg,,,False,,,,,22catchall,False,active,2026-05-15,2026-05-15,SS=hns_ss-export-tld.20251226_20260107_translated_20260117.adapted.csv;HSD=hns_bob_tlds.csv,2026-05-15T21:54:27,False
voidersdorf,,,False,,,,,22catchall,False,active,2026-05-15,2026-05-15,SS=hns_ss-export-tld.20251226_20260107_translated_20260117.adapted.csv;HSD=hns_bob_tlds.csv,2026-05-15T21:54:27,False
volcani,,,False,,,,,22catchall,False,active,2026-05-15,2026-05-15,SS=hns_ss-export-tld.20251226_20260107_translated_20260117.adapted.csv;HSD=hns_bob_tlds.csv,2026-05-15T21:54:27,False
vordersauerwald,,,False,,,,,22catchall,False,active,2026-05-15,2026-05-15,SS=hns_ss-export-tld.20251226_20260107_translated_20260117.adapted.csv;HSD=hns_bob_tlds.csv,2026-05-15T21:54:27,False
vorderschroffenau,,,False,,,,,22catchall,False,active,2026-05-15,2026-05-15,SS=hns_ss-export-tld.20251226_20260107_translated_20260117.adapted.csv;HSD=hns_bob_tlds.csv,2026-05-15T21:54:27,False
vordersdorf,,,False,,,,,22catchall,False,active,2026-05-15,2026-05-15,SS=hns_ss-export-tld.20251226_20260107_translated_20260117.adapted.csv;HSD=hns_bob_tlds.csv,2026-05-15T21:54:27,False
vorderweisspriach,,,False,,,,,22catchall,False,active,2026-05-15,2026-05-15,SS=hns_ss-export-tld.20251226_20260107_translated_20260117.adapted.csv;HSD=hns_bob_tlds.csv,2026-05-15T21:54:27,False
vorderwinkel,,,False,,,,,22catchall,False,active,2026-05-15,2026-05-15,SS=hns_ss-export-tld.20251226_20260107_translated_20260117.adapted.csv;HSD=hns_bob_tlds.csv,2026-05-15T21:54:27,False
vorderwolch,,,False,,,,,22catchall,False,active,2026-05-15,2026-05-15,SS=hns_ss-export-tld.20251226_20260107_translated_20260117.adapted.csv;HSD=hns_bob_tlds.csv,2026-05-15T21:54:27,False
vorholz,,,False,,,,,22catchall,False,active,2026-05-15,2026-05-15,SS=hns_ss-export-tld.20251226_20260107_translated_20260117.adapted.csv;HSD=hns_bob_tlds.csv,2026-05-15T21:54:27,False
vormoos,,,False,,,,,22catchall,False,active,2026-05-15,2026-05-15,SS=hns_ss-export-tld.20251226_20260107_translated_20260117.adapted.csv;HSD=hns_bob_tlds.csv,2026-05-15T21:54:27,False
vrdisplay,,,False,,,,,22catchall,False,active,2026-05-15,2026-05-15,SS=hns_ss-export-tld.20251226_20260107_translated_20260117.adapted.csv;HSD=hns_bob_tlds.csv,2026-05-15T21:54:27,False
vsjpqasq6hn5bckx6ptohyhf54virvpbi4577ra6fumq4ri7mrca,,,False,,,,,22catchall,False,active,2026-05-15,2026-05-15,SS=hns_ss-export-tld.20251226_20260107_translated_20260117.adapted.csv;HSD=hns_bob_tlds.csv,2026-05-15T21:54:27,False
vulturism,,,False,,,,,22catchall,False,active,2026-05-15,2026-05-15,SS=hns_ss-export-tld.20251226_20260107_translated_20260117.adapted.csv;HSD=hns_bob_tlds.csv,2026-05-15T21:54:27,False
vvwww,,,False,,,,,22catchall,False,active,2026-05-15,2026-05-15,SS=hns_ss-export-tld.20251226_20260107_translated_20260117.adapted.csv;HSD=hns_bob_tlds.csv,2026-05-15T21:54:27,False
vyue,,,False,,,,,h4ndsh4k,False,active,2026-05-15,2026-05-15,SS=hns_ss-export-tld.20251226_20260107_translated_20260117.adapted.csv;HSD=hns_bob_tlds.csv,2026-05-15T21:54:27,False
w3btek,,,False,,,,,22catchall,False,active,2026-05-15,2026-05-15,SS=hns_ss-export-tld.20251226_20260107_translated_20260117.adapted.csv;HSD=hns_bob_tlds.csv,2026-05-15T21:54:27,False
w414w,,,False,,,,,22catchall,False,active,2026-05-15,2026-05-15,SS=hns_ss-export-tld.20251226_20260107_translated_20260117.adapted.csv;HSD=hns_bob_tlds.csv,2026-05-15T21:54:27,False
waasen,,,False,,,,,22catchall,False,active,2026-05-15,2026-05-15,SS=hns_ss-export-tld.20251226_20260107_translated_20260117.adapted.csv;HSD=hns_bob_tlds.csv,2026-05-15T21:54:27,False
waasenberg,,,False,,,,,22catchall,False,active,2026-05-15,2026-05-15,SS=hns_ss-export-tld.20251226_20260107_translated_20260117.adapted.csv;HSD=hns_bob_tlds.csv,2026-05-15T21:54:27,False
wackers,,,False,,,,,22catchall,False,active,2026-05-15,2026-05-15,SS=hns_ss-export-tld.20251226_20260107_translated_20260117.adapted.csv;HSD=hns_bob_tlds.csv,2026-05-15T21:54:27,False
wagendorf,,,False,,,,,22catchall,False,active,2026-05-15,2026-05-15,SS=hns_ss-export-tld.20251226_20260107_translated_20260117.adapted.csv;HSD=hns_bob_tlds.csv,2026-05-15T21:54:27,False
wagenhub,,,False,,,,,22catchall,False,active,2026-05-15,2026-05-15,SS=hns_ss-export-tld.20251226_20260107_translated_20260117.adapted.csv;HSD=hns_bob_tlds.csv,2026-05-15T21:54:27,False
wagersbach,,,False,,,,,22catchall,False,active,2026-05-15,2026-05-15,SS=hns_ss-export-tld.20251226_20260107_translated_20260117.adapted.csv;HSD=hns_bob_tlds.csv,2026-05-15T21:54:27,False
wagham,,,False,,,,,22catchall,False,active,2026-05-15,2026-05-15,SS=hns_ss-export-tld.20251226_20260107_translated_20260117.adapted.csv;HSD=hns_bob_tlds.csv,2026-05-15T21:54:27,False
wagov,,,False,,,,,timaxau,False,active,2026-05-15,2026-05-15,SS=hns_ss-export-tld.20251226_20260107_translated_20260117.adapted.csv;HSD=hns_bob_tlds.csv,2026-05-15T21:54:27,False
wagovau,,,False,,,,,tim4sk,False,active,2026-05-15,2026-05-15,SS=hns_ss-export-tld.20251226_20260107_translated_20260117.adapted.csv;HSD=hns_bob_tlds.csv,2026-05-15T21:54:27,False
wagrin,,,False,,,,,22catchall,False,active,2026-05-15,2026-05-15,SS=hns_ss-export-tld.20251226_20260107_translated_20260117.adapted.csv;HSD=hns_bob_tlds.csv,2026-05-15T21:54:27,False
wagwa,,,False,,,,,timaxau,False,active,2026-05-15,2026-05-15,SS=hns_ss-export-tld.20251226_20260107_translated_20260117.adapted.csv;HSD=hns_bob_tlds.csv,2026-05-15T21:54:27,False
waidhausen,,,False,,,,,22catchall,False,active,2026-05-15,2026-05-15,SS=hns_ss-export-tld.20251226_20260107_translated_20260117.adapted.csv;HSD=hns_bob_tlds.csv,2026-05-15T21:54:27,False
walchegg,,,False,,,,,22catchall,False,active,2026-05-15,2026-05-15,SS=hns_ss-export-tld.20251226_20260107_translated_20260117.adapted.csv;HSD=hns_bob_tlds.csv,2026-05-15T21:54:27,False
waldberg,,,False,,,,,22catchall,False,active,2026-05-15,2026-05-15,SS=hns_ss-export-tld.20251226_20260107_translated_20260117.adapted.csv;HSD=hns_bob_tlds.csv,2026-05-15T21:54:27,False
waldburg,,,False,,,,,22catchall,False,active,2026-05-15,2026-05-15,SS=hns_ss-export-tld.20251226_20260107_translated_20260117.adapted.csv;HSD=hns_bob_tlds.csv,2026-05-15T21:54:27,False
walddorf,,,False,,,,,22catchall,False,active,2026-05-15,2026-05-15,SS=hns_ss-export-tld.20251226_20260107_translated_20260117.adapted.csv;HSD=hns_bob_tlds.csv,2026-05-15T21:54:27,False
waldfeld,,,False,,,,,22catchall,False,active,2026-05-15,2026-05-15,SS=hns_ss-export-tld.20251226_20260107_translated_20260117.adapted.csv;HSD=hns_bob_tlds.csv,2026-05-15T21:54:27,False
waldkirchenamwesen,,,False,,,,,22catchall,False,active,2026-05-15,2026-05-15,SS=hns_ss-export-tld.20251226_20260107_translated_20260117.adapted.csv;HSD=hns_bob_tlds.csv,2026-05-15T21:54:27,False
waldreichs,,,False,,,,,22catchall,False,active,2026-05-15,2026-05-15,SS=hns_ss-export-tld.20251226_20260107_translated_20260117.adapted.csv;HSD=hns_bob_tlds.csv,2026-05-15T21:54:27,False
waldsdorf,,,False,,,,,22catchall,False,active,2026-05-15,2026-05-15,SS=hns_ss-export-tld.20251226_20260107_translated_20260117.adapted.csv;HSD=hns_bob_tlds.csv,2026-05-15T21:54:27,False
waldzell,,,False,,,,,22catchall,False,active,2026-05-15,2026-05-15,SS=hns_ss-export-tld.20251226_20260107_translated_20260117.adapted.csv;HSD=hns_bob_tlds.csv,2026-05-15T21:54:27,False
walkersdorf,,,False,,,,,22catchall,False,active,2026-05-15,2026-05-15,SS=hns_ss-export-tld.20251226_20260107_translated_20260117.adapted.csv;HSD=hns_bob_tlds.csv,2026-05-15T21:54:27,False
walkfree,,,False,,,,,22catchall,False,active,2026-05-15,2026-05-15,SS=hns_ss-export-tld.20251226_20260107_translated_20260117.adapted.csv;HSD=hns_bob_tlds.csv,2026-05-15T21:54:27,False
wallsee,,,False,,,,,22catchall,False,active,2026-05-15,2026-05-15,SS=hns_ss-export-tld.20251226_20260107_translated_20260117.adapted.csv;HSD=hns_bob_tlds.csv,2026-05-15T21:54:27,False
wampersdorf,,,False,,,,,22catchall,False,active,2026-05-15,2026-05-15,SS=hns_ss-export-tld.20251226_20260107_translated_20260117.adapted.csv;HSD=hns_bob_tlds.csv,2026-05-15T21:54:27,False
wanderingwoods,,,False,,,,,k1f,False,active,2026-05-15,2026-05-15,SS=hns_ss-export-tld.20251226_20260107_translated_20260117.adapted.csv;HSD=hns_bob_tlds.csv,2026-05-15T21:54:27,False
wanderwave,,,False,,,,,22catchall,False,active,2026-05-15,2026-05-15,SS=hns_ss-export-tld.20251226_20260107_translated_20260117.adapted.csv;HSD=hns_bob_tlds.csv,2026-05-15T21:54:27,False
wangheim,,,False,,,,,22catchall,False,active,2026-05-15,2026-05-15,SS=hns_ss-export-tld.20251226_20260107_translated_20260117.adapted.csv;HSD=hns_bob_tlds.csv,2026-05-15T21:54:27,False
wankham,,,False,,,,,22catchall,False,active,2026-05-15,2026-05-15,SS=hns_ss-export-tld.20251226_20260107_translated_20260117.adapted.csv;HSD=hns_bob_tlds.csv,2026-05-15T21:54:27,False
wanzbach,,,False,,,,,22catchall,False,active,2026-05-15,2026-05-15,SS=hns_ss-export-tld.20251226_20260107_translated_20260117.adapted.csv;HSD=hns_bob_tlds.csv,2026-05-15T21:54:27,False
warbach,,,False,,,,,22catchall,False,active,2026-05-15,2026-05-15,SS=hns_ss-export-tld.20251226_20260107_translated_20260117.adapted.csv;HSD=hns_bob_tlds.csv,2026-05-15T21:54:27,False
warnblick,,,False,,,,,22catchall,False,active,2026-05-15,2026-05-15,SS=hns_ss-export-tld.20251226_20260107_translated_20260117.adapted.csv;HSD=hns_bob_tlds.csv,2026-05-15T21:54:27,False
warnungs,,,False,,,,,22catchall,False,active,2026-05-15,2026-05-15,SS=hns_ss-export-tld.20251226_20260107_translated_20260117.adapted.csv;HSD=hns_bob_tlds.csv,2026-05-15T21:54:27,False
warstars,,,False,,,,,22catchall,False,active,2026-05-15,2026-05-15,SS=hns_ss-export-tld.20251226_20260107_translated_20260117.adapted.csv;HSD=hns_bob_tlds.csv,2026-05-15T21:54:27,False
wartegg,,,False,,,,,22catchall,False,active,2026-05-15,2026-05-15,SS=hns_ss-export-tld.20251226_20260107_translated_20260117.adapted.csv;HSD=hns_bob_tlds.csv,2026-05-15T21:54:27,False
warw,,,False,4L,,,,22catchall,False,active,2026-05-15,2026-05-15,SS=hns_ss-export-tld.20251226_20260107_translated_20260117.adapted.csv;HSD=hns_bob_tlds.csv,2026-05-15T21:54:27,False
wasendorf,,,False,,,,,22catchall,False,active,2026-05-15,2026-05-15,SS=hns_ss-export-tld.20251226_20260107_translated_20260117.adapted.csv;HSD=hns_bob_tlds.csv,2026-05-15T21:54:27,False
wasserhofen,,,False,,,,,22catchall,False,active,2026-05-15,2026-05-15,SS=hns_ss-export-tld.20251226_20260107_translated_20260117.adapted.csv;HSD=hns_bob_tlds.csv,2026-05-15T21:54:27,False
wasserring,,,False,,,,,22catchall,False,active,2026-05-15,2026-05-15,SS=hns_ss-export-tld.20251226_20260107_translated_20260117.adapted.csv;HSD=hns_bob_tlds.csv,2026-05-15T21:54:27,False
water-drain,,,False,,,,,22catchall,False,active,2026-05-15,2026-05-15,SS=hns_ss-export-tld.20251226_20260107_translated_20260117.adapted.csv;HSD=hns_bob_tlds.csv,2026-05-15T21:54:27,False
water-pipe,,,False,,,,,22catchall,False,active,2026-05-15,2026-05-15,SS=hns_ss-export-tld.20251226_20260107_translated_20260117.adapted.csv;HSD=hns_bob_tlds.csv,2026-05-15T21:54:27,False
water-sport,,,False,,,,,22catchall,False,active,2026-05-15,2026-05-15,SS=hns_ss-export-tld.20251226_20260107_translated_20260117.adapted.csv;HSD=hns_bob_tlds.csv,2026-05-15T21:54:27,False
waterbid,,,False,,,,,22catchall,False,active,2026-05-15,2026-05-15,SS=hns_ss-export-tld.20251226_20260107_translated_20260117.adapted.csv;HSD=hns_bob_tlds.csv,2026-05-15T21:54:27,False
watercity,,,False,,,,,22catchall,False,active,2026-05-15,2026-05-15,SS=hns_ss-export-tld.20251226_20260107_translated_20260117.adapted.csv;HSD=hns_bob_tlds.csv,2026-05-15T21:54:27,False
watercruz,,,False,,,,,22catchall,False,active,2026-05-15,2026-05-15,SS=hns_ss-export-tld.20251226_20260107_translated_20260117.adapted.csv;HSD=hns_bob_tlds.csv,2026-05-15T21:54:27,False
waterdiver,,,False,,,,,22catchall,False,active,2026-05-15,2026-05-15,SS=hns_ss-export-tld.20251226_20260107_translated_20260117.adapted.csv;HSD=hns_bob_tlds.csv,2026-05-15T21:54:27,False
waterdoor,,,False,,,,,22catchall,False,active,2026-05-15,2026-05-15,SS=hns_ss-export-tld.20251226_20260107_translated_20260117.adapted.csv;HSD=hns_bob_tlds.csv,2026-05-15T21:54:27,False
waterdrain,,,False,,,,,22catchall,False,active,2026-05-15,2026-05-15,SS=hns_ss-export-tld.20251226_20260107_translated_20260117.adapted.csv;HSD=hns_bob_tlds.csv,2026-05-15T21:54:27,False
waterlevel,,,False,,,,,22catchall,False,active,2026-05-15,2026-05-15,SS=hns_ss-export-tld.20251226_20260107_translated_20260117.adapted.csv;HSD=hns_bob_tlds.csv,2026-05-15T21:54:27,False
watermarkphotos,,,False,,,,,tim4sk,False,active,2026-05-15,2026-05-15,SS=hns_ss-export-tld.20251226_20260107_translated_20260117.adapted.csv;HSD=hns_bob_tlds.csv,2026-05-15T21:54:27,False
watermovie,,,False,,,,,22catchall,False,active,2026-05-15,2026-05-15,SS=hns_ss-export-tld.20251226_20260107_translated_20260117.adapted.csv;HSD=hns_bob_tlds.csv,2026-05-15T21:54:27,False
waternorth,,,False,,,,,22catchall,False,active,2026-05-15,2026-05-15,SS=hns_ss-export-tld.20251226_20260107_translated_20260117.adapted.csv;HSD=hns_bob_tlds.csv,2026-05-15T21:54:27,False
waterpipe,,,False,,,,,22catchall,False,active,2026-05-15,2026-05-15,SS=hns_ss-export-tld.20251226_20260107_translated_20260117.adapted.csv;HSD=hns_bob_tlds.csv,2026-05-15T21:54:27,False
waterprice,,,False,,,,,22catchall,False,active,2026-05-15,2026-05-15,SS=hns_ss-export-tld.20251226_20260107_translated_20260117.adapted.csv;HSD=hns_bob_tlds.csv,2026-05-15T21:54:27,False
watersad,,,False,,,,,22catchall,False,active,2026-05-15,2026-05-15,SS=hns_ss-export-tld.20251226_20260107_translated_20260117.adapted.csv;HSD=hns_bob_tlds.csv,2026-05-15T21:54:27,False
watersidepaths,,,False,,,,,22catchall,False,active,2026-05-15,2026-05-15,SS=hns_ss-export-tld.20251226_20260107_translated_20260117.adapted.csv;HSD=hns_bob_tlds.csv,2026-05-15T21:54:27,False
waterstudy,,,False,,,,,22catchall,False,active,2026-05-15,2026-05-15,SS=hns_ss-export-tld.20251226_20260107_translated_20260117.adapted.csv;HSD=hns_bob_tlds.csv,2026-05-15T21:54:27,False
watertravel,,,False,,,,,22catchall,False,active,2026-05-15,2026-05-15,SS=hns_ss-export-tld.20251226_20260107_translated_20260117.adapted.csv;HSD=hns_bob_tlds.csv,2026-05-15T21:54:27,False
watervirus,,,False,,,,,22catchall,False,active,2026-05-15,2026-05-15,SS=hns_ss-export-tld.20251226_20260107_translated_20260117.adapted.csv;HSD=hns_bob_tlds.csv,2026-05-15T21:54:27,False
wavebliss,,,False,,,,,tim4sk,False,active,2026-05-15,2026-05-15,SS=hns_ss-export-tld.20251226_20260107_translated_20260117.adapted.csv;HSD=hns_bob_tlds.csv,2026-05-15T21:54:27,False
wavechaser,,,False,,,,,h2o,False,active,2026-05-15,2026-05-15,SS=hns_ss-export-tld.20251226_20260107_translated_20260117.adapted.csv;HSD=hns_bob_tlds.csv,2026-05-15T21:54:27,False
wavefinder,,,False,,,,,22catchall,False,active,2026-05-15,2026-05-15,SS=hns_ss-export-tld.20251226_20260107_translated_20260117.adapted.csv;HSD=hns_bob_tlds.csv,2026-05-15T21:54:27,False
wavescrash,,,False,,,,,22catchall,False,active,2026-05-15,2026-05-15,SS=hns_ss-export-tld.20251226_20260107_translated_20260117.adapted.csv;HSD=hns_bob_tlds.csv,2026-05-15T21:54:27,False
waveskipper,,,False,,,,,22catchall,False,active,2026-05-15,2026-05-15,SS=hns_ss-export-tld.20251226_20260107_translated_20260117.adapted.csv;HSD=hns_bob_tlds.csv,2026-05-15T21:54:27,False
wawn,,,False,,,,,22catchall,False,active,2026-05-15,2026-05-15,SS=hns_ss-export-tld.20251226_20260107_translated_20260117.adapted.csv;HSD=hns_bob_tlds.csv,2026-05-15T21:54:27,False
waymaps,,,False,,,,,22catchall,False,active,2026-05-15,2026-05-15,SS=hns_ss-export-tld.20251226_20260107_translated_20260117.adapted.csv;HSD=hns_bob_tlds.csv,2026-05-15T21:54:27,False
web3au,,,False,,,,,timaxau,False,active,2026-05-15,2026-05-15,SS=hns_ss-export-tld.20251226_20260107_translated_20260117.adapted.csv;HSD=hns_bob_tlds.csv,2026-05-15T21:54:27,False
web3donation,,,False,,,,,22catchall,False,active,2026-05-15,2026-05-15,SS=hns_ss-export-tld.20251226_20260107_translated_20260117.adapted.csv;HSD=hns_bob_tlds.csv,2026-05-15T21:54:27,False
web3mium,,,False,,,,,22catchall,False,active,2026-05-15,2026-05-15,SS=hns_ss-export-tld.20251226_20260107_translated_20260117.adapted.csv;HSD=hns_bob_tlds.csv,2026-05-15T21:54:27,False
web3spider,,,False,,,,,22catchall,False,active,2026-05-15,2026-05-15,SS=hns_ss-export-tld.20251226_20260107_translated_20260117.adapted.csv;HSD=hns_bob_tlds.csv,2026-05-15T21:54:27,False
webauthors,,,False,,,,,tim4sk,False,active,2026-05-15,2026-05-15,SS=hns_ss-export-tld.20251226_20260107_translated_20260117.adapted.csv;HSD=hns_bob_tlds.csv,2026-05-15T21:54:27,False
webbob,,,False,,,,,22catchall,False,active,2026-05-15,2026-05-15,SS=hns_ss-export-tld.20251226_20260107_translated_20260117.adapted.csv;HSD=hns_bob_tlds.csv,2026-05-15T21:54:27,False
weberberg,,,False,,,,,22catchall,False,active,2026-05-15,2026-05-15,SS=hns_ss-export-tld.20251226_20260107_translated_20260117.adapted.csv;HSD=hns_bob_tlds.csv,2026-05-15T21:54:27,False
webersberg,,,False,,,,,22catchall,False,active,2026-05-15,2026-05-15,SS=hns_ss-export-tld.20251226_20260107_translated_20260117.adapted.csv;HSD=hns_bob_tlds.csv,2026-05-15T21:54:27,False
webersdorf,,,False,,,,,22catchall,False,active,2026-05-15,2026-05-15,SS=hns_ss-export-tld.20251226_20260107_translated_20260117.adapted.csv;HSD=hns_bob_tlds.csv,2026-05-15T21:54:27,False
webfed,,,False,,,,,22catchall,False,active,2026-05-15,2026-05-15,SS=hns_ss-export-tld.20251226_20260107_translated_20260117.adapted.csv;HSD=hns_bob_tlds.csv,2026-05-15T21:54:27,False
webpic,,,False,,,,,tim4sk,False,active,2026-05-15,2026-05-15,SS=hns_ss-export-tld.20251226_20260107_translated_20260117.adapted.csv;HSD=hns_bob_tlds.csv,2026-05-15T21:54:27,False
webrief,,,False,,,,,22catchall,False,active,2026-05-15,2026-05-15,SS=hns_ss-export-tld.20251226_20260107_translated_20260117.adapted.csv;HSD=hns_bob_tlds.csv,2026-05-15T21:54:27,False
webzen,,,False,,,,,22catchall,False,active,2026-05-15,2026-05-15,SS=hns_ss-export-tld.20251226_20260107_translated_20260117.adapted.csv;HSD=hns_bob_tlds.csv,2026-05-15T21:54:27,False
weekplanner,,,False,,,,,tim4sk,False,active,2026-05-15,2026-05-15,SS=hns_ss-export-tld.20251226_20260107_translated_20260117.adapted.csv;HSD=hns_bob_tlds.csv,2026-05-15T21:54:27,False
weepfor,,,False,,,,,k1f,False,active,2026-05-15,2026-05-15,SS=hns_ss-export-tld.20251226_20260107_translated_20260117.adapted.csv;HSD=hns_bob_tlds.csv,2026-05-15T21:54:27,False
weepover,,,False,,,,,k1f,False,active,2026-05-15,2026-05-15,SS=hns_ss-export-tld.20251226_20260107_translated_20260117.adapted.csv;HSD=hns_bob_tlds.csv,2026-05-15T21:54:27,False
weindlau,,,False,,,,,22catchall,False,active,2026-05-15,2026-05-15,SS=hns_ss-export-tld.20251226_20260107_translated_20260117.adapted.csv;HSD=hns_bob_tlds.csv,2026-05-15T21:54:27,False
weinegg,,,False,,,,,22catchall,False,active,2026-05-15,2026-05-15,SS=hns_ss-export-tld.20251226_20260107_translated_20260117.adapted.csv;HSD=hns_bob_tlds.csv,2026-05-15T21:54:27,False
weinern,,,False,,,,,22catchall,False,active,2026-05-15,2026-05-15,SS=hns_ss-export-tld.20251226_20260107_translated_20260117.adapted.csv;HSD=hns_bob_tlds.csv,2026-05-15T21:54:27,False
weinling,,,False,,,,,22catchall,False,active,2026-05-15,2026-05-15,SS=hns_ss-export-tld.20251226_20260107_translated_20260117.adapted.csv;HSD=hns_bob_tlds.csv,2026-05-15T21:54:27,False
weisheim,,,False,,,,,22catchall,False,active,2026-05-15,2026-05-15,SS=hns_ss-export-tld.20251226_20260107_translated_20260117.adapted.csv;HSD=hns_bob_tlds.csv,2026-05-15T21:54:27,False
weisland,,,False,,,,,22catchall,False,active,2026-05-15,2026-05-15,SS=hns_ss-export-tld.20251226_20260107_translated_20260117.adapted.csv;HSD=hns_bob_tlds.csv,2026-05-15T21:54:27,False
weissee,,,False,,,,,22catchall,False,active,2026-05-15,2026-05-15,SS=hns_ss-export-tld.20251226_20260107_translated_20260117.adapted.csv;HSD=hns_bob_tlds.csv,2026-05-15T21:54:27,False
weissenbachegg,,,False,,,,,22catchall,False,active,2026-05-15,2026-05-15,SS=hns_ss-export-tld.20251226_20260107_translated_20260117.adapted.csv;HSD=hns_bob_tlds.csv,2026-05-15T21:54:27,False
weisserhof,,,False,,,,,22catchall,False,active,2026-05-15,2026-05-15,SS=hns_ss-export-tld.20251226_20260107_translated_20260117.adapted.csv;HSD=hns_bob_tlds.csv,2026-05-15T21:54:27,False
weisshaus,,,False,,,,,22catchall,False,active,2026-05-15,2026-05-15,SS=hns_ss-export-tld.20251226_20260107_translated_20260117.adapted.csv;HSD=hns_bob_tlds.csv,2026-05-15T21:54:27,False
weitgraben,,,False,,,,,22catchall,False,active,2026-05-15,2026-05-15,SS=hns_ss-export-tld.20251226_20260107_translated_20260117.adapted.csv;HSD=hns_bob_tlds.csv,2026-05-15T21:54:27,False
wellhellothere,,,False,,,,,22catchall,False,active,2026-05-15,2026-05-15,SS=hns_ss-export-tld.20251226_20260107_translated_20260117.adapted.csv;HSD=hns_bob_tlds.csv,2026-05-15T21:54:27,False
welsdorf,,,False,,,,,22catchall,False,active,2026-05-15,2026-05-15,SS=hns_ss-export-tld.20251226_20260107_translated_20260117.adapted.csv;HSD=hns_bob_tlds.csv,2026-05-15T21:54:27,False
welzeneggburgfried,,,False,,,,,22catchall,False,active,2026-05-15,2026-05-15,SS=hns_ss-export-tld.20251226_20260107_translated_20260117.adapted.csv;HSD=hns_bob_tlds.csv,2026-05-15T21:54:27,False
wendbach,,,False,,,,,22catchall,False,active,2026-05-15,2026-05-15,SS=hns_ss-export-tld.20251226_20260107_translated_20260117.adapted.csv;HSD=hns_bob_tlds.csv,2026-05-15T21:54:27,False
wenns,,,False,,,,,22catchall,False,active,2026-05-15,2026-05-15,SS=hns_ss-export-tld.20251226_20260107_translated_20260117.adapted.csv;HSD=hns_bob_tlds.csv,2026-05-15T21:54:27,False
wenten,,,False,,,,,22catchall,False,active,2026-05-15,2026-05-15,SS=hns_ss-export-tld.20251226_20260107_translated_20260117.adapted.csv;HSD=hns_bob_tlds.csv,2026-05-15T21:54:27,False
werberg,,,False,,,,,22catchall,False,active,2026-05-15,2026-05-15,SS=hns_ss-export-tld.20251226_20260107_translated_20260117.adapted.csv;HSD=hns_bob_tlds.csv,2026-05-15T21:54:27,False
wernersdorf,,,False,,,,,22catchall,False,active,2026-05-15,2026-05-15,SS=hns_ss-export-tld.20251226_20260107_translated_20260117.adapted.csv;HSD=hns_bob_tlds.csv,2026-05-15T21:54:27,False
wetpets,,,False,,,,,r1f,False,active,2026-05-15,2026-05-15,SS=hns_ss-export-tld.20251226_20260107_translated_20260117.adapted.csv;HSD=hns_bob_tlds.csv,2026-05-15T21:54:27,False
whale-watch,,,False,,,,,22catchall,False,active,2026-05-15,2026-05-15,SS=hns_ss-export-tld.20251226_20260107_translated_20260117.adapted.csv;HSD=hns_bob_tlds.csv,2026-05-15T21:54:27,False
whalemagic,,,False,,,,,22catchall,False,active,2026-05-15,2026-05-15,SS=hns_ss-export-tld.20251226_20260107_translated_20260117.adapted.csv;HSD=hns_bob_tlds.csv,2026-05-15T21:54:27,False
whalet,,,False,,,,,tim4sk,False,active,2026-05-15,2026-05-15,SS=hns_ss-export-tld.20251226_20260107_translated_20260117.adapted.csv;HSD=hns_bob_tlds.csv,2026-05-15T21:54:27,False
whenwaves,,,False,,,,,h2o,False,active,2026-05-15,2026-05-15,SS=hns_ss-export-tld.20251226_20260107_translated_20260117.adapted.csv;HSD=hns_bob_tlds.csv,2026-05-15T21:54:27,False
whileawaythetime,,,False,,,,,22catchall,False,active,2026-05-15,2026-05-15,SS=hns_ss-export-tld.20251226_20260107_translated_20260117.adapted.csv;HSD=hns_bob_tlds.csv,2026-05-15T21:54:27,False
whispee,,,False,,,,,22catchall,False,active,2026-05-15,2026-05-15,SS=hns_ss-export-tld.20251226_20260107_translated_20260117.adapted.csv;HSD=hns_bob_tlds.csv,2026-05-15T21:54:27,False
whitewaves,,,False,,,,,h2o,False,active,2026-05-15,2026-05-15,SS=hns_ss-export-tld.20251226_20260107_translated_20260117.adapted.csv;HSD=hns_bob_tlds.csv,2026-05-15T21:54:27,False
whywater,,,False,,,,,22catchall,False,active,2026-05-15,2026-05-15,SS=hns_ss-export-tld.20251226_20260107_translated_20260117.adapted.csv;HSD=hns_bob_tlds.csv,2026-05-15T21:54:27,False
wideberth,,,False,,,,,h2o,False,active,2026-05-15,2026-05-15,SS=hns_ss-export-tld.20251226_20260107_translated_20260117.adapted.csv;HSD=hns_bob_tlds.csv,2026-05-15T21:54:27,False
widowly,,,False,,,,,k1f,False,active,2026-05-15,2026-05-15,SS=hns_ss-export-tld.20251226_20260107_translated_20260117.adapted.csv;HSD=hns_bob_tlds.csv,2026-05-15T21:54:27,False
wierdfish,,,False,,,,,r1f,False,active,2026-05-15,2026-05-15,SS=hns_ss-export-tld.20251226_20260107_translated_20260117.adapted.csv;HSD=hns_bob_tlds.csv,2026-05-15T21:54:27,False
wildau,,,False,,,,,timaxau,False,active,2026-05-15,2026-05-15,SS=hns_ss-export-tld.20251226_20260107_translated_20260117.adapted.csv;HSD=hns_bob_tlds.csv,2026-05-15T21:54:27,False
wildpics,,,False,,,,,22catchall,False,active,2026-05-15,2026-05-15,SS=hns_ss-export-tld.20251226_20260107_translated_20260117.adapted.csv;HSD=hns_bob_tlds.csv,2026-05-15T21:54:27,False
wildwaves,,,False,,,,,22catchall,False,active,2026-05-15,2026-05-15,SS=hns_ss-export-tld.20251226_20260107_translated_20260117.adapted.csv;HSD=hns_bob_tlds.csv,2026-05-15T21:54:27,False
willgift,,,False,,,,,tim4sk,False,active,2026-05-15,2026-05-15,SS=hns_ss-export-tld.20251226_20260107_translated_20260117.adapted.csv;HSD=hns_bob_tlds.csv,2026-05-15T21:54:27,False
win-big,,,False,,,,,tim4sk,False,active,2026-05-15,2026-05-15,SS=hns_ss-export-tld.20251226_20260107_translated_20260117.adapted.csv;HSD=hns_bob_tlds.csv,2026-05-15T21:54:27,False
winani,,,False,,,,,22catchall,False,active,2026-05-15,2026-05-15,SS=hns_ss-export-tld.20251226_20260107_translated_20260117.adapted.csv;HSD=hns_bob_tlds.csv,2026-05-15T21:54:27,False
windfather,,,False,,,,,22catchall,False,active,2026-05-15,2026-05-15,SS=hns_ss-export-tld.20251226_20260107_translated_20260117.adapted.csv;HSD=hns_bob_tlds.csv,2026-05-15T21:54:27,False
windysurf,,,False,,,,,22catchall,False,active,2026-05-15,2026-05-15,SS=hns_ss-export-tld.20251226_20260107_translated_20260117.adapted.csv;HSD=hns_bob_tlds.csv,2026-05-15T21:54:27,False
wiseau,,,False,,,,,timaxau,False,active,2026-05-15,2026-05-15,SS=hns_ss-export-tld.20251226_20260107_translated_20260117.adapted.csv;HSD=hns_bob_tlds.csv,2026-05-15T21:54:27,False
witheredandfrail,,,False,,,,,k1f,False,active,2026-05-15,2026-05-15,SS=hns_ss-export-tld.20251226_20260107_translated_20260117.adapted.csv;HSD=hns_bob_tlds.csv,2026-05-15T21:54:27,False
wittayu,,,False,,,,,timaxau,False,active,2026-05-15,2026-05-15,SS=hns_ss-export-tld.20251226_20260107_translated_20260117.adapted.csv;HSD=hns_bob_tlds.csv,2026-05-15T21:54:27,False
wittywanderlust,,,False,,,,,22catchall,False,active,2026-05-15,2026-05-15,SS=hns_ss-export-tld.20251226_20260107_translated_20260117.adapted.csv;HSD=hns_bob_tlds.csv,2026-05-15T21:54:27,False
wobblingjellyfish,,,False,,,,,r1f,False,active,2026-05-15,2026-05-15,SS=hns_ss-export-tld.20251226_20260107_translated_20260117.adapted.csv;HSD=hns_bob_tlds.csv,2026-05-15T21:54:27,False
wofdnsdjswoac,,,False,,,,,22catchall,False,active,2026-05-15,2026-05-15,SS=hns_ss-export-tld.20251226_20260107_translated_20260117.adapted.csv;HSD=hns_bob_tlds.csv,2026-05-15T21:54:27,False
wogfhhaabnasde,,,False,,,,,22catchall,False,active,2026-05-15,2026-05-15,SS=hns_ss-export-tld.20251226_20260107_translated_20260117.adapted.csv;HSD=hns_bob_tlds.csv,2026-05-15T21:54:27,False
wohasghgvvvanx,,,False,,,,,22catchall,False,active,2026-05-15,2026-05-15,SS=hns_ss-export-tld.20251226_20260107_translated_20260117.adapted.csv;HSD=hns_bob_tlds.csv,2026-05-15T21:54:27,False
wohsdgsdbxcso,,,False,,,,,22catchall,False,active,2026-05-15,2026-05-15,SS=hns_ss-export-tld.20251226_20260107_translated_20260117.adapted.csv;HSD=hns_bob_tlds.csv,2026-05-15T21:54:27,False
wombatx,,,False,,,,,timaxau,False,active,2026-05-15,2026-05-15,SS=hns_ss-export-tld.20251226_20260107_translated_20260117.adapted.csv;HSD=hns_bob_tlds.csv,2026-05-15T21:54:27,False
woodboy,,,False,,,,,22catchall,False,active,2026-05-15,2026-05-15,SS=hns_ss-export-tld.20251226_20260107_translated_20260117.adapted.csv;HSD=hns_bob_tlds.csv,2026-05-15T21:54:27,False
woodcrash,,,False,,,,,22catchall,False,active,2026-05-15,2026-05-15,SS=hns_ss-export-tld.20251226_20260107_translated_20260117.adapted.csv;HSD=hns_bob_tlds.csv,2026-05-15T21:54:27,False
woodsy,,,False,,,,,tim4sk,False,active,2026-05-15,2026-05-15,SS=hns_ss-export-tld.20251226_20260107_translated_20260117.adapted.csv;HSD=hns_bob_tlds.csv,2026-05-15T21:54:27,False
woolest,,,False,,,,,22catchall,False,active,2026-05-15,2026-05-15,SS=hns_ss-export-tld.20251226_20260107_translated_20260117.adapted.csv;HSD=hns_bob_tlds.csv,2026-05-15T21:54:27,False
wordflow,,,False,,,,,22catchall,False,active,2026-05-15,2026-05-15,SS=hns_ss-export-tld.20251226_20260107_translated_20260117.adapted.csv;HSD=hns_bob_tlds.csv,2026-05-15T21:54:27,False
wordnft,,,False,,,,,timaxau,False,active,2026-05-15,2026-05-15,SS=hns_ss-export-tld.20251226_20260107_translated_20260117.adapted.csv;HSD=hns_bob_tlds.csv,2026-05-15T21:54:27,False
world-changing,,,False,,,,,22catchall,False,active,2026-05-15,2026-05-15,SS=hns_ss-export-tld.20251226_20260107_translated_20260117.adapted.csv;HSD=hns_bob_tlds.csv,2026-05-15T21:54:27,False
worldforums,,,False,,,,,22catchall,False,active,2026-05-15,2026-05-15,SS=hns_ss-export-tld.20251226_20260107_translated_20260117.adapted.csv;HSD=hns_bob_tlds.csv,2026-05-15T21:54:27,False
worldget,,,False,,,,,22catchall,False,active,2026-05-15,2026-05-15,SS=hns_ss-export-tld.20251226_20260107_translated_20260117.adapted.csv;HSD=hns_bob_tlds.csv,2026-05-15T21:54:27,False
worldhealthnews,,,False,,,,,22catchall,False,active,2026-05-15,2026-05-15,SS=hns_ss-export-tld.20251226_20260107_translated_20260117.adapted.csv;HSD=hns_bob_tlds.csv,2026-05-15T21:54:27,False
worldshotz,,,False,,,,,tim4sk,False,active,2026-05-15,2026-05-15,SS=hns_ss-export-tld.20251226_20260107_translated_20260117.adapted.csv;HSD=hns_bob_tlds.csv,2026-05-15T21:54:27,False
worldweariness,,,False,,,,,22catchall,False,active,2026-05-15,2026-05-15,SS=hns_ss-export-tld.20251226_20260107_translated_20260117.adapted.csv;HSD=hns_bob_tlds.csv,2026-05-15T21:54:27,False
wormanft,,,False,,,,,timaxau,False,active,2026-05-15,2026-05-15,SS=hns_ss-export-tld.20251226_20260107_translated_20260117.adapted.csv;HSD=hns_bob_tlds.csv,2026-05-15T21:54:27,False
wormboygenius,,,False,,,,,tim4sk,False,active,2026-05-15,2026-05-15,SS=hns_ss-export-tld.20251226_20260107_translated_20260117.adapted.csv;HSD=hns_bob_tlds.csv,2026-05-15T21:54:27,False
wowza,,,False,,,,,22catchall,False,active,2026-05-15,2026-05-15,SS=hns_ss-export-tld.20251226_20260107_translated_20260117.adapted.csv;HSD=hns_bob_tlds.csv,2026-05-15T21:54:27,False
wrau,,,False,,,,,timaxau,False,active,2026-05-15,2026-05-15,SS=hns_ss-export-tld.20251226_20260107_translated_20260117.adapted.csv;HSD=hns_bob_tlds.csv,2026-05-15T21:54:27,False
wrom,,,False,,,,,tim4sk,False,active,2026-05-15,2026-05-15,SS=hns_ss-export-tld.20251226_20260107_translated_20260117.adapted.csv;HSD=hns_bob_tlds.csv,2026-05-15T21:54:27,False
wunfoto,,,False,,,,,tim4sk,False,active,2026-05-15,2026-05-15,SS=hns_ss-export-tld.20251226_20260107_translated_20260117.adapted.csv;HSD=hns_bob_tlds.csv,2026-05-15T21:54:27,False
wuxing,,,False,,,,,tim4sk,False,active,2026-05-15,2026-05-15,SS=hns_ss-export-tld.20251226_20260107_translated_20260117.adapted.csv;HSD=hns_bob_tlds.csv,2026-05-15T21:54:27,False
wvim,,,False,4L,,,,22catchall,False,active,2026-05-15,2026-05-15,SS=hns_ss-export-tld.20251226_20260107_translated_20260117.adapted.csv;HSD=hns_bob_tlds.csv,2026-05-15T21:54:27,False
wyzr,,,False,,,,,h4ndsh4k,False,active,2026-05-15,2026-05-15,SS=hns_ss-export-tld.20251226_20260107_translated_20260117.adapted.csv;HSD=hns_bob_tlds.csv,2026-05-15T21:54:27,False
xaud,,,False,,,,,timaxau,False,active,2026-05-15,2026-05-15,SS=hns_ss-export-tld.20251226_20260107_translated_20260117.adapted.csv;HSD=hns_bob_tlds.csv,2026-05-15T21:54:27,False
xcook,,,False,,,,,22catchall,False,active,2026-05-15,2026-05-15,SS=hns_ss-export-tld.20251226_20260107_translated_20260117.adapted.csv;HSD=hns_bob_tlds.csv,2026-05-15T21:54:27,False
xdau,,,False,,,,,timaxau,False,active,2026-05-15,2026-05-15,SS=hns_ss-export-tld.20251226_20260107_translated_20260117.adapted.csv;HSD=hns_bob_tlds.csv,2026-05-15T21:54:27,False
xefe,,,False,,,,,22catchall,False,active,2026-05-15,2026-05-15,SS=hns_ss-export-tld.20251226_20260107_translated_20260117.adapted.csv;HSD=hns_bob_tlds.csv,2026-05-15T21:54:27,False
xfartx,,,False,,,,,tim4sk,False,active,2026-05-15,2026-05-15,SS=hns_ss-export-tld.20251226_20260107_translated_20260117.adapted.csv;HSD=hns_bob_tlds.csv,2026-05-15T21:54:27,False
xfot,,,False,,,,,tim4sk,False,active,2026-05-15,2026-05-15,SS=hns_ss-export-tld.20251226_20260107_translated_20260117.adapted.csv;HSD=hns_bob_tlds.csv,2026-05-15T21:54:27,False
xhate,,,False,,,,,tim4sk,False,active,2026-05-15,2026-05-15,SS=hns_ss-export-tld.20251226_20260107_translated_20260117.adapted.csv;HSD=hns_bob_tlds.csv,2026-05-15T21:54:27,False
ximages,,,False,,,,,tim4sk,False,active,2026-05-15,2026-05-15,SS=hns_ss-export-tld.20251226_20260107_translated_20260117.adapted.csv;HSD=hns_bob_tlds.csv,2026-05-15T21:54:27,False
xlovex,,,False,,,,,tim4sk,False,active,2026-05-15,2026-05-15,SS=hns_ss-export-tld.20251226_20260107_translated_20260117.adapted.csv;HSD=hns_bob_tlds.csv,2026-05-15T21:54:27,False
xmages,,,False,,,,,tim4sk,False,active,2026-05-15,2026-05-15,SS=hns_ss-export-tld.20251226_20260107_translated_20260117.adapted.csv;HSD=hns_bob_tlds.csv,2026-05-15T21:54:27,False
xn--000-q192b4c,,,False,,,,,timaxau,False,active,2026-05-15,2026-05-15,SS=hns_ss-export-tld.20251226_20260107_translated_20260117.adapted.csv;HSD=hns_bob_tlds.csv,2026-05-15T21:54:27,False
xn--01-o352akc,,,False,,,,,timaxau,False,active,2026-05-15,2026-05-15,SS=hns_ss-export-tld.20251226_20260107_translated_20260117.adapted.csv;HSD=hns_bob_tlds.csv,2026-05-15T21:54:27,False
xn--06-m352akc,,,False,,,,,timaxau,False,active,2026-05-15,2026-05-15,SS=hns_ss-export-tld.20251226_20260107_translated_20260117.adapted.csv;HSD=hns_bob_tlds.csv,2026-05-15T21:54:27,False
xn--08-m352akc,,,False,,,,,timaxau,False,active,2026-05-15,2026-05-15,SS=hns_ss-export-tld.20251226_20260107_translated_20260117.adapted.csv;HSD=hns_bob_tlds.csv,2026-05-15T21:54:27,False
xn--09-m352akc,,,False,,,,,timaxau,False,active,2026-05-15,2026-05-15,SS=hns_ss-export-tld.20251226_20260107_translated_20260117.adapted.csv;HSD=hns_bob_tlds.csv,2026-05-15T21:54:27,False
xn--0bi7050n,,,False,,,,,k1f,False,active,2026-05-15,2026-05-15,SS=hns_ss-export-tld.20251226_20260107_translated_20260117.adapted.csv;HSD=hns_bob_tlds.csv,2026-05-15T21:54:27,False
xn--0bi8050n,,,False,,,,,k1f,False,active,2026-05-15,2026-05-15,SS=hns_ss-export-tld.20251226_20260107_translated_20260117.adapted.csv;HSD=hns_bob_tlds.csv,2026-05-15T21:54:27,False
xn--0et699l,,,False,,,,,22catchall,False,active,2026-05-15,2026-05-15,SS=hns_ss-export-tld.20251226_20260107_translated_20260117.adapted.csv;HSD=hns_bob_tlds.csv,2026-05-15T21:54:27,False
xn--0nxp41g,,,False,,,,,k1f,False,active,2026-05-15,2026-05-15,SS=hns_ss-export-tld.20251226_20260107_translated_20260117.adapted.csv;HSD=hns_bob_tlds.csv,2026-05-15T21:54:27,False
xn--0p9hyl,,,False,PUNY_IDNA,🤘🧔,"Letters + SIGN OF THE HORNS, BEARDED PERSON",,22catchall,False,active,2026-05-15,2026-05-15,SS=hns_ss-export-tld.20251226_20260107_translated_20260117.adapted.csv;HSD=hns_bob_tlds.csv,2026-05-15T21:54:27,False
xn--0q8hpj,,,False,PUNY_IDNA,🔊👲,"Letters + SPEAKER WITH THREE SOUND WAVES, MAN WITH GUA PI MAO",,22catchall,False,active,2026-05-15,2026-05-15,SS=hns_ss-export-tld.20251226_20260107_translated_20260117.adapted.csv;HSD=hns_bob_tlds.csv,2026-05-15T21:54:27,False
xn--0q8hqj,,,False,PUNY_IDNA,👲🔊,"Letters + MAN WITH GUA PI MAO, SPEAKER WITH THREE SOUND WAVES",,22catchall,False,active,2026-05-15,2026-05-15,SS=hns_ss-export-tld.20251226_20260107_translated_20260117.adapted.csv;HSD=hns_bob_tlds.csv,2026-05-15T21:54:27,False
xn--0s8ha884a,,,False,PUNY_IDNA,💸🤝💸,"Letters + MONEY WITH WINGS, HANDSHAKE, MONEY WITH WINGS",,22catchall,False,active,2026-05-15,2026-05-15,SS=hns_ss-export-tld.20251226_20260107_translated_20260117.adapted.csv;HSD=hns_bob_tlds.csv,2026-05-15T21:54:27,False
xn--0sqs95e,,,False,,,,,22catchall,False,active,2026-05-15,2026-05-15,SS=hns_ss-export-tld.20251226_20260107_translated_20260117.adapted.csv;HSD=hns_bob_tlds.csv,2026-05-15T21:54:27,False
xn--0t8hb,,,False,PUNY_IDNA,📜📛,"Letters + SCROLL, NAME BADGE",,22catchall,False,active,2026-05-15,2026-05-15,SS=hns_ss-export-tld.20251226_20260107_translated_20260117.adapted.csv;HSD=hns_bob_tlds.csv,2026-05-15T21:54:27,False
xn--0zd6bwp,,,False,,,,,22catchall,False,active,2026-05-15,2026-05-15,SS=hns_ss-export-tld.20251226_20260107_translated_20260117.adapted.csv;HSD=hns_bob_tlds.csv,2026-05-15T21:54:27,False
xn--1-636b,,,False,,,,,22catchall,False,active,2026-05-15,2026-05-15,SS=hns_ss-export-tld.20251226_20260107_translated_20260117.adapted.csv;HSD=hns_bob_tlds.csv,2026-05-15T21:54:27,False
xn--1-j51szb,,,False,,,,,timaxau,False,active,2026-05-15,2026-05-15,SS=hns_ss-export-tld.20251226_20260107_translated_20260117.adapted.csv;HSD=hns_bob_tlds.csv,2026-05-15T21:54:27,False
xn--10-5j8d,,,False,,,,,22catchall,False,active,2026-05-15,2026-05-15,SS=hns_ss-export-tld.20251226_20260107_translated_20260117.adapted.csv;HSD=hns_bob_tlds.csv,2026-05-15T21:54:27,False
xn--11-5j8d,,,False,,,,,22catchall,False,active,2026-05-15,2026-05-15,SS=hns_ss-export-tld.20251226_20260107_translated_20260117.adapted.csv;HSD=hns_bob_tlds.csv,2026-05-15T21:54:27,False
xn--11bo3d2c1c,,,False,"PUNY_IDNA,Hindi",क्रीज,Devanagari (Hindi),crease,22catchall,False,active,2026-05-15,2026-05-15,SS=hns_ss-export-tld.20251226_20260107_translated_20260117.adapted.csv;HSD=hns_bob_tlds.csv,2026-05-15T21:54:27,False
xn--12-5j8d,,,False,,,,,22catchall,False,active,2026-05-15,2026-05-15,SS=hns_ss-export-tld.20251226_20260107_translated_20260117.adapted.csv;HSD=hns_bob_tlds.csv,2026-05-15T21:54:27,False
xn--137hg3avv,,,False,,,,,dfps,False,active,2026-05-15,2026-05-15,SS=hns_ss-export-tld.20251226_20260107_translated_20260117.adapted.csv;HSD=hns_bob_tlds.csv,2026-05-15T21:54:27,False
xn--15q846c,,,False,,,,,22catchall,False,active,2026-05-15,2026-05-15,SS=hns_ss-export-tld.20251226_20260107_translated_20260117.adapted.csv;HSD=hns_bob_tlds.csv,2026-05-15T21:54:27,False
xn--169-uc1abb,,,False,,,,,tim4sk,False,active,2026-05-15,2026-05-15,SS=hns_ss-export-tld.20251226_20260107_translated_20260117.adapted.csv;HSD=hns_bob_tlds.csv,2026-05-15T21:54:27,False
xn--17-m352akc,,,False,,,,,timaxau,False,active,2026-05-15,2026-05-15,SS=hns_ss-export-tld.20251226_20260107_translated_20260117.adapted.csv;HSD=hns_bob_tlds.csv,2026-05-15T21:54:27,False
xn--1986-uz33cpd,,,False,,,,,timaxau,False,active,2026-05-15,2026-05-15,SS=hns_ss-export-tld.20251226_20260107_translated_20260117.adapted.csv;HSD=hns_bob_tlds.csv,2026-05-15T21:54:27,False
xn--1987-uz33cpd,,,False,,,,,timaxau,False,active,2026-05-15,2026-05-15,SS=hns_ss-export-tld.20251226_20260107_translated_20260117.adapted.csv;HSD=hns_bob_tlds.csv,2026-05-15T21:54:27,False
xn--1988-uz33cpd,,,False,,,,,timaxau,False,active,2026-05-15,2026-05-15,SS=hns_ss-export-tld.20251226_20260107_translated_20260117.adapted.csv;HSD=hns_bob_tlds.csv,2026-05-15T21:54:27,False
xn--1990-uz33cpd,,,False,,,,,timaxau,False,active,2026-05-15,2026-05-15,SS=hns_ss-export-tld.20251226_20260107_translated_20260117.adapted.csv;HSD=hns_bob_tlds.csv,2026-05-15T21:54:27,False
xn--1991-uz33cpd,,,False,,,,,timaxau,False,active,2026-05-15,2026-05-15,SS=hns_ss-export-tld.20251226_20260107_translated_20260117.adapted.csv;HSD=hns_bob_tlds.csv,2026-05-15T21:54:27,False
xn--1996-uz33cpd,,,False,,,,,22catchall,False,active,2026-05-15,2026-05-15,SS=hns_ss-export-tld.20251226_20260107_translated_20260117.adapted.csv;HSD=hns_bob_tlds.csv,2026-05-15T21:54:27,False
xn--1997-uz33cpd,,,False,,,,,timaxau,False,active,2026-05-15,2026-05-15,SS=hns_ss-export-tld.20251226_20260107_translated_20260117.adapted.csv;HSD=hns_bob_tlds.csv,2026-05-15T21:54:27,False
xn--1di7188m,,,False,,,,,22catchall,False,active,2026-05-15,2026-05-15,SS=hns_ss-export-tld.20251226_20260107_translated_20260117.adapted.csv;HSD=hns_bob_tlds.csv,2026-05-15T21:54:27,False
xn--1o8h04g,,,False,PUNY_IDNA,🐭🧚,"Letters + MOUSE FACE, FAIRY",,22catchall,False,active,2026-05-15,2026-05-15,SS=hns_ss-export-tld.20251226_20260107_translated_20260117.adapted.csv;HSD=hns_bob_tlds.csv,2026-05-15T21:54:27,False
xn--1o8hr6a,,,False,PUNY_IDNA,😶🐭,FACE WITHOUT MOUTH + MOUSE FACE,,22catchall,False,active,2026-05-15,2026-05-15,SS=hns_ss-export-tld.20251226_20260107_translated_20260117.adapted.csv;HSD=hns_bob_tlds.csv,2026-05-15T21:54:27,False
xn--1o8hs6a,,,False,PUNY_IDNA,🐭😶,MOUSE FACE + FACE WITHOUT MOUTH,,22catchall,False,active,2026-05-15,2026-05-15,SS=hns_ss-export-tld.20251226_20260107_translated_20260117.adapted.csv;HSD=hns_bob_tlds.csv,2026-05-15T21:54:27,False
xn--1o8hsh,,,False,,,,,22catchall,False,active,2026-05-15,2026-05-15,SS=hns_ss-export-tld.20251226_20260107_translated_20260117.adapted.csv;HSD=hns_bob_tlds.csv,2026-05-15T21:54:27,False
xn--1o8ht2f,,,False,PUNY_IDNA,🤗🐭,HUGGING FACE + MOUSE FACE,,22catchall,False,active,2026-05-15,2026-05-15,SS=hns_ss-export-tld.20251226_20260107_translated_20260117.adapted.csv;HSD=hns_bob_tlds.csv,2026-05-15T21:54:27,False
xn--1o8hu2f,,,False,PUNY_IDNA,🐭🤗,MOUSE FACE + HUGGING FACE,,22catchall,False,active,2026-05-15,2026-05-15,SS=hns_ss-export-tld.20251226_20260107_translated_20260117.adapted.csv;HSD=hns_bob_tlds.csv,2026-05-15T21:54:27,False
xn--1o8hz4g,,,False,PUNY_IDNA,🧚🐭,"Letters + FAIRY, MOUSE FACE",,22catchall,False,active,2026-05-15,2026-05-15,SS=hns_ss-export-tld.20251226_20260107_translated_20260117.adapted.csv;HSD=hns_bob_tlds.csv,2026-05-15T21:54:27,False
xn--1q8hnj,,,False,PUNY_IDNA,🔊👳,"Letters + SPEAKER WITH THREE SOUND WAVES, MAN WITH TURBAN",,22catchall,False,active,2026-05-15,2026-05-15,SS=hns_ss-export-tld.20251226_20260107_translated_20260117.adapted.csv;HSD=hns_bob_tlds.csv,2026-05-15T21:54:27,False
xn--1q8hoj,,,False,PUNY_IDNA,👳🔊,"Letters + MAN WITH TURBAN, SPEAKER WITH THREE SOUND WAVES",,22catchall,False,active,2026-05-15,2026-05-15,SS=hns_ss-export-tld.20251226_20260107_translated_20260117.adapted.csv;HSD=hns_bob_tlds.csv,2026-05-15T21:54:27,False
xn--1ug1455p8fa,,,False,"PUNY_ALT,PUNY_INVALID",💕👏,,,22catchall,False,active,2026-05-15,2026-05-15,SS=hns_ss-export-tld.20251226_20260107_translated_20260117.adapted.csv;HSD=hns_bob_tlds.csv,2026-05-15T21:54:27,False
xn--1ug1455p9fa,,,False,"PUNY_ALT,PUNY_INVALID",👏💕,,,22catchall,False,active,2026-05-15,2026-05-15,SS=hns_ss-export-tld.20251226_20260107_translated_20260117.adapted.csv;HSD=hns_bob_tlds.csv,2026-05-15T21:54:27,False
xn--1ug66vq835b75b,,,False,,,,,timaxau,False,active,2026-05-15,2026-05-15,SS=hns_ss-export-tld.20251226_20260107_translated_20260117.adapted.csv;HSD=hns_bob_tlds.csv,2026-05-15T21:54:27,False
xn--1xd4a7a0tuj,,,False,,,,,22catchall,False,active,2026-05-15,2026-05-15,SS=hns_ss-export-tld.20251226_20260107_translated_20260117.adapted.csv;HSD=hns_bob_tlds.csv,2026-05-15T21:54:27,False
xn--2-636b,,,False,,,,,22catchall,False,active,2026-05-15,2026-05-15,SS=hns_ss-export-tld.20251226_20260107_translated_20260117.adapted.csv;HSD=hns_bob_tlds.csv,2026-05-15T21:54:27,False
xn--20-m352akc,,,False,,,,,timaxau,False,active,2026-05-15,2026-05-15,SS=hns_ss-export-tld.20251226_20260107_translated_20260117.adapted.csv;HSD=hns_bob_tlds.csv,2026-05-15T21:54:27,False
xn--2007-uz33cpd,,,False,,,,,timaxau,False,active,2026-05-15,2026-05-15,SS=hns_ss-export-tld.20251226_20260107_translated_20260117.adapted.csv;HSD=hns_bob_tlds.csv,2026-05-15T21:54:27,False
xn--2022-uz33cpd,,,False,,,,,timaxau,False,active,2026-05-15,2026-05-15,SS=hns_ss-export-tld.20251226_20260107_translated_20260117.adapted.csv;HSD=hns_bob_tlds.csv,2026-05-15T21:54:27,False
xn--2023-uz33cpd,,,False,,,,,tim4sk,False,active,2026-05-15,2026-05-15,SS=hns_ss-export-tld.20251226_20260107_translated_20260117.adapted.csv;HSD=hns_bob_tlds.csv,2026-05-15T21:54:27,False
xn--2025-uz33cpd,,,False,,,,,timaxau,False,active,2026-05-15,2026-05-15,SS=hns_ss-export-tld.20251226_20260107_translated_20260117.adapted.csv;HSD=hns_bob_tlds.csv,2026-05-15T21:54:27,False
xn--20t,,,False,,,,,tim4sk,False,active,2026-05-15,2026-05-15,SS=hns_ss-export-tld.20251226_20260107_translated_20260117.adapted.csv;HSD=hns_bob_tlds.csv,2026-05-15T21:54:27,False
xn--21xxx,,,False,,,,,22catchall,False,active,2026-05-15,2026-05-15,SS=hns_ss-export-tld.20251226_20260107_translated_20260117.adapted.csv;HSD=hns_bob_tlds.csv,2026-05-15T21:54:27,False
xn--24x,,,False,"PUNY_IDNA,CJK",狅,Chinese/Japanese/Korean,狅,22catchall,False,active,2026-05-15,2026-05-15,SS=hns_ss-export-tld.20251226_20260107_translated_20260117.adapted.csv;HSD=hns_bob_tlds.csv,2026-05-15T21:54:27,False
xn--2lz1j,,,False,,,,,22catchall,False,active,2026-05-15,2026-05-15,SS=hns_ss-export-tld.20251226_20260107_translated_20260117.adapted.csv;HSD=hns_bob_tlds.csv,2026-05-15T21:54:27,False
xn--2m8hj8a,,,False,,,,,22catchall,False,active,2026-05-15,2026-05-15,SS=hns_ss-export-tld.20251226_20260107_translated_20260117.adapted.csv;HSD=hns_bob_tlds.csv,2026-05-15T21:54:27,False
xn--2m8hk8a,,,False,,,,,22catchall,False,active,2026-05-15,2026-05-15,SS=hns_ss-export-tld.20251226_20260107_translated_20260117.adapted.csv;HSD=hns_bob_tlds.csv,2026-05-15T21:54:27,False
xn--2n8hwc,,,False,,,,,m1f,False,active,2026-05-15,2026-05-15,SS=hns_ss-export-tld.20251226_20260107_translated_20260117.adapted.csv;HSD=hns_bob_tlds.csv,2026-05-15T21:54:27,False
xn--2nyw4as3q,,,False,,,,,22catchall,False,active,2026-05-15,2026-05-15,SS=hns_ss-export-tld.20251226_20260107_translated_20260117.adapted.csv;HSD=hns_bob_tlds.csv,2026-05-15T21:54:27,False
xn--2p8h3cy7m,,,False,PUNY_IDNA,💀🤝👑,"Letters + SKULL, HANDSHAKE, CROWN",,22catchall,False,active,2026-05-15,2026-05-15,SS=hns_ss-export-tld.20251226_20260107_translated_20260117.adapted.csv;HSD=hns_bob_tlds.csv,2026-05-15T21:54:27,False
xn--2p8h50f,,,False,PUNY_IDNA,🤡👑,"Letters + CLOWN FACE, CROWN",,22catchall,False,active,2026-05-15,2026-05-15,SS=hns_ss-export-tld.20251226_20260107_translated_20260117.adapted.csv;HSD=hns_bob_tlds.csv,2026-05-15T21:54:27,False
xn--2p8h55h,,,False,,,,,tim4sk,False,active,2026-05-15,2026-05-15,SS=hns_ss-export-tld.20251226_20260107_translated_20260117.adapted.csv;HSD=hns_bob_tlds.csv,2026-05-15T21:54:27,False
xn--2p8h74h,,,False,,,,,tim4sk,False,active,2026-05-15,2026-05-15,SS=hns_ss-export-tld.20251226_20260107_translated_20260117.adapted.csv;HSD=hns_bob_tlds.csv,2026-05-15T21:54:27,False
xn--2p8h84h,,,False,,,,,22catchall,False,active,2026-05-15,2026-05-15,SS=hns_ss-export-tld.20251226_20260107_translated_20260117.adapted.csv;HSD=hns_bob_tlds.csv,2026-05-15T21:54:27,False
xn--2p8h96f,,,False,PUNY_IDNA,🦃👑,"Letters + TURKEY, CROWN",,22catchall,False,active,2026-05-15,2026-05-15,SS=hns_ss-export-tld.20251226_20260107_translated_20260117.adapted.csv;HSD=hns_bob_tlds.csv,2026-05-15T21:54:27,False
xn--2p8hhf,,,False,PUNY_IDNA,💥👑,"Letters + COLLISION SYMBOL, CROWN",,22catchall,False,active,2026-05-15,2026-05-15,SS=hns_ss-export-tld.20251226_20260107_translated_20260117.adapted.csv;HSD=hns_bob_tlds.csv,2026-05-15T21:54:27,False
xn--2p8hj4g,,,False,,,,,k1f,False,active,2026-05-15,2026-05-15,SS=hns_ss-export-tld.20251226_20260107_translated_20260117.adapted.csv;HSD=hns_bob_tlds.csv,2026-05-15T21:54:27,False
xn--2p8hj8h,,,False,,,,,k1f,False,active,2026-05-15,2026-05-15,SS=hns_ss-export-tld.20251226_20260107_translated_20260117.adapted.csv;HSD=hns_bob_tlds.csv,2026-05-15T21:54:27,False
xn--2p8hjl,,,False,PUNY_IDNA,🔆👑,"Letters + HIGH BRIGHTNESS SYMBOL, CROWN",,22catchall,False,active,2026-05-15,2026-05-15,SS=hns_ss-export-tld.20251226_20260107_translated_20260117.adapted.csv;HSD=hns_bob_tlds.csv,2026-05-15T21:54:27,False
xn--2p8hk4g,,,False,,,,,k1f,False,active,2026-05-15,2026-05-15,SS=hns_ss-export-tld.20251226_20260107_translated_20260117.adapted.csv;HSD=hns_bob_tlds.csv,2026-05-15T21:54:27,False
xn--2p8hnb29a,,,False,PUNY_IDNA,👨🔬👑,"Letters + MAN, MICROSCOPE, CROWN",,22catchall,False,active,2026-05-15,2026-05-15,SS=hns_ss-export-tld.20251226_20260107_translated_20260117.adapted.csv;HSD=hns_bob_tlds.csv,2026-05-15T21:54:27,False
xn--2p8hpby7a,,,False,PUNY_IDNA,👩🔬👑,"Letters + WOMAN, MICROSCOPE, CROWN",,22catchall,False,active,2026-05-15,2026-05-15,SS=hns_ss-export-tld.20251226_20260107_translated_20260117.adapted.csv;HSD=hns_bob_tlds.csv,2026-05-15T21:54:27,False
xn--2p8hq0f,,,False,,,,,22catchall,False,active,2026-05-15,2026-05-15,SS=hns_ss-export-tld.20251226_20260107_translated_20260117.adapted.csv;HSD=hns_bob_tlds.csv,2026-05-15T21:54:27,False
xn--2p8htq,,,False,PUNY_IDNA,🕛👑,"Letters + CLOCK FACE TWELVE OCLOCK, CROWN",,22catchall,False,active,2026-05-15,2026-05-15,SS=hns_ss-export-tld.20251226_20260107_translated_20260117.adapted.csv;HSD=hns_bob_tlds.csv,2026-05-15T21:54:27,False
xn--2p8hw8f,,,False,,,,,k1f,False,active,2026-05-15,2026-05-15,SS=hns_ss-export-tld.20251226_20260107_translated_20260117.adapted.csv;HSD=hns_bob_tlds.csv,2026-05-15T21:54:27,False
xn--2w2b155a,,KO ‘tsar’,False,PUNY_IDNA,차르,,,22catchall,False,active,2026-05-15,2026-05-15,SS=hns_ss-export-tld.20251226_20260107_translated_20260117.adapted.csv;HSD=hns_bob_tlds.csv,2026-05-15T21:54:27,False
xn--3-636b,,,False,,,,,22catchall,False,active,2026-05-15,2026-05-15,SS=hns_ss-export-tld.20251226_20260107_translated_20260117.adapted.csv;HSD=hns_bob_tlds.csv,2026-05-15T21:54:27,False
xn--3bs63j2w3c,,,False,"PUNY_IDNA,CJK",团小课,Chinese/Japanese/Korean,Group class,22catchall,False,active,2026-05-15,2026-05-15,SS=hns_ss-export-tld.20251226_20260107_translated_20260117.adapted.csv;HSD=hns_bob_tlds.csv,2026-05-15T21:54:27,False
xn--3d-bzbb,,,False,,,,,22catchall,False,active,2026-05-15,2026-05-15,SS=hns_ss-export-tld.20251226_20260107_translated_20260117.adapted.csv;HSD=hns_bob_tlds.csv,2026-05-15T21:54:27,False
xn--3k8h1a,,,False,PUNY_IDNA,🎱🎣,"Letters + BILLIARDS, FISHING POLE AND FISH",,22catchall,False,active,2026-05-15,2026-05-15,SS=hns_ss-export-tld.20251226_20260107_translated_20260117.adapted.csv;HSD=hns_bob_tlds.csv,2026-05-15T21:54:27,False
xn--3k8h9cp5ew0e,,,False,,,,,tim4sk,False,active,2026-05-15,2026-05-15,SS=hns_ss-export-tld.20251226_20260107_translated_20260117.adapted.csv;HSD=hns_bob_tlds.csv,2026-05-15T21:54:27,False
xn--3k8hnw,,,False,,,,,22catchall,False,active,2026-05-15,2026-05-15,SS=hns_ss-export-tld.20251226_20260107_translated_20260117.adapted.csv;HSD=hns_bob_tlds.csv,2026-05-15T21:54:27,False
xn--3n1b4fa743m,,,False,PUNY_IDNA,도도덱스,"Letters + HANGUL SYLLABLE DO, HANGUL SYLLABLE DO, HANGUL SYLLABLE DEG, HANGUL SYLLABLE SEU",dododex,22catchall,False,active,2026-05-15,2026-05-15,SS=hns_ss-export-tld.20251226_20260107_translated_20260117.adapted.csv;HSD=hns_bob_tlds.csv,2026-05-15T21:54:27,False
xn--3r8hga,,,False,,,,,22catchall,False,active,2026-05-15,2026-05-15,SS=hns_ss-export-tld.20251226_20260107_translated_20260117.adapted.csv;HSD=hns_bob_tlds.csv,2026-05-15T21:54:27,False
xn--3xd0p,,,False,,,,,22catchall,False,active,2026-05-15,2026-05-15,SS=hns_ss-export-tld.20251226_20260107_translated_20260117.adapted.csv;HSD=hns_bob_tlds.csv,2026-05-15T21:54:27,False
xn--3xd9k,,,False,,,,,22catchall,False,active,2026-05-15,2026-05-15,SS=hns_ss-export-tld.20251226_20260107_translated_20260117.adapted.csv;HSD=hns_bob_tlds.csv,2026-05-15T21:54:27,False
xn--4-636b,,,False,,,,,22catchall,False,active,2026-05-15,2026-05-15,SS=hns_ss-export-tld.20251226_20260107_translated_20260117.adapted.csv;HSD=hns_bob_tlds.csv,2026-05-15T21:54:27,False
xn--41d7d,,,False,,,,,22catchall,False,active,2026-05-15,2026-05-15,SS=hns_ss-export-tld.20251226_20260107_translated_20260117.adapted.csv;HSD=hns_bob_tlds.csv,2026-05-15T21:54:27,False
xn--43h4080o,,,False,PUNY_IDNA,☔😍,"Letters + UMBRELLA WITH RAIN DROPS, SMILING FACE WITH HEART-SHAPED EYES",,22catchall,False,active,2026-05-15,2026-05-15,SS=hns_ss-export-tld.20251226_20260107_translated_20260117.adapted.csv;HSD=hns_bob_tlds.csv,2026-05-15T21:54:27,False
xn--45q71w,,,False,,,,,tim4sk,False,active,2026-05-15,2026-05-15,SS=hns_ss-export-tld.20251226_20260107_translated_20260117.adapted.csv;HSD=hns_bob_tlds.csv,2026-05-15T21:54:27,False
xn--45qqoj7c44m,,,False,"PUNY_IDNA,CJK",八分君子,Chinese/Japanese/Korean,Eight-point gentleman,22catchall,False,active,2026-05-15,2026-05-15,SS=hns_ss-export-tld.20251226_20260107_translated_20260117.adapted.csv;HSD=hns_bob_tlds.csv,2026-05-15T21:54:27,False
xn--45qu04c,,,False,,,,,tima5k,False,active,2026-05-15,2026-05-15,SS=hns_ss-export-tld.20251226_20260107_translated_20260117.adapted.csv;HSD=hns_bob_tlds.csv,2026-05-15T21:54:27,False
xn--45qu04cprp,,,False,"PUNY_IDNA,CJK",紅八月,Chinese/Japanese/Korean,紅八月,22catchall,False,active,2026-05-15,2026-05-15,SS=hns_ss-export-tld.20251226_20260107_translated_20260117.adapted.csv;HSD=hns_bob_tlds.csv,2026-05-15T21:54:27,False
xn--49s82e,,,False,,,,,22catchall,False,active,2026-05-15,2026-05-15,SS=hns_ss-export-tld.20251226_20260107_translated_20260117.adapted.csv;HSD=hns_bob_tlds.csv,2026-05-15T21:54:27,False
xn--4ckvf0a,,,False,,,,,22catchall,False,active,2026-05-15,2026-05-15,SS=hns_ss-export-tld.20251226_20260107_translated_20260117.adapted.csv;HSD=hns_bob_tlds.csv,2026-05-15T21:54:27,False
xn--4dbagida3all0j,,,False,"PUNY_IDNA,Hebrew",ארכאולוגיה,Hebrew,Archaeology,22catchall,False,active,2026-05-15,2026-05-15,SS=hns_ss-export-tld.20251226_20260107_translated_20260117.adapted.csv;HSD=hns_bob_tlds.csv,2026-05-15T21:54:27,False
xn--4dbhbca4b,,,False,,,,,22catchall,False,active,2026-05-15,2026-05-15,SS=hns_ss-export-tld.20251226_20260107_translated_20260117.adapted.csv;HSD=hns_bob_tlds.csv,2026-05-15T21:54:27,False
xn--4fiv938m,,,False,,,,,tim4sk,False,active,2026-05-15,2026-05-15,SS=hns_ss-export-tld.20251226_20260107_translated_20260117.adapted.csv;HSD=hns_bob_tlds.csv,2026-05-15T21:54:27,False
xn--4gb0af,,,False,,,,,22catchall,False,active,2026-05-15,2026-05-15,SS=hns_ss-export-tld.20251226_20260107_translated_20260117.adapted.csv;HSD=hns_bob_tlds.csv,2026-05-15T21:54:27,False
xn--4gq34g41ft06a9ne9yg,,,False,,,,,22catchall,False,active,2026-05-15,2026-05-15,SS=hns_ss-export-tld.20251226_20260107_translated_20260117.adapted.csv;HSD=hns_bob_tlds.csv,2026-05-15T21:54:27,False
xn--4gq537o9vbc6b,,,False,"PUNY_IDNA,CJK",驼一阵风,Chinese/Japanese/Korean,Camel gust of wind,22catchall,False,active,2026-05-15,2026-05-15,SS=hns_ss-export-tld.20251226_20260107_translated_20260117.adapted.csv;HSD=hns_bob_tlds.csv,2026-05-15T21:54:27,False
xn--4gq759ctz4a,,,False,,,,,22catchall,False,active,2026-05-15,2026-05-15,SS=hns_ss-export-tld.20251226_20260107_translated_20260117.adapted.csv;HSD=hns_bob_tlds.csv,2026-05-15T21:54:27,False
xn--4gq79s1ybj94d,,,False,,,,,22catchall,False,active,2026-05-15,2026-05-15,SS=hns_ss-export-tld.20251226_20260107_translated_20260117.adapted.csv;HSD=hns_bob_tlds.csv,2026-05-15T21:54:27,False
xn--4gqf1661b,,,False,,,,,22catchall,False,active,2026-05-15,2026-05-15,SS=hns_ss-export-tld.20251226_20260107_translated_20260117.adapted.csv;HSD=hns_bob_tlds.csv,2026-05-15T21:54:27,False
xn--4gqt5yruvxp1ba,,,False,,,,,22catchall,False,active,2026-05-15,2026-05-15,SS=hns_ss-export-tld.20251226_20260107_translated_20260117.adapted.csv;HSD=hns_bob_tlds.csv,2026-05-15T21:54:27,False
xn--4gqu4ltz1b,,,False,"PUNY_IDNA,CJK",一程又,Chinese/Japanese/Korean,another journey,22catchall,False,active,2026-05-15,2026-05-15,SS=hns_ss-export-tld.20251226_20260107_translated_20260117.adapted.csv;HSD=hns_bob_tlds.csv,2026-05-15T21:54:27,False
xn--4gqx7jnva,,,False,,,,,22catchall,False,active,2026-05-15,2026-05-15,SS=hns_ss-export-tld.20251226_20260107_translated_20260117.adapted.csv;HSD=hns_bob_tlds.csv,2026-05-15T21:54:27,False
xn--4gqz7lx5b01a,,,False,,,,,22catchall,False,active,2026-05-15,2026-05-15,SS=hns_ss-export-tld.20251226_20260107_translated_20260117.adapted.csv;HSD=hns_bob_tlds.csv,2026-05-15T21:54:27,False
xn--4k9a,,,False,,,,,22catchall,False,active,2026-05-15,2026-05-15,SS=hns_ss-export-tld.20251226_20260107_translated_20260117.adapted.csv;HSD=hns_bob_tlds.csv,2026-05-15T21:54:27,False
xn--4kq62h49jxs4a,,,False,,,,,22catchall,False,active,2026-05-15,2026-05-15,SS=hns_ss-export-tld.20251226_20260107_translated_20260117.adapted.csv;HSD=hns_bob_tlds.csv,2026-05-15T21:54:27,False
xn--4kqp8i97u,,,False,,,,,22catchall,False,active,2026-05-15,2026-05-15,SS=hns_ss-export-tld.20251226_20260107_translated_20260117.adapted.csv;HSD=hns_bob_tlds.csv,2026-05-15T21:54:27,False
xn--4kqt9r,,,False,,,,,timaxau,False,active,2026-05-15,2026-05-15,SS=hns_ss-export-tld.20251226_20260107_translated_20260117.adapted.csv;HSD=hns_bob_tlds.csv,2026-05-15T21:54:27,False
xn--4kqv49f02g,,,False,,,,,22catchall,False,active,2026-05-15,2026-05-15,SS=hns_ss-export-tld.20251226_20260107_translated_20260117.adapted.csv;HSD=hns_bob_tlds.csv,2026-05-15T21:54:27,False
xn--4kqw3e63mcrc,,,False,"PUNY_IDNA,CJK",公安二师,Chinese/Japanese/Korean,Second Public Security Division,22catchall,False,active,2026-05-15,2026-05-15,SS=hns_ss-export-tld.20251226_20260107_translated_20260117.adapted.csv;HSD=hns_bob_tlds.csv,2026-05-15T21:54:27,False
xn--4o8h33f,,,False,,,,,22catchall,False,active,2026-05-15,2026-05-15,SS=hns_ss-export-tld.20251226_20260107_translated_20260117.adapted.csv;HSD=hns_bob_tlds.csv,2026-05-15T21:54:27,False
xn--4o8h63g,,,False,,,,,k1f,False,active,2026-05-15,2026-05-15,SS=hns_ss-export-tld.20251226_20260107_translated_20260117.adapted.csv;HSD=hns_bob_tlds.csv,2026-05-15T21:54:27,False
xn--4o8hqha,,,False,,,,,r1f,False,active,2026-05-15,2026-05-15,SS=hns_ss-export-tld.20251226_20260107_translated_20260117.adapted.csv;HSD=hns_bob_tlds.csv,2026-05-15T21:54:27,False
xn--4o8hr3f,,,False,,,,,tim4sk,False,active,2026-05-15,2026-05-15,SS=hns_ss-export-tld.20251226_20260107_translated_20260117.adapted.csv;HSD=hns_bob_tlds.csv,2026-05-15T21:54:27,False
xn--4o8hs3f,,,False,,,,,22catchall,False,active,2026-05-15,2026-05-15,SS=hns_ss-export-tld.20251226_20260107_translated_20260117.adapted.csv;HSD=hns_bob_tlds.csv,2026-05-15T21:54:27,False
xn--4o8hx3f,,,False,,,,,22catchall,False,active,2026-05-15,2026-05-15,SS=hns_ss-export-tld.20251226_20260107_translated_20260117.adapted.csv;HSD=hns_bob_tlds.csv,2026-05-15T21:54:27,False
xn--4qsveow,,,False,"PUNY_IDNA,CJK",姜大声,Chinese/Japanese/Korean,Jiang DaDaSheng,22catchall,False,active,2026-05-15,2026-05-15,SS=hns_ss-export-tld.20251226_20260107_translated_20260117.adapted.csv;HSD=hns_bob_tlds.csv,2026-05-15T21:54:27,False
xn--4qwq02h,,,False,,,,,22catchall,False,active,2026-05-15,2026-05-15,SS=hns_ss-export-tld.20251226_20260107_translated_20260117.adapted.csv;HSD=hns_bob_tlds.csv,2026-05-15T21:54:27,False
xn--5-636b,,,False,,,,,22catchall,False,active,2026-05-15,2026-05-15,SS=hns_ss-export-tld.20251226_20260107_translated_20260117.adapted.csv;HSD=hns_bob_tlds.csv,2026-05-15T21:54:27,False
xn--53t698h,,,False,,,,,22catchall,False,active,2026-05-15,2026-05-15,SS=hns_ss-export-tld.20251226_20260107_translated_20260117.adapted.csv;HSD=hns_bob_tlds.csv,2026-05-15T21:54:27,False
xn--53tu51j,,,False,"PUNY_IDNA,CJK",长征,Chinese/Japanese/Korean,long march,22catchall,False,active,2026-05-15,2026-05-15,SS=hns_ss-export-tld.20251226_20260107_translated_20260117.adapted.csv;HSD=hns_bob_tlds.csv,2026-05-15T21:54:27,False
xn--547hr7b,,,False,,,,,22catchall,False,active,2026-05-15,2026-05-15,SS=hns_ss-export-tld.20251226_20260107_translated_20260117.adapted.csv;HSD=hns_bob_tlds.csv,2026-05-15T21:54:27,False
xn--55q5d944a,,,False,"PUNY_IDNA,CJK",公安军,Chinese/Japanese/Korean,public security army,22catchall,False,active,2026-05-15,2026-05-15,SS=hns_ss-export-tld.20251226_20260107_translated_20260117.adapted.csv;HSD=hns_bob_tlds.csv,2026-05-15T21:54:27,False
xn--55q99d,,,False,,,,,22catchall,False,active,2026-05-15,2026-05-15,SS=hns_ss-export-tld.20251226_20260107_translated_20260117.adapted.csv;HSD=hns_bob_tlds.csv,2026-05-15T21:54:27,False
xn--56h5800o,,,False,,,,,22catchall,False,active,2026-05-15,2026-05-15,SS=hns_ss-export-tld.20251226_20260107_translated_20260117.adapted.csv;HSD=hns_bob_tlds.csv,2026-05-15T21:54:27,False
xn--56h6800o,,,False,,,,,k1f,False,active,2026-05-15,2026-05-15,SS=hns_ss-export-tld.20251226_20260107_translated_20260117.adapted.csv;HSD=hns_bob_tlds.csv,2026-05-15T21:54:27,False
xn--56hx971o,,,False,,,,,22catchall,False,active,2026-05-15,2026-05-15,SS=hns_ss-export-tld.20251226_20260107_translated_20260117.adapted.csv;HSD=hns_bob_tlds.csv,2026-05-15T21:54:27,False
xn--57h0579n,,,False,PUNY_IDNA,⚡🎹,"Letters + HIGH VOLTAGE SIGN, MUSICAL KEYBOARD",,22catchall,False,active,2026-05-15,2026-05-15,SS=hns_ss-export-tld.20251226_20260107_translated_20260117.adapted.csv;HSD=hns_bob_tlds.csv,2026-05-15T21:54:27,False
xn--57h4771o,,,False,PUNY_IDNA,⚡🥁,"Letters + HIGH VOLTAGE SIGN, DRUM WITH DRUMSTICKS",,22catchall,False,active,2026-05-15,2026-05-15,SS=hns_ss-export-tld.20251226_20260107_translated_20260117.adapted.csv;HSD=hns_bob_tlds.csv,2026-05-15T21:54:27,False
xn--57hxk,,,False,,,,,22catchall,False,active,2026-05-15,2026-05-15,SS=hns_ss-export-tld.20251226_20260107_translated_20260117.adapted.csv;HSD=hns_bob_tlds.csv,2026-05-15T21:54:27,False
xn--59gz2nea,,,False,,,,,22catchall,False,active,2026-05-15,2026-05-15,SS=hns_ss-export-tld.20251226_20260107_translated_20260117.adapted.csv;HSD=hns_bob_tlds.csv,2026-05-15T21:54:27,False
xn--5biy519m,,,False,PUNY_IDNA,😂✊,"Letters + FACE WITH TEARS OF JOY, RAISED FIST",,22catchall,False,active,2026-05-15,2026-05-15,SS=hns_ss-export-tld.20251226_20260107_translated_20260117.adapted.csv;HSD=hns_bob_tlds.csv,2026-05-15T21:54:27,False
xn--5ey295at7g4jd,,,False,,,,,22catchall,False,active,2026-05-15,2026-05-15,SS=hns_ss-export-tld.20251226_20260107_translated_20260117.adapted.csv;HSD=hns_bob_tlds.csv,2026-05-15T21:54:27,False
xn--5eyv2omohvtn,,,False,,,,,22catchall,False,active,2026-05-15,2026-05-15,SS=hns_ss-export-tld.20251226_20260107_translated_20260117.adapted.csv;HSD=hns_bob_tlds.csv,2026-05-15T21:54:27,False
xn--5h8hnq,,,False,,,,,tim4sk,False,active,2026-05-15,2026-05-15,SS=hns_ss-export-tld.20251226_20260107_translated_20260117.adapted.csv;HSD=hns_bob_tlds.csv,2026-05-15T21:54:27,False
xn--5i8hhe,,,False,,,,,22catchall,False,active,2026-05-15,2026-05-15,SS=hns_ss-export-tld.20251226_20260107_translated_20260117.adapted.csv;HSD=hns_bob_tlds.csv,2026-05-15T21:54:27,False
xn--5k8h7s,,,False,PUNY_IDNA,📖🎥,"Letters + OPEN BOOK, MOVIE CAMERA",,22catchall,False,active,2026-05-15,2026-05-15,SS=hns_ss-export-tld.20251226_20260107_translated_20260117.adapted.csv;HSD=hns_bob_tlds.csv,2026-05-15T21:54:27,False
xn--5p9hia,,,False,PUNY_IDNA,🤝🤡,"Letters + HANDSHAKE, CLOWN FACE",,22catchall,False,active,2026-05-15,2026-05-15,SS=hns_ss-export-tld.20251226_20260107_translated_20260117.adapted.csv;HSD=hns_bob_tlds.csv,2026-05-15T21:54:27,False
xn--5p9hwh,,,False,,,,,22catchall,False,active,2026-05-15,2026-05-15,SS=hns_ss-export-tld.20251226_20260107_translated_20260117.adapted.csv;HSD=hns_bob_tlds.csv,2026-05-15T21:54:27,False
xn--5qs043gm4o,,,False,,,,,22catchall,False,active,2026-05-15,2026-05-15,SS=hns_ss-export-tld.20251226_20260107_translated_20260117.adapted.csv;HSD=hns_bob_tlds.csv,2026-05-15T21:54:27,False
xn--5r8hpw,,,False,,,,,r1f,False,active,2026-05-15,2026-05-15,SS=hns_ss-export-tld.20251226_20260107_translated_20260117.adapted.csv;HSD=hns_bob_tlds.csv,2026-05-15T21:54:27,False
xn--5suv74k,,,False,"PUNY_IDNA,CJK",拉麵,Chinese/Japanese/Korean,拉麵,22catchall,False,active,2026-05-15,2026-05-15,SS=hns_ss-export-tld.20251226_20260107_translated_20260117.adapted.csv;HSD=hns_bob_tlds.csv,2026-05-15T21:54:27,False
xn--6-636b,,,False,,,,,22catchall,False,active,2026-05-15,2026-05-15,SS=hns_ss-export-tld.20251226_20260107_translated_20260117.adapted.csv;HSD=hns_bob_tlds.csv,2026-05-15T21:54:27,False
xn--64h4989n,,,False,PUNY_IDNA,☹🎵,"Letters + WHITE FROWNING FACE, MUSICAL NOTE",,22catchall,False,active,2026-05-15,2026-05-15,SS=hns_ss-export-tld.20251226_20260107_translated_20260117.adapted.csv;HSD=hns_bob_tlds.csv,2026-05-15T21:54:27,False
xn--64h4989nca,,,False,PUNY_IDNA,☹🎶🎵,"Letters + WHITE FROWNING FACE, MULTIPLE MUSICAL NOTES, MUSICAL NOTE",,22catchall,False,active,2026-05-15,2026-05-15,SS=hns_ss-export-tld.20251226_20260107_translated_20260117.adapted.csv;HSD=hns_bob_tlds.csv,2026-05-15T21:54:27,False
xn--64h4989nda,,,False,PUNY_IDNA,☹🎵🎶,"Letters + WHITE FROWNING FACE, MUSICAL NOTE, MULTIPLE MUSICAL NOTES",,22catchall,False,active,2026-05-15,2026-05-15,SS=hns_ss-export-tld.20251226_20260107_translated_20260117.adapted.csv;HSD=hns_bob_tlds.csv,2026-05-15T21:54:27,False
xn--64hx850o,,,False,PUNY_IDNA,🖕☹,"Letters + REVERSED HAND WITH MIDDLE FINGER EXTENDED, WHITE FROWNING FACE",,22catchall,False,active,2026-05-15,2026-05-15,SS=hns_ss-export-tld.20251226_20260107_translated_20260117.adapted.csv;HSD=hns_bob_tlds.csv,2026-05-15T21:54:27,False
xn--65qq04c13kplm,,,False,,,,,22catchall,False,active,2026-05-15,2026-05-15,SS=hns_ss-export-tld.20251226_20260107_translated_20260117.adapted.csv;HSD=hns_bob_tlds.csv,2026-05-15T21:54:27,False
xn--69qa8270d,,,False,"PUNY_IDNA,CJK",龙凹凹,Chinese/Japanese/Korean,Long Ao Ao,22catchall,False,active,2026-05-15,2026-05-15,SS=hns_ss-export-tld.20251226_20260107_translated_20260117.adapted.csv;HSD=hns_bob_tlds.csv,2026-05-15T21:54:27,False
xn--6bi2648mkbaa,,,False,PUNY_IDNA,✋🏿🐎🐎,"Letters + RAISED HAND, EMOJI MODIFIER FITZPATRICK TYPE-6, HORSE, HORSE",,22catchall,False,active,2026-05-15,2026-05-15,SS=hns_ss-export-tld.20251226_20260107_translated_20260117.adapted.csv;HSD=hns_bob_tlds.csv,2026-05-15T21:54:27,False
xn--6bi2648mteaa,,,False,PUNY_IDNA,✋🏿🐴🐴,"Letters + RAISED HAND, EMOJI MODIFIER FITZPATRICK TYPE-6, HORSE FACE, HORSE FACE",,22catchall,False,active,2026-05-15,2026-05-15,SS=hns_ss-export-tld.20251226_20260107_translated_20260117.adapted.csv;HSD=hns_bob_tlds.csv,2026-05-15T21:54:27,False
xn--6biz918m1uabaa,,,False,PUNY_IDNA,🐦✋🐦🐦🌳,"Letters + BIRD, RAISED HAND, BIRD, BIRD, DECIDUOUS TREE",,22catchall,False,active,2026-05-15,2026-05-15,SS=hns_ss-export-tld.20251226_20260107_translated_20260117.adapted.csv;HSD=hns_bob_tlds.csv,2026-05-15T21:54:27,False
xn--6g8hg1c,,,False,,,,,22catchall,False,active,2026-05-15,2026-05-15,SS=hns_ss-export-tld.20251226_20260107_translated_20260117.adapted.csv;HSD=hns_bob_tlds.csv,2026-05-15T21:54:27,False
xn--6g8hnt,,,False,,,,,22catchall,False,active,2026-05-15,2026-05-15,SS=hns_ss-export-tld.20251226_20260107_translated_20260117.adapted.csv;HSD=hns_bob_tlds.csv,2026-05-15T21:54:27,False
xn--6l8h08g,,,False,,,,,22catchall,False,active,2026-05-15,2026-05-15,SS=hns_ss-export-tld.20251226_20260107_translated_20260117.adapted.csv;HSD=hns_bob_tlds.csv,2026-05-15T21:54:27,False
xn--6l8hed44q,,,False,,,,,dfps,False,active,2026-05-15,2026-05-15,SS=hns_ss-export-tld.20251226_20260107_translated_20260117.adapted.csv;HSD=hns_bob_tlds.csv,2026-05-15T21:54:27,False
xn--6l8hldu6p,,,False,,,,,22catchall,False,active,2026-05-15,2026-05-15,SS=hns_ss-export-tld.20251226_20260107_translated_20260117.adapted.csv;HSD=hns_bob_tlds.csv,2026-05-15T21:54:27,False
xn--6l8hmdu6p,,,False,,,,,22catchall,False,active,2026-05-15,2026-05-15,SS=hns_ss-export-tld.20251226_20260107_translated_20260117.adapted.csv;HSD=hns_bob_tlds.csv,2026-05-15T21:54:27,False
xn--6oqv77aso8a,,,False,,,,,22catchall,False,active,2026-05-15,2026-05-15,SS=hns_ss-export-tld.20251226_20260107_translated_20260117.adapted.csv;HSD=hns_bob_tlds.csv,2026-05-15T21:54:27,False
xn--6r8h0n,,,False,,,,,tim4sk,False,active,2026-05-15,2026-05-15,SS=hns_ss-export-tld.20251226_20260107_translated_20260117.adapted.csv;HSD=hns_bob_tlds.csv,2026-05-15T21:54:27,False
xn--6r8hnw,,,False,,,,,tim4sk,False,active,2026-05-15,2026-05-15,SS=hns_ss-export-tld.20251226_20260107_translated_20260117.adapted.csv;HSD=hns_bob_tlds.csv,2026-05-15T21:54:27,False
xn--6stqm,,,False,,,,,22catchall,False,active,2026-05-15,2026-05-15,SS=hns_ss-export-tld.20251226_20260107_translated_20260117.adapted.csv;HSD=hns_bob_tlds.csv,2026-05-15T21:54:27,False
xn--6tuu7b,,,False,,,,,22catchall,False,active,2026-05-15,2026-05-15,SS=hns_ss-export-tld.20251226_20260107_translated_20260117.adapted.csv;HSD=hns_bob_tlds.csv,2026-05-15T21:54:27,False
xn--6yde4vwt,,,False,,,,,22catchall,False,active,2026-05-15,2026-05-15,SS=hns_ss-export-tld.20251226_20260107_translated_20260117.adapted.csv;HSD=hns_bob_tlds.csv,2026-05-15T21:54:27,False
xn--7-636b,,,False,,,,,22catchall,False,active,2026-05-15,2026-05-15,SS=hns_ss-export-tld.20251226_20260107_translated_20260117.adapted.csv;HSD=hns_bob_tlds.csv,2026-05-15T21:54:27,False
xn--75gy1u,,,False,PUNY_IDNA,❤↔,"Letters + HEAVY BLACK HEART, LEFT RIGHT ARROW",,22catchall,False,active,2026-05-15,2026-05-15,SS=hns_ss-export-tld.20251226_20260107_translated_20260117.adapted.csv;HSD=hns_bob_tlds.csv,2026-05-15T21:54:27,False
xn--7bi2588mba,,,False,,,,,tim4sk,False,active,2026-05-15,2026-05-15,SS=hns_ss-export-tld.20251226_20260107_translated_20260117.adapted.csv;HSD=hns_bob_tlds.csv,2026-05-15T21:54:27,False
xn--7bi5154e9pxg,,,False,,,,,tim4sk,False,active,2026-05-15,2026-05-15,SS=hns_ss-export-tld.20251226_20260107_translated_20260117.adapted.csv;HSD=hns_bob_tlds.csv,2026-05-15T21:54:27,False
xn--7biw910n,,,False,PUNY_IDNA,🤏✌,"Letters + PINCHING HAND, VICTORY HAND",,22catchall,False,active,2026-05-15,2026-05-15,SS=hns_ss-export-tld.20251226_20260107_translated_20260117.adapted.csv;HSD=hns_bob_tlds.csv,2026-05-15T21:54:27,False
xn--7dbev,,,False,,,,,22catchall,False,active,2026-05-15,2026-05-15,SS=hns_ss-export-tld.20251226_20260107_translated_20260117.adapted.csv;HSD=hns_bob_tlds.csv,2026-05-15T21:54:27,False
xn--7dvr85a,,,False,,,,,22catchall,False,active,2026-05-15,2026-05-15,SS=hns_ss-export-tld.20251226_20260107_translated_20260117.adapted.csv;HSD=hns_bob_tlds.csv,2026-05-15T21:54:27,False
xn--7et36u,,,False,,,,,22catchall,False,active,2026-05-15,2026-05-15,SS=hns_ss-export-tld.20251226_20260107_translated_20260117.adapted.csv;HSD=hns_bob_tlds.csv,2026-05-15T21:54:27,False
xn--7gqu0nv9fxx4d,,,False,,,,,22catchall,False,active,2026-05-15,2026-05-15,SS=hns_ss-export-tld.20251226_20260107_translated_20260117.adapted.csv;HSD=hns_bob_tlds.csv,2026-05-15T21:54:27,False
xn--7hvv09b,,,False,,,,,22catchall,False,active,2026-05-15,2026-05-15,SS=hns_ss-export-tld.20251226_20260107_translated_20260117.adapted.csv;HSD=hns_bob_tlds.csv,2026-05-15T21:54:27,False
xn--7j8hfxq0i,,,False,,,,,22catchall,False,active,2026-05-15,2026-05-15,SS=hns_ss-export-tld.20251226_20260107_translated_20260117.adapted.csv;HSD=hns_bob_tlds.csv,2026-05-15T21:54:27,False
xn--7n8hvi,,,False,,,,,22catchall,False,active,2026-05-15,2026-05-15,SS=hns_ss-export-tld.20251226_20260107_translated_20260117.adapted.csv;HSD=hns_bob_tlds.csv,2026-05-15T21:54:27,False
xn--7o8hd,,,False,PUNY_IDNA,🐵🐳,"Letters + MONKEY FACE, SPOUTING WHALE",,22catchall,False,active,2026-05-15,2026-05-15,SS=hns_ss-export-tld.20251226_20260107_translated_20260117.adapted.csv;HSD=hns_bob_tlds.csv,2026-05-15T21:54:27,False
xn--7or316ba,,,False,,,,,22catchall,False,active,2026-05-15,2026-05-15,SS=hns_ss-export-tld.20251226_20260107_translated_20260117.adapted.csv;HSD=hns_bob_tlds.csv,2026-05-15T21:54:27,False
xn--7or33cz1i,,,False,,,,,22catchall,False,active,2026-05-15,2026-05-15,SS=hns_ss-export-tld.20251226_20260107_translated_20260117.adapted.csv;HSD=hns_bob_tlds.csv,2026-05-15T21:54:27,False
xn--8-636b,,,False,,,,,22catchall,False,active,2026-05-15,2026-05-15,SS=hns_ss-export-tld.20251226_20260107_translated_20260117.adapted.csv;HSD=hns_bob_tlds.csv,2026-05-15T21:54:27,False
xn--80aa6ac2h,,,False,,,,,tim4sk,False,active,2026-05-15,2026-05-15,SS=hns_ss-export-tld.20251226_20260107_translated_20260117.adapted.csv;HSD=hns_bob_tlds.csv,2026-05-15T21:54:27,False
xn--80aab1b7ctb,,,False,"PUNY_IDNA,Cyrillic",бацька,Cyrillic (Russian/Ukrainian),father,22catchall,False,active,2026-05-15,2026-05-15,SS=hns_ss-export-tld.20251226_20260107_translated_20260117.adapted.csv;HSD=hns_bob_tlds.csv,2026-05-15T21:54:27,False
xn--80aab1h,,,False,"PUNY_IDNA,Cyrillic",баща,Cyrillic (Russian/Ukrainian),father,22catchall,False,active,2026-05-15,2026-05-15,SS=hns_ss-export-tld.20251226_20260107_translated_20260117.adapted.csv;HSD=hns_bob_tlds.csv,2026-05-15T21:54:27,False
xn--80aag,,,False,"PUNY_IDNA,Cyrillic",аав,Cyrillic (Russian/Ukrainian),father,22catchall,False,active,2026-05-15,2026-05-15,SS=hns_ss-export-tld.20251226_20260107_translated_20260117.adapted.csv;HSD=hns_bob_tlds.csv,2026-05-15T21:54:27,False
xn--80aal6bi,,,False,"PUNY_IDNA,Cyrillic",падар,Cyrillic (Russian/Ukrainian),father,22catchall,False,active,2026-05-15,2026-05-15,SS=hns_ss-export-tld.20251226_20260107_translated_20260117.adapted.csv;HSD=hns_bob_tlds.csv,2026-05-15T21:54:27,False
xn--80aaq9bh,,,False,"PUNY_IDNA,Cyrillic",ужаса,Cyrillic (Russian/Ukrainian),horror,22catchall,False,active,2026-05-15,2026-05-15,SS=hns_ss-export-tld.20251226_20260107_translated_20260117.adapted.csv;HSD=hns_bob_tlds.csv,2026-05-15T21:54:27,False
xn--80aaty1a,,,False,"PUNY_IDNA,Cyrillic",знаат,Cyrillic (Russian/Ukrainian),they know,22catchall,False,active,2026-05-15,2026-05-15,SS=hns_ss-export-tld.20251226_20260107_translated_20260117.adapted.csv;HSD=hns_bob_tlds.csv,2026-05-15T21:54:27,False
xn--80ab2aqs4d,,,False,"PUNY_IDNA,Cyrillic",батько,Cyrillic (Russian/Ukrainian),father,22catchall,False,active,2026-05-15,2026-05-15,SS=hns_ss-export-tld.20251226_20260107_translated_20260117.adapted.csv;HSD=hns_bob_tlds.csv,2026-05-15T21:54:27,False
xn--80af6aaljmg3h1c,,,False,,,,,tim4sk,False,active,2026-05-15,2026-05-15,SS=hns_ss-export-tld.20251226_20260107_translated_20260117.adapted.csv;HSD=hns_bob_tlds.csv,2026-05-15T21:54:27,False
xn--80afoini,,,False,,,,,tim4sk,False,active,2026-05-15,2026-05-15,SS=hns_ss-export-tld.20251226_20260107_translated_20260117.adapted.csv;HSD=hns_bob_tlds.csv,2026-05-15T21:54:27,False
xn--80afpisy,,,False,,,,,tim4sk,False,active,2026-05-15,2026-05-15,SS=hns_ss-export-tld.20251226_20260107_translated_20260117.adapted.csv;HSD=hns_bob_tlds.csv,2026-05-15T21:54:27,False
xn--80ahyzc1d,,,False,,,,,22catchall,False,active,2026-05-15,2026-05-15,SS=hns_ss-export-tld.20251226_20260107_translated_20260117.adapted.csv;HSD=hns_bob_tlds.csv,2026-05-15T21:54:27,False
xn--80amepv,,,False,,,,,tim4sk,False,active,2026-05-15,2026-05-15,SS=hns_ss-export-tld.20251226_20260107_translated_20260117.adapted.csv;HSD=hns_bob_tlds.csv,2026-05-15T21:54:27,False
xn--80apmj,,,False,"PUNY_IDNA,Cyrillic",имао,Cyrillic (Russian/Ukrainian),had,22catchall,False,active,2026-05-15,2026-05-15,SS=hns_ss-export-tld.20251226_20260107_translated_20260117.adapted.csv;HSD=hns_bob_tlds.csv,2026-05-15T21:54:27,False
xn--80auevl,,,False,"PUNY_IDNA,Cyrillic",маску,Cyrillic (Russian/Ukrainian),mask,22catchall,False,active,2026-05-15,2026-05-15,SS=hns_ss-export-tld.20251226_20260107_translated_20260117.adapted.csv;HSD=hns_bob_tlds.csv,2026-05-15T21:54:27,False
xn--81b9a9b,,,False,,,,,22catchall,False,active,2026-05-15,2026-05-15,SS=hns_ss-export-tld.20251226_20260107_translated_20260117.adapted.csv;HSD=hns_bob_tlds.csv,2026-05-15T21:54:27,False
xn--832a,,,False,,,,,h4ndsh4k,False,active,2026-05-15,2026-05-15,SS=hns_ss-export-tld.20251226_20260107_translated_20260117.adapted.csv;HSD=hns_bob_tlds.csv,2026-05-15T21:54:27,False
xn--85a200k,,,False,,,,,tim4sk,False,active,2026-05-15,2026-05-15,SS=hns_ss-export-tld.20251226_20260107_translated_20260117.adapted.csv;HSD=hns_bob_tlds.csv,2026-05-15T21:54:27,False
xn--85bhk3j,,,False,PUNY_IDNA,বন্য,"Letters + BENGALI LETTER BA, BENGALI LETTER NA, BENGALI SIGN VIRAMA, BENGALI LETTER YA",the wild,22catchall,False,active,2026-05-15,2026-05-15,SS=hns_ss-export-tld.20251226_20260107_translated_20260117.adapted.csv;HSD=hns_bob_tlds.csv,2026-05-15T21:54:27,False
xn--88j6eta,,,False,"PUNY_IDNA,Japanese",をする,Japanese,do,22catchall,False,active,2026-05-15,2026-05-15,SS=hns_ss-export-tld.20251226_20260107_translated_20260117.adapted.csv;HSD=hns_bob_tlds.csv,2026-05-15T21:54:27,False
xn--8biw468m,,,False,PUNY_IDNA,✍💅,"Letters + WRITING HAND, NAIL POLISH",,22catchall,False,active,2026-05-15,2026-05-15,SS=hns_ss-export-tld.20251226_20260107_translated_20260117.adapted.csv;HSD=hns_bob_tlds.csv,2026-05-15T21:54:27,False
xn--8o8h7f,,,False,,,,,22catchall,False,active,2026-05-15,2026-05-15,SS=hns_ss-export-tld.20251226_20260107_translated_20260117.adapted.csv;HSD=hns_bob_tlds.csv,2026-05-15T21:54:27,False
xn--8o8h8f,,,False,,,,,22catchall,False,active,2026-05-15,2026-05-15,SS=hns_ss-export-tld.20251226_20260107_translated_20260117.adapted.csv;HSD=hns_bob_tlds.csv,2026-05-15T21:54:27,False
xn--8o8hfg,,,False,,,,,22catchall,False,active,2026-05-15,2026-05-15,SS=hns_ss-export-tld.20251226_20260107_translated_20260117.adapted.csv;HSD=hns_bob_tlds.csv,2026-05-15T21:54:27,False
xn--8o8hgg,,,False,,,,,22catchall,False,active,2026-05-15,2026-05-15,SS=hns_ss-export-tld.20251226_20260107_translated_20260117.adapted.csv;HSD=hns_bob_tlds.csv,2026-05-15T21:54:27,False
xn--8o8hug,,,False,,,,,22catchall,False,active,2026-05-15,2026-05-15,SS=hns_ss-export-tld.20251226_20260107_translated_20260117.adapted.csv;HSD=hns_bob_tlds.csv,2026-05-15T21:54:27,False
xn--8pr851fjxg,,,False,,,,,22catchall,False,active,2026-05-15,2026-05-15,SS=hns_ss-export-tld.20251226_20260107_translated_20260117.adapted.csv;HSD=hns_bob_tlds.csv,2026-05-15T21:54:27,False
xn--8prq6v,,,False,,,,,22catchall,False,active,2026-05-15,2026-05-15,SS=hns_ss-export-tld.20251226_20260107_translated_20260117.adapted.csv;HSD=hns_bob_tlds.csv,2026-05-15T21:54:27,False
xn--8pvt78h,,,False,,,,,tim4sk,False,active,2026-05-15,2026-05-15,SS=hns_ss-export-tld.20251226_20260107_translated_20260117.adapted.csv;HSD=hns_bob_tlds.csv,2026-05-15T21:54:27,False
xn--8ws770h,,,False,,,,,timaxau,False,active,2026-05-15,2026-05-15,SS=hns_ss-export-tld.20251226_20260107_translated_20260117.adapted.csv;HSD=hns_bob_tlds.csv,2026-05-15T21:54:27,False
xn--9-636b,,,False,,,,,22catchall,False,active,2026-05-15,2026-05-15,SS=hns_ss-export-tld.20251226_20260107_translated_20260117.adapted.csv;HSD=hns_bob_tlds.csv,2026-05-15T21:54:27,False
xn--93d8bwl,,,False,,,,,22catchall,False,active,2026-05-15,2026-05-15,SS=hns_ss-export-tld.20251226_20260107_translated_20260117.adapted.csv;HSD=hns_bob_tlds.csv,2026-05-15T21:54:27,False
xn--94qv64c,,,False,"PUNY_IDNA,CJK",未免,Chinese/Japanese/Korean,Unavoidable,22catchall,False,active,2026-05-15,2026-05-15,SS=hns_ss-export-tld.20251226_20260107_translated_20260117.adapted.csv;HSD=hns_bob_tlds.csv,2026-05-15T21:54:27,False
xn--98h1888m,,,False,,,,,tim4sk,False,active,2026-05-15,2026-05-15,SS=hns_ss-export-tld.20251226_20260107_translated_20260117.adapted.csv;HSD=hns_bob_tlds.csv,2026-05-15T21:54:27,False
xn--98h2529m,,,False,PUNY_IDNA,😍⛈,"Letters + SMILING FACE WITH HEART-SHAPED EYES, THUNDER CLOUD AND RAIN",,22catchall,False,active,2026-05-15,2026-05-15,SS=hns_ss-export-tld.20251226_20260107_translated_20260117.adapted.csv;HSD=hns_bob_tlds.csv,2026-05-15T21:54:27,False
xn--9dbr0a,,,False,"PUNY_IDNA,Hebrew",קמו,Hebrew,get up,22catchall,False,active,2026-05-15,2026-05-15,SS=hns_ss-export-tld.20251226_20260107_translated_20260117.adapted.csv;HSD=hns_bob_tlds.csv,2026-05-15T21:54:27,False
xn--9g8hht,,,False,,,,,22catchall,False,active,2026-05-15,2026-05-15,SS=hns_ss-export-tld.20251226_20260107_translated_20260117.adapted.csv;HSD=hns_bob_tlds.csv,2026-05-15T21:54:27,False
xn--9hcd8cb,,,False,PUNY_IDNA,ବାପା,"Letters + ORIYA LETTER BA, ORIYA VOWEL SIGN AA, ORIYA LETTER PA, ORIYA VOWEL SIGN AA",father,22catchall,False,active,2026-05-15,2026-05-15,SS=hns_ss-export-tld.20251226_20260107_translated_20260117.adapted.csv;HSD=hns_bob_tlds.csv,2026-05-15T21:54:27,False
xn--9hq5kk73n,,,False,,,,,22catchall,False,active,2026-05-15,2026-05-15,SS=hns_ss-export-tld.20251226_20260107_translated_20260117.adapted.csv;HSD=hns_bob_tlds.csv,2026-05-15T21:54:27,False
xn--9j8hn4b,,,False,,,,,22catchall,False,active,2026-05-15,2026-05-15,SS=hns_ss-export-tld.20251226_20260107_translated_20260117.adapted.csv;HSD=hns_bob_tlds.csv,2026-05-15T21:54:27,False
xn--9j8ho4b,,,False,,,,,22catchall,False,active,2026-05-15,2026-05-15,SS=hns_ss-export-tld.20251226_20260107_translated_20260117.adapted.csv;HSD=hns_bob_tlds.csv,2026-05-15T21:54:27,False
xn--9my252c,,,False,,,,,22catchall,False,active,2026-05-15,2026-05-15,SS=hns_ss-export-tld.20251226_20260107_translated_20260117.adapted.csv;HSD=hns_bob_tlds.csv,2026-05-15T21:54:27,False
xn--9n8hpt,,,False,PUNY_IDNA,🕊🐒,"Letters + DOVE OF PEACE, MONKEY",,22catchall,False,active,2026-05-15,2026-05-15,SS=hns_ss-export-tld.20251226_20260107_translated_20260117.adapted.csv;HSD=hns_bob_tlds.csv,2026-05-15T21:54:27,False
xn--9na9hz85fpa,,,False,,,,,tim4sk,False,active,2026-05-15,2026-05-15,SS=hns_ss-export-tld.20251226_20260107_translated_20260117.adapted.csv;HSD=hns_bob_tlds.csv,2026-05-15T21:54:27,False
xn--9o8h12a,,,False,PUNY_IDNA,😃🐵,SMILING FACE WITH OPEN MOUTH + MONKEY FACE,,22catchall,False,active,2026-05-15,2026-05-15,SS=hns_ss-export-tld.20251226_20260107_translated_20260117.adapted.csv;HSD=hns_bob_tlds.csv,2026-05-15T21:54:27,False
xn--9o8hkhx1j,,,False,PUNY_IDNA,🐵🤝💪,"Letters + MONKEY FACE, HANDSHAKE, FLEXED BICEPS",,22catchall,False,active,2026-05-15,2026-05-15,SS=hns_ss-export-tld.20251226_20260107_translated_20260117.adapted.csv;HSD=hns_bob_tlds.csv,2026-05-15T21:54:27,False
xn--9o8hqe95ck0epa,,,False,PUNY_IDNA,🐵🙃🤓🤖👽,"Letters + MONKEY FACE, UPSIDE-DOWN FACE, NERD FACE, ROBOT FACE, EXTRATERRESTRIAL ALIEN",,22catchall,False,active,2026-05-15,2026-05-15,SS=hns_ss-export-tld.20251226_20260107_translated_20260117.adapted.csv;HSD=hns_bob_tlds.csv,2026-05-15T21:54:27,False
xn--9o8hqe95ck0eqa,,,False,PUNY_IDNA,🐵🙃🤓👽🤖,"Letters + MONKEY FACE, UPSIDE-DOWN FACE, NERD FACE, EXTRATERRESTRIAL ALIEN, ROBOT FACE",,22catchall,False,active,2026-05-15,2026-05-15,SS=hns_ss-export-tld.20251226_20260107_translated_20260117.adapted.csv;HSD=hns_bob_tlds.csv,2026-05-15T21:54:27,False
xn--9wd6jmgsx,,,False,,,,,22catchall,False,active,2026-05-15,2026-05-15,SS=hns_ss-export-tld.20251226_20260107_translated_20260117.adapted.csv;HSD=hns_bob_tlds.csv,2026-05-15T21:54:27,False
xn--ai-on6cx8l,,,False,"PUNY_IDNA,CJK",ai域名,Chinese/Japanese/Korean,ai domain name,22catchall,False,active,2026-05-15,2026-05-15,SS=hns_ss-export-tld.20251226_20260107_translated_20260117.adapted.csv;HSD=hns_bob_tlds.csv,2026-05-15T21:54:27,False
xn--ai-wl03a,,,False,PUNY_IDNA,🤑ai,MONEY-MOUTH FACE + LATIN SMALL LETTER A + LATIN SMALL LETTER I,🤑ai,22catchall,False,active,2026-05-15,2026-05-15,SS=hns_ss-export-tld.20251226_20260107_translated_20260117.adapted.csv;HSD=hns_bob_tlds.csv,2026-05-15T21:54:27,False
xn--alice-yx73d9d,,,False,,,,,timaxau,False,active,2026-05-15,2026-05-15,SS=hns_ss-export-tld.20251226_20260107_translated_20260117.adapted.csv;HSD=hns_bob_tlds.csv,2026-05-15T21:54:27,False
xn--alt,,,False,,,,,tim4sk,False,active,2026-05-15,2026-05-15,SS=hns_ss-export-tld.20251226_20260107_translated_20260117.adapted.csv;HSD=hns_bob_tlds.csv,2026-05-15T21:54:27,False
xn--au-m352akc,,,False,,,,,timaxau,False,active,2026-05-15,2026-05-15,SS=hns_ss-export-tld.20251226_20260107_translated_20260117.adapted.csv;HSD=hns_bob_tlds.csv,2026-05-15T21:54:27,False
xn--audrey-2u34ega,,,False,,,,,tim4sk,False,active,2026-05-15,2026-05-15,SS=hns_ss-export-tld.20251226_20260107_translated_20260117.adapted.csv;HSD=hns_bob_tlds.csv,2026-05-15T21:54:27,False
xn--austrlia-dza,,,False,,,,,timaxau,False,active,2026-05-15,2026-05-15,SS=hns_ss-export-tld.20251226_20260107_translated_20260117.adapted.csv;HSD=hns_bob_tlds.csv,2026-05-15T21:54:27,False
xn--b00bies,,,False,PUNY_IDNA,끙끓끗끝,"Letters + HANGUL SYLLABLE GGEUNG, HANGUL SYLLABLE GGEULH, HANGUL SYLLABLE GGEUS, HANGUL SYLLABLE GGEUT",The end is over,22catchall,False,active,2026-05-15,2026-05-15,SS=hns_ss-export-tld.20251226_20260107_translated_20260117.adapted.csv;HSD=hns_bob_tlds.csv,2026-05-15T21:54:27,False
xn--b1abqa1abor,,,False,,,,,22catchall,False,active,2026-05-15,2026-05-15,SS=hns_ss-export-tld.20251226_20260107_translated_20260117.adapted.csv;HSD=hns_bob_tlds.csv,2026-05-15T21:54:27,False
xn--b1aqlekei,,,False,"PUNY_IDNA,Cyrillic",вотпуск,Cyrillic (Russian/Ukrainian),vacation,22catchall,False,active,2026-05-15,2026-05-15,SS=hns_ss-export-tld.20251226_20260107_translated_20260117.adapted.csv;HSD=hns_bob_tlds.csv,2026-05-15T21:54:27,False
xn--b2wz32c,,,False,,,,,tim4sk,False,active,2026-05-15,2026-05-15,SS=hns_ss-export-tld.20251226_20260107_translated_20260117.adapted.csv;HSD=hns_bob_tlds.csv,2026-05-15T21:54:27,False
xn--b6hgfd,,,False,,,,,22catchall,False,active,2026-05-15,2026-05-15,SS=hns_ss-export-tld.20251226_20260107_translated_20260117.adapted.csv;HSD=hns_bob_tlds.csv,2026-05-15T21:54:27,False
xn--b6hggb,,,False,,,,,tim4sk,False,active,2026-05-15,2026-05-15,SS=hns_ss-export-tld.20251226_20260107_translated_20260117.adapted.csv;HSD=hns_bob_tlds.csv,2026-05-15T21:54:27,False
xn--b6hggd,,,False,,,,,22catchall,False,active,2026-05-15,2026-05-15,SS=hns_ss-export-tld.20251226_20260107_translated_20260117.adapted.csv;HSD=hns_bob_tlds.csv,2026-05-15T21:54:27,False
xn--b6hgge,,,False,,,,,22catchall,False,active,2026-05-15,2026-05-15,SS=hns_ss-export-tld.20251226_20260107_translated_20260117.adapted.csv;HSD=hns_bob_tlds.csv,2026-05-15T21:54:27,False
xn--beachlife-u355h,,,False,,,,,22catchall,False,active,2026-05-15,2026-05-15,SS=hns_ss-export-tld.20251226_20260107_translated_20260117.adapted.csv;HSD=hns_bob_tlds.csv,2026-05-15T21:54:27,False
xn--bh8ha96t,,,False,,,,,tim4sk,False,active,2026-05-15,2026-05-15,SS=hns_ss-export-tld.20251226_20260107_translated_20260117.adapted.csv;HSD=hns_bob_tlds.csv,2026-05-15T21:54:27,False
xn--bm3bt36b,,,False,,,,,k1f,False,active,2026-05-15,2026-05-15,SS=hns_ss-export-tld.20251226_20260107_translated_20260117.adapted.csv;HSD=hns_bob_tlds.csv,2026-05-15T21:54:27,False
xn--bo8h04a,,,False,,,,,22catchall,False,active,2026-05-15,2026-05-15,SS=hns_ss-export-tld.20251226_20260107_translated_20260117.adapted.csv;HSD=hns_bob_tlds.csv,2026-05-15T21:54:27,False
xn--bo8hf5a,,,False,,,,,22catchall,False,active,2026-05-15,2026-05-15,SS=hns_ss-export-tld.20251226_20260107_translated_20260117.adapted.csv;HSD=hns_bob_tlds.csv,2026-05-15T21:54:27,False
xn--bp8h6f,,,False,,,,,m1f,False,active,2026-05-15,2026-05-15,SS=hns_ss-export-tld.20251226_20260107_translated_20260117.adapted.csv;HSD=hns_bob_tlds.csv,2026-05-15T21:54:27,False
xn--cb7ba,,,False,,,,,tim4sk,False,active,2026-05-15,2026-05-15,SS=hns_ss-export-tld.20251226_20260107_translated_20260117.adapted.csv;HSD=hns_bob_tlds.csv,2026-05-15T21:54:27,False
xn--cde-ho6a,,,False,PUNY_IDNA,c❄de,Letters + SNOWFLAKE,c❄de,22catchall,False,active,2026-05-15,2026-05-15,SS=hns_ss-export-tld.20251226_20260107_translated_20260117.adapted.csv;HSD=hns_bob_tlds.csv,2026-05-15T21:54:27,False
xn--cee,,,False,,,,,timaxau,False,active,2026-05-15,2026-05-15,SS=hns_ss-export-tld.20251226_20260107_translated_20260117.adapted.csv;HSD=hns_bob_tlds.csv,2026-05-15T21:54:27,False
xn--cekaa,,,False,"PUNY_IDNA,Japanese",ヨヨヨ,Japanese,Yoyoyo,22catchall,False,active,2026-05-15,2026-05-15,SS=hns_ss-export-tld.20251226_20260107_translated_20260117.adapted.csv;HSD=hns_bob_tlds.csv,2026-05-15T21:54:27,False
xn--cest9bgz1cspx,,,False,,,,,22catchall,False,active,2026-05-15,2026-05-15,SS=hns_ss-export-tld.20251226_20260107_translated_20260117.adapted.csv;HSD=hns_bob_tlds.csv,2026-05-15T21:54:27,False
xn--cest9bgz1cwhh,,,False,,,,,22catchall,False,active,2026-05-15,2026-05-15,SS=hns_ss-export-tld.20251226_20260107_translated_20260117.adapted.csv;HSD=hns_bob_tlds.csv,2026-05-15T21:54:27,False
xn--cet63e,,,False,,,,,h4ndsh4k,False,active,2026-05-15,2026-05-15,SS=hns_ss-export-tld.20251226_20260107_translated_20260117.adapted.csv;HSD=hns_bob_tlds.csv,2026-05-15T21:54:27,False
xn--cgtp7q,,,False,,,,,22catchall,False,active,2026-05-15,2026-05-15,SS=hns_ss-export-tld.20251226_20260107_translated_20260117.adapted.csv;HSD=hns_bob_tlds.csv,2026-05-15T21:54:27,False
xn--cgu63x,,,False,,,,,22catchall,False,active,2026-05-15,2026-05-15,SS=hns_ss-export-tld.20251226_20260107_translated_20260117.adapted.csv;HSD=hns_bob_tlds.csv,2026-05-15T21:54:27,False
xn--chq2c4jaa705e,,,False,"PUNY_IDNA,CJK",十万个买买买,Chinese/Japanese/Korean,One hundred thousand buy buy buy,22catchall,False,active,2026-05-15,2026-05-15,SS=hns_ss-export-tld.20251226_20260107_translated_20260117.adapted.csv;HSD=hns_bob_tlds.csv,2026-05-15T21:54:27,False
xn--cjzu29a3zn,,,False,"PUNY_IDNA,CJK",黑神话,Chinese/Japanese/Korean,black myth,22catchall,False,active,2026-05-15,2026-05-15,SS=hns_ss-export-tld.20251226_20260107_translated_20260117.adapted.csv;HSD=hns_bob_tlds.csv,2026-05-15T21:54:27,False
xn--cloud,,,False,,,,,22catchall,False,active,2026-05-15,2026-05-15,SS=hns_ss-export-tld.20251226_20260107_translated_20260117.adapted.csv;HSD=hns_bob_tlds.csv,2026-05-15T21:54:27,False
xn--cmr372e,,,False,,,,,22catchall,False,active,2026-05-15,2026-05-15,SS=hns_ss-export-tld.20251226_20260107_translated_20260117.adapted.csv;HSD=hns_bob_tlds.csv,2026-05-15T21:54:27,False
xn--co2as1x,,,False,,,,,22catchall,False,active,2026-05-15,2026-05-15,SS=hns_ss-export-tld.20251226_20260107_translated_20260117.adapted.csv;HSD=hns_bob_tlds.csv,2026-05-15T21:54:27,False
xn--cr8hth,,,False,PUNY_IDNA,📷👽,"Letters + CAMERA, EXTRATERRESTRIAL ALIEN",,22catchall,False,active,2026-05-15,2026-05-15,SS=hns_ss-export-tld.20251226_20260107_translated_20260117.adapted.csv;HSD=hns_bob_tlds.csv,2026-05-15T21:54:27,False
xn--crabs-kh74d,,,False,,,,,22catchall,False,active,2026-05-15,2026-05-15,SS=hns_ss-export-tld.20251226_20260107_translated_20260117.adapted.csv;HSD=hns_bob_tlds.csv,2026-05-15T21:54:27,False
xn--cyberpunk,,,False,,,,,22catchall,False,active,2026-05-15,2026-05-15,SS=hns_ss-export-tld.20251226_20260107_translated_20260117.adapted.csv;HSD=hns_bob_tlds.csv,2026-05-15T21:54:27,False
xn--cz8h83e,,,False,,,,,k1f,False,active,2026-05-15,2026-05-15,SS=hns_ss-export-tld.20251226_20260107_translated_20260117.adapted.csv;HSD=hns_bob_tlds.csv,2026-05-15T21:54:27,False
xn--cz8ha61y,,,False,PUNY_IDNA,🖕🤚🖕,"Letters + REVERSED HAND WITH MIDDLE FINGER EXTENDED, RAISED BACK OF HAND, REVERSED HAND WITH MIDDLE FINGER EXTENDED",,22catchall,False,active,2026-05-15,2026-05-15,SS=hns_ss-export-tld.20251226_20260107_translated_20260117.adapted.csv;HSD=hns_bob_tlds.csv,2026-05-15T21:54:27,False
xn--cz8ha914a,,,False,PUNY_IDNA,🖕🧣🖕,"Letters + REVERSED HAND WITH MIDDLE FINGER EXTENDED, SCARF, REVERSED HAND WITH MIDDLE FINGER EXTENDED",,22catchall,False,active,2026-05-15,2026-05-15,SS=hns_ss-export-tld.20251226_20260107_translated_20260117.adapted.csv;HSD=hns_bob_tlds.csv,2026-05-15T21:54:27,False
xn--d1aeyma,,,False,,,,,tim4sk,False,active,2026-05-15,2026-05-15,SS=hns_ss-export-tld.20251226_20260107_translated_20260117.adapted.csv;HSD=hns_bob_tlds.csv,2026-05-15T21:54:27,False
xn--d4x91d,,,False,,,,,tim4sk,False,active,2026-05-15,2026-05-15,SS=hns_ss-export-tld.20251226_20260107_translated_20260117.adapted.csv;HSD=hns_bob_tlds.csv,2026-05-15T21:54:27,False
xn--d9b4ae0a3gef,,,False,PUNY_IDNA,ਦੀਕਿਤਾਬ,"Letters + GURMUKHI LETTER DA, GURMUKHI VOWEL SIGN II, GURMUKHI LETTER KA, GURMUKHI VOWEL SIGN I, GURMUKHI LETTER TA, GURMUKHI VOWEL SIGN AA, GURMUKHI LETTER BA",the book,22catchall,False,active,2026-05-15,2026-05-15,SS=hns_ss-export-tld.20251226_20260107_translated_20260117.adapted.csv;HSD=hns_bob_tlds.csv,2026-05-15T21:54:27,False
xn--dck9ctd,,,False,,,,,tim4sk,False,active,2026-05-15,2026-05-15,SS=hns_ss-export-tld.20251226_20260107_translated_20260117.adapted.csv;HSD=hns_bob_tlds.csv,2026-05-15T21:54:27,False
xn--dis,,,False,,,,,22catchall,False,active,2026-05-15,2026-05-15,SS=hns_ss-export-tld.20251226_20260107_translated_20260117.adapted.csv;HSD=hns_bob_tlds.csv,2026-05-15T21:54:27,False
xn--dnfotoraf-q9aa33bga9w,,,False,,,,,tim4sk,False,active,2026-05-15,2026-05-15,SS=hns_ss-export-tld.20251226_20260107_translated_20260117.adapted.csv;HSD=hns_bob_tlds.csv,2026-05-15T21:54:27,False
xn--do8hmj,,,False,,,,,m1f,False,active,2026-05-15,2026-05-15,SS=hns_ss-export-tld.20251226_20260107_translated_20260117.adapted.csv;HSD=hns_bob_tlds.csv,2026-05-15T21:54:27,False
xn--dpqaaa,,,False,,,,,22catchall,False,active,2026-05-15,2026-05-15,SS=hns_ss-export-tld.20251226_20260107_translated_20260117.adapted.csv;HSD=hns_bob_tlds.csv,2026-05-15T21:54:27,False
xn--dux-u19a,,,False,PUNY_IDNA,⭐dux,WHITE MEDIUM STAR + LATIN SMALL LETTER D + LATIN SMALL LETTER U + LATIN SMALL LETTER X,⭐dux,22catchall,False,active,2026-05-15,2026-05-15,SS=hns_ss-export-tld.20251226_20260107_translated_20260117.adapted.csv;HSD=hns_bob_tlds.csv,2026-05-15T21:54:27,False
xn--dv8h16e,,,False,PUNY_IDNA,🦘🔊,"Letters + KANGAROO, SPEAKER WITH THREE SOUND WAVES",,22catchall,False,active,2026-05-15,2026-05-15,SS=hns_ss-export-tld.20251226_20260107_translated_20260117.adapted.csv;HSD=hns_bob_tlds.csv,2026-05-15T21:54:27,False
xn--dv8hj8e,,,False,PUNY_IDNA,🦯🔊,"Letters + PROBING CANE, SPEAKER WITH THREE SOUND WAVES",,22catchall,False,active,2026-05-15,2026-05-15,SS=hns_ss-export-tld.20251226_20260107_translated_20260117.adapted.csv;HSD=hns_bob_tlds.csv,2026-05-15T21:54:27,False
xn--dv8hk8e,,,False,PUNY_IDNA,🔊🦯,"Letters + SPEAKER WITH THREE SOUND WAVES, PROBING CANE",,22catchall,False,active,2026-05-15,2026-05-15,SS=hns_ss-export-tld.20251226_20260107_translated_20260117.adapted.csv;HSD=hns_bob_tlds.csv,2026-05-15T21:54:27,False
xn--dv8hx3g,,,False,,,,,k1f,False,active,2026-05-15,2026-05-15,SS=hns_ss-export-tld.20251226_20260107_translated_20260117.adapted.csv;HSD=hns_bob_tlds.csv,2026-05-15T21:54:27,False
xn--dv8hy3g,,,False,,,,,k1f,False,active,2026-05-15,2026-05-15,SS=hns_ss-export-tld.20251226_20260107_translated_20260117.adapted.csv;HSD=hns_bob_tlds.csv,2026-05-15T21:54:27,False
xn--dvso25e,,,False,"PUNY_IDNA,CJK",妄祁,Chinese/Japanese/Korean,Wanqi,22catchall,False,active,2026-05-15,2026-05-15,SS=hns_ss-export-tld.20251226_20260107_translated_20260117.adapted.csv;HSD=hns_bob_tlds.csv,2026-05-15T21:54:27,False
xn--e18h0m,,,False,PUNY_IDNA,🗝🚪,"Letters + OLD KEY, DOOR",,22catchall,False,active,2026-05-15,2026-05-15,SS=hns_ss-export-tld.20251226_20260107_translated_20260117.adapted.csv;HSD=hns_bob_tlds.csv,2026-05-15T21:54:27,False
xn--e1afbog,,,False,,,,,22catchall,False,active,2026-05-15,2026-05-15,SS=hns_ss-export-tld.20251226_20260107_translated_20260117.adapted.csv;HSD=hns_bob_tlds.csv,2026-05-15T21:54:27,False
xn--e1apa9c,,,False,,,,,22catchall,False,active,2026-05-15,2026-05-15,SS=hns_ss-export-tld.20251226_20260107_translated_20260117.adapted.csv;HSD=hns_bob_tlds.csv,2026-05-15T21:54:27,False
xn--e1apl,,,False,"PUNY_IDNA,Cyrillic",сне,Cyrillic (Russian/Ukrainian),dream,22catchall,False,active,2026-05-15,2026-05-15,SS=hns_ss-export-tld.20251226_20260107_translated_20260117.adapted.csv;HSD=hns_bob_tlds.csv,2026-05-15T21:54:27,False
xn--e1ar1a,,,False,"PUNY_IDNA,Cyrillic",оче,Cyrillic (Russian/Ukrainian),father,22catchall,False,active,2026-05-15,2026-05-15,SS=hns_ss-export-tld.20251226_20260107_translated_20260117.adapted.csv;HSD=hns_bob_tlds.csv,2026-05-15T21:54:27,False
xn--e28hp1d,,,False,,,,,22catchall,False,active,2026-05-15,2026-05-15,SS=hns_ss-export-tld.20251226_20260107_translated_20260117.adapted.csv;HSD=hns_bob_tlds.csv,2026-05-15T21:54:27,False
xn--e2b8ah9b,,,False,"PUNY_IDNA,Hindi",वडील,Devanagari (Hindi),father,22catchall,False,active,2026-05-15,2026-05-15,SS=hns_ss-export-tld.20251226_20260107_translated_20260117.adapted.csv;HSD=hns_bob_tlds.csv,2026-05-15T21:54:27,False
xn--e5h3430ozbd,,,False,,,,,22catchall,False,active,2026-05-15,2026-05-15,SS=hns_ss-export-tld.20251226_20260107_translated_20260117.adapted.csv;HSD=hns_bob_tlds.csv,2026-05-15T21:54:27,False
xn--e5h7270o,,,False,PUNY_IDNA,😃♀,"Letters + SMILING FACE WITH OPEN MOUTH, FEMALE SIGN",,22catchall,False,active,2026-05-15,2026-05-15,SS=hns_ss-export-tld.20251226_20260107_translated_20260117.adapted.csv;HSD=hns_bob_tlds.csv,2026-05-15T21:54:27,False
xn--e6qp4v,,,False,,,,,22catchall,False,active,2026-05-15,2026-05-15,SS=hns_ss-export-tld.20251226_20260107_translated_20260117.adapted.csv;HSD=hns_bob_tlds.csv,2026-05-15T21:54:27,False
xn--e77hib17r,,,False,,,,,timaxau,False,active,2026-05-15,2026-05-15,SS=hns_ss-export-tld.20251226_20260107_translated_20260117.adapted.csv;HSD=hns_bob_tlds.csv,2026-05-15T21:54:27,False
xn--e77hib249a,,,False,,,,,timaxau,False,active,2026-05-15,2026-05-15,SS=hns_ss-export-tld.20251226_20260107_translated_20260117.adapted.csv;HSD=hns_bob_tlds.csv,2026-05-15T21:54:27,False
xn--e77hib449a,,,False,,,,,22catchall,False,active,2026-05-15,2026-05-15,SS=hns_ss-export-tld.20251226_20260107_translated_20260117.adapted.csv;HSD=hns_bob_tlds.csv,2026-05-15T21:54:27,False
xn--e77hib58k,,,False,,,,,timaxau,False,active,2026-05-15,2026-05-15,SS=hns_ss-export-tld.20251226_20260107_translated_20260117.adapted.csv;HSD=hns_bob_tlds.csv,2026-05-15T21:54:27,False
xn--e77hibv7c,,,False,,,,,22catchall,False,active,2026-05-15,2026-05-15,SS=hns_ss-export-tld.20251226_20260107_translated_20260117.adapted.csv;HSD=hns_bob_tlds.csv,2026-05-15T21:54:27,False
xn--e77hibw9r,,,False,,,,,timaxau,False,active,2026-05-15,2026-05-15,SS=hns_ss-export-tld.20251226_20260107_translated_20260117.adapted.csv;HSD=hns_bob_tlds.csv,2026-05-15T21:54:27,False
xn--e77hibz7r,,,False,,,,,22catchall,False,active,2026-05-15,2026-05-15,SS=hns_ss-export-tld.20251226_20260107_translated_20260117.adapted.csv;HSD=hns_bob_tlds.csv,2026-05-15T21:54:27,False
xn--easy-yga,,,False,,,,,22catchall,False,active,2026-05-15,2026-05-15,SS=hns_ss-export-tld.20251226_20260107_translated_20260117.adapted.csv;HSD=hns_bob_tlds.csv,2026-05-15T21:54:27,False
xn--ect323j,,,False,"PUNY_IDNA,CJK",通宵,Chinese/Japanese/Korean,overnight,22catchall,False,active,2026-05-15,2026-05-15,SS=hns_ss-export-tld.20251226_20260107_translated_20260117.adapted.csv;HSD=hns_bob_tlds.csv,2026-05-15T21:54:27,False
xn--edu,,,False,,,,,22catchall,False,active,2026-05-15,2026-05-15,SS=hns_ss-export-tld.20251226_20260107_translated_20260117.adapted.csv;HSD=hns_bob_tlds.csv,2026-05-15T21:54:27,False
xn--ehq11txq5apbo,,,False,,,,,22catchall,False,active,2026-05-15,2026-05-15,SS=hns_ss-export-tld.20251226_20260107_translated_20260117.adapted.csv;HSD=hns_bob_tlds.csv,2026-05-15T21:54:27,False
xn--ehq45fkxb6w6e,,,False,"PUNY_IDNA,CJK",百八十三,Chinese/Japanese/Korean,One hundred and eighty-three,22catchall,False,active,2026-05-15,2026-05-15,SS=hns_ss-export-tld.20251226_20260107_translated_20260117.adapted.csv;HSD=hns_bob_tlds.csv,2026-05-15T21:54:27,False
xn--ehq997gtsh,,,False,,,,,22catchall,False,active,2026-05-15,2026-05-15,SS=hns_ss-export-tld.20251226_20260107_translated_20260117.adapted.csv;HSD=hns_bob_tlds.csv,2026-05-15T21:54:27,False
xn--ei8hvc,,,False,,,,,dfps,False,active,2026-05-15,2026-05-15,SS=hns_ss-export-tld.20251226_20260107_translated_20260117.adapted.csv;HSD=hns_bob_tlds.csv,2026-05-15T21:54:27,False
xn--eih9625p,,,False,PUNY_IDNA,🚫⌛,"Letters + NO ENTRY SIGN, HOURGLASS",,22catchall,False,active,2026-05-15,2026-05-15,SS=hns_ss-export-tld.20251226_20260107_translated_20260117.adapted.csv;HSD=hns_bob_tlds.csv,2026-05-15T21:54:27,False
xn--em8ht8f,,,False,,,,,22catchall,False,active,2026-05-15,2026-05-15,SS=hns_ss-export-tld.20251226_20260107_translated_20260117.adapted.csv;HSD=hns_bob_tlds.csv,2026-05-15T21:54:27,False
xn--em8hvh,,,False,,,,,m1f,False,active,2026-05-15,2026-05-15,SS=hns_ss-export-tld.20251226_20260107_translated_20260117.adapted.csv;HSD=hns_bob_tlds.csv,2026-05-15T21:54:27,False
xn--em8hzc61p,,,False,PUNY_IDNA,🤚🏽🏐,"Letters + RAISED BACK OF HAND, EMOJI MODIFIER FITZPATRICK TYPE-4, VOLLEYBALL",,22catchall,False,active,2026-05-15,2026-05-15,SS=hns_ss-export-tld.20251226_20260107_translated_20260117.adapted.csv;HSD=hns_bob_tlds.csv,2026-05-15T21:54:27,False
xn--entrs-esa,,,False,PUNY_IDNA,entrés,Letters + LATIN SMALL LETTER E WITH ACUTE,entered,22catchall,False,active,2026-05-15,2026-05-15,SS=hns_ss-export-tld.20251226_20260107_translated_20260117.adapted.csv;HSD=hns_bob_tlds.csv,2026-05-15T21:54:27,False
xn--essp57g,,,False,,,,,22catchall,False,active,2026-05-15,2026-05-15,SS=hns_ss-export-tld.20251226_20260107_translated_20260117.adapted.csv;HSD=hns_bob_tlds.csv,2026-05-15T21:54:27,False
xn--f28h93c,,,False,,,,,tim4sk,False,active,2026-05-15,2026-05-15,SS=hns_ss-export-tld.20251226_20260107_translated_20260117.adapted.csv;HSD=hns_bob_tlds.csv,2026-05-15T21:54:27,False
xn--f77hbd1d,,,False,PUNY_IDNA,🇨🇩🇧🇷,REGIONAL INDICATOR SYMBOL LETTER C + REGIONAL INDICATOR SYMBOL LETTER D + REGIONAL INDICATOR SYMBOL LETTER B + REGIONAL INDICATOR SYMBOL LETTER R,,22catchall,False,active,2026-05-15,2026-05-15,SS=hns_ss-export-tld.20251226_20260107_translated_20260117.adapted.csv;HSD=hns_bob_tlds.csv,2026-05-15T21:54:27,False
xn--f7ix926mzba,,,False,,,,,timaxau,False,active,2026-05-15,2026-05-15,SS=hns_ss-export-tld.20251226_20260107_translated_20260117.adapted.csv;HSD=hns_bob_tlds.csv,2026-05-15T21:54:27,False
xn--f7ix929m,,,False,,,,,22catchall,False,active,2026-05-15,2026-05-15,SS=hns_ss-export-tld.20251226_20260107_translated_20260117.adapted.csv;HSD=hns_bob_tlds.csv,2026-05-15T21:54:27,False
xn--fair-cqa,,,False,,,,,22catchall,False,active,2026-05-15,2026-05-15,SS=hns_ss-export-tld.20251226_20260107_translated_20260117.adapted.csv;HSD=hns_bob_tlds.csv,2026-05-15T21:54:27,False
xn--fcsp16dg6bm6t,,,False,,,,,22catchall,False,active,2026-05-15,2026-05-15,SS=hns_ss-export-tld.20251226_20260107_translated_20260117.adapted.csv;HSD=hns_bob_tlds.csv,2026-05-15T21:54:27,False
xn--fct73wj0lwol,,,False,,,,,22catchall,False,active,2026-05-15,2026-05-15,SS=hns_ss-export-tld.20251226_20260107_translated_20260117.adapted.csv;HSD=hns_bob_tlds.csv,2026-05-15T21:54:27,False
xn--fcv,,,False,,,,,22catchall,False,active,2026-05-15,2026-05-15,SS=hns_ss-export-tld.20251226_20260107_translated_20260117.adapted.csv;HSD=hns_bob_tlds.csv,2026-05-15T21:54:27,False
xn--fhq102n,,,False,"PUNY_IDNA,CJK",迷上,Chinese/Japanese/Korean,obsessed with,22catchall,False,active,2026-05-15,2026-05-15,SS=hns_ss-export-tld.20251226_20260107_translated_20260117.adapted.csv;HSD=hns_bob_tlds.csv,2026-05-15T21:54:27,False
xn--fiq23l18g,,,False,"PUNY_IDNA,CJK",安可中,Chinese/Japanese/Korean,Anka middle school,22catchall,False,active,2026-05-15,2026-05-15,SS=hns_ss-export-tld.20251226_20260107_translated_20260117.adapted.csv;HSD=hns_bob_tlds.csv,2026-05-15T21:54:27,False
xn--fiq241nqud,,,False,"PUNY_IDNA,CJK",中間进,Chinese/Japanese/Korean,Enter in the middle,22catchall,False,active,2026-05-15,2026-05-15,SS=hns_ss-export-tld.20251226_20260107_translated_20260117.adapted.csv;HSD=hns_bob_tlds.csv,2026-05-15T21:54:27,False
xn--fiq73fnvbuz3e,,,False,,,,,22catchall,False,active,2026-05-15,2026-05-15,SS=hns_ss-export-tld.20251226_20260107_translated_20260117.adapted.csv;HSD=hns_bob_tlds.csv,2026-05-15T21:54:27,False
xn--fiq86kg7ekzk,,,False,"PUNY_IDNA,CJK",中央厨房,Chinese/Japanese/Korean,central kitchen,22catchall,False,active,2026-05-15,2026-05-15,SS=hns_ss-export-tld.20251226_20260107_translated_20260117.adapted.csv;HSD=hns_bob_tlds.csv,2026-05-15T21:54:27,False
xn--fiq92vjza28m9wtsyo,,,False,"PUNY_IDNA,CJK",天堂中的平民,Chinese/Japanese/Korean,civilians in heaven,22catchall,False,active,2026-05-15,2026-05-15,SS=hns_ss-export-tld.20251226_20260107_translated_20260117.adapted.csv;HSD=hns_bob_tlds.csv,2026-05-15T21:54:27,False
xn--fiqr1kb8cf1cus5h,,,False,"PUNY_IDNA,CJK",中央警卫团,Chinese/Japanese/Korean,central guard corps,22catchall,False,active,2026-05-15,2026-05-15,SS=hns_ss-export-tld.20251226_20260107_translated_20260117.adapted.csv;HSD=hns_bob_tlds.csv,2026-05-15T21:54:27,False
xn--fiqr1kovf8vfd89d,,,False,"PUNY_IDNA,CJK",中央警卫师,Chinese/Japanese/Korean,Central Guard Division,22catchall,False,active,2026-05-15,2026-05-15,SS=hns_ss-export-tld.20251226_20260107_translated_20260117.adapted.csv;HSD=hns_bob_tlds.csv,2026-05-15T21:54:27,False
xn--fiqrep10a7ue,,,False,"PUNY_IDNA,CJK",学习中国,Chinese/Japanese/Korean,Learn from China,22catchall,False,active,2026-05-15,2026-05-15,SS=hns_ss-export-tld.20251226_20260107_translated_20260117.adapted.csv;HSD=hns_bob_tlds.csv,2026-05-15T21:54:27,False
xn--fiqv4aq9n72e,,,False,,,,,22catchall,False,active,2026-05-15,2026-05-15,SS=hns_ss-export-tld.20251226_20260107_translated_20260117.adapted.csv;HSD=hns_bob_tlds.csv,2026-05-15T21:54:27,False
xn--fish,,,False,,,,,tim4sk,False,active,2026-05-15,2026-05-15,SS=hns_ss-export-tld.20251226_20260107_translated_20260117.adapted.csv;HSD=hns_bob_tlds.csv,2026-05-15T21:54:27,False
xn--flow,,,False,,,,,tim4sk,False,active,2026-05-15,2026-05-15,SS=hns_ss-export-tld.20251226_20260107_translated_20260117.adapted.csv;HSD=hns_bob_tlds.csv,2026-05-15T21:54:27,False
xn--flq,,,False,"PUNY_IDNA,CJK",亖,Chinese/Japanese/Korean,俖,22catchall,False,active,2026-05-15,2026-05-15,SS=hns_ss-export-tld.20251226_20260107_translated_20260117.adapted.csv;HSD=hns_bob_tlds.csv,2026-05-15T21:54:27,False
xn--food,,,False,,,,,22catchall,False,active,2026-05-15,2026-05-15,SS=hns_ss-export-tld.20251226_20260107_translated_20260117.adapted.csv;HSD=hns_bob_tlds.csv,2026-05-15T21:54:27,False
xn--forex,,,False,,,,,22catchall,False,active,2026-05-15,2026-05-15,SS=hns_ss-export-tld.20251226_20260107_translated_20260117.adapted.csv;HSD=hns_bob_tlds.csv,2026-05-15T21:54:27,False
xn--formula,,,False,,,,,tim4sk,False,active,2026-05-15,2026-05-15,SS=hns_ss-export-tld.20251226_20260107_translated_20260117.adapted.csv;HSD=hns_bob_tlds.csv,2026-05-15T21:54:27,False
xn--fotoraf-qbb9n,,,False,,,,,tim4sk,False,active,2026-05-15,2026-05-15,SS=hns_ss-export-tld.20251226_20260107_translated_20260117.adapted.csv;HSD=hns_bob_tlds.csv,2026-05-15T21:54:27,False
xn--fp8h0f,,,False,,,,,m1f,False,active,2026-05-15,2026-05-15,SS=hns_ss-export-tld.20251226_20260107_translated_20260117.adapted.csv;HSD=hns_bob_tlds.csv,2026-05-15T21:54:27,False
xn--fp8h1f,,,False,,,,,m1f,False,active,2026-05-15,2026-05-15,SS=hns_ss-export-tld.20251226_20260107_translated_20260117.adapted.csv;HSD=hns_bob_tlds.csv,2026-05-15T21:54:27,False
xn--fp8hzf,,,False,,,,,m1f,False,active,2026-05-15,2026-05-15,SS=hns_ss-export-tld.20251226_20260107_translated_20260117.adapted.csv;HSD=hns_bob_tlds.csv,2026-05-15T21:54:27,False
xn--fr8hnh,,,False,,,,,k1f,False,active,2026-05-15,2026-05-15,SS=hns_ss-export-tld.20251226_20260107_translated_20260117.adapted.csv;HSD=hns_bob_tlds.csv,2026-05-15T21:54:27,False
xn--fr8hsc,,,False,PUNY_IDNA,💀💩,"Letters + SKULL, PILE OF POO",,22catchall,False,active,2026-05-15,2026-05-15,SS=hns_ss-export-tld.20251226_20260107_translated_20260117.adapted.csv;HSD=hns_bob_tlds.csv,2026-05-15T21:54:27,False
xn--fxd1c6b3qd,,,False,,,,,22catchall,False,active,2026-05-15,2026-05-15,SS=hns_ss-export-tld.20251226_20260107_translated_20260117.adapted.csv;HSD=hns_bob_tlds.csv,2026-05-15T21:54:27,False
xn--fxdp7xic0g,,,False,,,,,22catchall,False,active,2026-05-15,2026-05-15,SS=hns_ss-export-tld.20251226_20260107_translated_20260117.adapted.csv;HSD=hns_bob_tlds.csv,2026-05-15T21:54:27,False
xn--fxdq0x,,,False,,,,,22catchall,False,active,2026-05-15,2026-05-15,SS=hns_ss-export-tld.20251226_20260107_translated_20260117.adapted.csv;HSD=hns_bob_tlds.csv,2026-05-15T21:54:27,False
xn--g02a,,,False,"PUNY_IDNA,CJK",訐,Chinese/Japanese/Korean,訐,22catchall,False,active,2026-05-15,2026-05-15,SS=hns_ss-export-tld.20251226_20260107_translated_20260117.adapted.csv;HSD=hns_bob_tlds.csv,2026-05-15T21:54:27,False
xn--g08h0f,,,False,PUNY_IDNA,🖼😙,"Letters + FRAME WITH PICTURE, KISSING FACE WITH SMILING EYES",,22catchall,False,active,2026-05-15,2026-05-15,SS=hns_ss-export-tld.20251226_20260107_translated_20260117.adapted.csv;HSD=hns_bob_tlds.csv,2026-05-15T21:54:27,False
xn--g08h1f,,,False,PUNY_IDNA,😚🖼,"Letters + KISSING FACE WITH CLOSED EYES, FRAME WITH PICTURE",,22catchall,False,active,2026-05-15,2026-05-15,SS=hns_ss-export-tld.20251226_20260107_translated_20260117.adapted.csv;HSD=hns_bob_tlds.csv,2026-05-15T21:54:27,False
xn--g08h2f,,,False,PUNY_IDNA,🖼😚,"Letters + FRAME WITH PICTURE, KISSING FACE WITH CLOSED EYES",,22catchall,False,active,2026-05-15,2026-05-15,SS=hns_ss-export-tld.20251226_20260107_translated_20260117.adapted.csv;HSD=hns_bob_tlds.csv,2026-05-15T21:54:27,False
xn--g08hzf,,,False,PUNY_IDNA,😙🖼,"Letters + KISSING FACE WITH SMILING EYES, FRAME WITH PICTURE",,22catchall,False,active,2026-05-15,2026-05-15,SS=hns_ss-export-tld.20251226_20260107_translated_20260117.adapted.csv;HSD=hns_bob_tlds.csv,2026-05-15T21:54:27,False
xn--g1ajq,,,False,,,,,22catchall,False,active,2026-05-15,2026-05-15,SS=hns_ss-export-tld.20251226_20260107_translated_20260117.adapted.csv;HSD=hns_bob_tlds.csv,2026-05-15T21:54:27,False
xn--g1q,,,False,,,,,22catchall,False,active,2026-05-15,2026-05-15,SS=hns_ss-export-tld.20251226_20260107_translated_20260117.adapted.csv;HSD=hns_bob_tlds.csv,2026-05-15T21:54:27,False
xn--g23a,,,False,"PUNY_IDNA,CJK",輟,Chinese/Japanese/Korean,turret,22catchall,False,active,2026-05-15,2026-05-15,SS=hns_ss-export-tld.20251226_20260107_translated_20260117.adapted.csv;HSD=hns_bob_tlds.csv,2026-05-15T21:54:27,False
xn--g28hib,,,False,PUNY_IDNA,😂😖,FACE WITH TEARS OF JOY + CONFOUNDED FACE,,22catchall,False,active,2026-05-15,2026-05-15,SS=hns_ss-export-tld.20251226_20260107_translated_20260117.adapted.csv;HSD=hns_bob_tlds.csv,2026-05-15T21:54:27,False
xn--g5h3270o,,,False,PUNY_IDNA,😃♂,"Letters + SMILING FACE WITH OPEN MOUTH, MALE SIGN",,22catchall,False,active,2026-05-15,2026-05-15,SS=hns_ss-export-tld.20251226_20260107_translated_20260117.adapted.csv;HSD=hns_bob_tlds.csv,2026-05-15T21:54:27,False
xn--g5hz430oucd,,,False,,,,,22catchall,False,active,2026-05-15,2026-05-15,SS=hns_ss-export-tld.20251226_20260107_translated_20260117.adapted.csv;HSD=hns_bob_tlds.csv,2026-05-15T21:54:27,False
xn--g5hz430ozbd,,,False,,,,,22catchall,False,active,2026-05-15,2026-05-15,SS=hns_ss-export-tld.20251226_20260107_translated_20260117.adapted.csv;HSD=hns_bob_tlds.csv,2026-05-15T21:54:27,False
xn--g6h9410oeaesot60sdxq,,,False,PUNY_IDNA,💓🖤♥💙💔🧡💞💕💛,BEATING HEART + BLACK HEART + BLACK HEART SUIT + BLUE HEART + BROKEN HEART + ORANGE HEART + REVOLVING HEARTS + TWO HEARTS + YELLOW HEART,,22catchall,False,active,2026-05-15,2026-05-15,SS=hns_ss-export-tld.20251226_20260107_translated_20260117.adapted.csv;HSD=hns_bob_tlds.csv,2026-05-15T21:54:27,False
xn--g77hka436c,,,False,,,,,22catchall,False,active,2026-05-15,2026-05-15,SS=hns_ss-export-tld.20251226_20260107_translated_20260117.adapted.csv;HSD=hns_bob_tlds.csv,2026-05-15T21:54:27,False
xn--g77hwa02n,,,False,PUNY_IDNA,🐋🇨🇳,"Letters + WHALE, REGIONAL INDICATOR SYMBOL LETTER C, REGIONAL INDICATOR SYMBOL LETTER N",,22catchall,False,active,2026-05-15,2026-05-15,SS=hns_ss-export-tld.20251226_20260107_translated_20260117.adapted.csv;HSD=hns_bob_tlds.csv,2026-05-15T21:54:27,False
xn--g77hwa23s,,,False,PUNY_IDNA,🇨🇳💵,"Letters + REGIONAL INDICATOR SYMBOL LETTER C, REGIONAL INDICATOR SYMBOL LETTER N, BANKNOTE WITH DOLLAR SIGN",,22catchall,False,active,2026-05-15,2026-05-15,SS=hns_ss-export-tld.20251226_20260107_translated_20260117.adapted.csv;HSD=hns_bob_tlds.csv,2026-05-15T21:54:27,False
xn--g77hwa349aca,,,False,PUNY_IDNA,🛰🇨🇳🛰,"Letters + SATELLITE, REGIONAL INDICATOR SYMBOL LETTER C, REGIONAL INDICATOR SYMBOL LETTER N, SATELLITE",,22catchall,False,active,2026-05-15,2026-05-15,SS=hns_ss-export-tld.20251226_20260107_translated_20260117.adapted.csv;HSD=hns_bob_tlds.csv,2026-05-15T21:54:27,False
xn--g77hwa48o,,,False,,,,,22catchall,False,active,2026-05-15,2026-05-15,SS=hns_ss-export-tld.20251226_20260107_translated_20260117.adapted.csv;HSD=hns_bob_tlds.csv,2026-05-15T21:54:27,False
xn--g77hwa54o,,,False,,,,,22catchall,False,active,2026-05-15,2026-05-15,SS=hns_ss-export-tld.20251226_20260107_translated_20260117.adapted.csv;HSD=hns_bob_tlds.csv,2026-05-15T21:54:27,False
xn--g7q10v2lx,,,False,,,,,22catchall,False,active,2026-05-15,2026-05-15,SS=hns_ss-export-tld.20251226_20260107_translated_20260117.adapted.csv;HSD=hns_bob_tlds.csv,2026-05-15T21:54:27,False
xn--gba9936wusa,,,False,,,,,dfps,False,active,2026-05-15,2026-05-15,SS=hns_ss-export-tld.20251226_20260107_translated_20260117.adapted.csv;HSD=hns_bob_tlds.csv,2026-05-15T21:54:27,False
xn--gdvp76a,,,False,,,,,22catchall,False,active,2026-05-15,2026-05-15,SS=hns_ss-export-tld.20251226_20260107_translated_20260117.adapted.csv;HSD=hns_bob_tlds.csv,2026-05-15T21:54:27,False
xn--gecl5dc,,,False,PUNY_IDNA,પિતા,"Letters + GUJARATI LETTER PA, GUJARATI VOWEL SIGN I, GUJARATI LETTER TA, GUJARATI VOWEL SIGN AA",father,22catchall,False,active,2026-05-15,2026-05-15,SS=hns_ss-export-tld.20251226_20260107_translated_20260117.adapted.csv;HSD=hns_bob_tlds.csv,2026-05-15T21:54:27,False
xn--ggb5fxg,,,False,"PUNY_IDNA,Arabic",پيء,Arabic/Urdu/Uyghur,father,22catchall,False,active,2026-05-15,2026-05-15,SS=hns_ss-export-tld.20251226_20260107_translated_20260117.adapted.csv;HSD=hns_bob_tlds.csv,2026-05-15T21:54:27,False
xn--gk8he3b,,,False,,,,,22catchall,False,active,2026-05-15,2026-05-15,SS=hns_ss-export-tld.20251226_20260107_translated_20260117.adapted.csv;HSD=hns_bob_tlds.csv,2026-05-15T21:54:27,False
xn--gmq052a1idqui,,,False,,,,,22catchall,False,active,2026-05-15,2026-05-15,SS=hns_ss-export-tld.20251226_20260107_translated_20260117.adapted.csv;HSD=hns_bob_tlds.csv,2026-05-15T21:54:27,False
xn--gmq182bese,,,False,"PUNY_IDNA,CJK",无心人,Chinese/Japanese/Korean,careless person,22catchall,False,active,2026-05-15,2026-05-15,SS=hns_ss-export-tld.20251226_20260107_translated_20260117.adapted.csv;HSD=hns_bob_tlds.csv,2026-05-15T21:54:27,False
xn--gmqq18e,,,False,"PUNY_IDNA,CJK",游人,Chinese/Japanese/Korean,tourist,22catchall,False,active,2026-05-15,2026-05-15,SS=hns_ss-export-tld.20251226_20260107_translated_20260117.adapted.csv;HSD=hns_bob_tlds.csv,2026-05-15T21:54:27,False
xn--gmqy7wu0bdy9d,,,False,,,,,22catchall,False,active,2026-05-15,2026-05-15,SS=hns_ss-export-tld.20251226_20260107_translated_20260117.adapted.csv;HSD=hns_bob_tlds.csv,2026-05-15T21:54:27,False
xn--goc6dh4c1dzd,,,False,PUNY_IDNA,తండ్రి,"Letters + TELUGU LETTER TA, TELUGU SIGN ANUSVARA, TELUGU LETTER DDA, TELUGU SIGN VIRAMA, TELUGU LETTER RA, TELUGU VOWEL SIGN I",the father,22catchall,False,active,2026-05-15,2026-05-15,SS=hns_ss-export-tld.20251226_20260107_translated_20260117.adapted.csv;HSD=hns_bob_tlds.csv,2026-05-15T21:54:27,False
xn--good,,,False,,,,,tim4sk,False,active,2026-05-15,2026-05-15,SS=hns_ss-export-tld.20251226_20260107_translated_20260117.adapted.csv;HSD=hns_bob_tlds.csv,2026-05-15T21:54:27,False
xn--gs8hvx,,,False,PUNY_IDNA,😟💤,WORRIED FACE + SLEEPING SYMBOL,,22catchall,False,active,2026-05-15,2026-05-15,SS=hns_ss-export-tld.20251226_20260107_translated_20260117.adapted.csv;HSD=hns_bob_tlds.csv,2026-05-15T21:54:27,False
xn--gv8hv6e,,,False,,,,,timaxau,False,active,2026-05-15,2026-05-15,SS=hns_ss-export-tld.20251226_20260107_translated_20260117.adapted.csv;HSD=hns_bob_tlds.csv,2026-05-15T21:54:27,False
xn--h0d0a3rtn,,,False,,,,,22catchall,False,active,2026-05-15,2026-05-15,SS=hns_ss-export-tld.20251226_20260107_translated_20260117.adapted.csv;HSD=hns_bob_tlds.csv,2026-05-15T21:54:27,False
xn--h1adalean,,,False,"PUNY_IDNA,Cyrillic",коронки,Cyrillic (Russian/Ukrainian),crowns,22catchall,False,active,2026-05-15,2026-05-15,SS=hns_ss-export-tld.20251226_20260107_translated_20260117.adapted.csv;HSD=hns_bob_tlds.csv,2026-05-15T21:54:27,False
xn--h4h1110oggax8d4wf,,,False,,,,,tim4sk,False,active,2026-05-15,2026-05-15,SS=hns_ss-export-tld.20251226_20260107_translated_20260117.adapted.csv;HSD=hns_bob_tlds.csv,2026-05-15T21:54:27,False
xn--h4h2510oi9c,,,False,PUNY_IDNA,☠🤝👑,"Letters + SKULL AND CROSSBONES, HANDSHAKE, CROWN",,22catchall,False,active,2026-05-15,2026-05-15,SS=hns_ss-export-tld.20251226_20260107_translated_20260117.adapted.csv;HSD=hns_bob_tlds.csv,2026-05-15T21:54:27,False
xn--h4h4750o,,,False,,,,,22catchall,False,active,2026-05-15,2026-05-15,SS=hns_ss-export-tld.20251226_20260107_translated_20260117.adapted.csv;HSD=hns_bob_tlds.csv,2026-05-15T21:54:27,False
xn--h4h7l,,,False,,,,,22catchall,False,active,2026-05-15,2026-05-15,SS=hns_ss-export-tld.20251226_20260107_translated_20260117.adapted.csv;HSD=hns_bob_tlds.csv,2026-05-15T21:54:27,False
xn--h4h8091oja,,,False,PUNY_IDNA,☠🤝🤠,"Letters + SKULL AND CROSSBONES, HANDSHAKE, FACE WITH COWBOY HAT",,22catchall,False,active,2026-05-15,2026-05-15,SS=hns_ss-export-tld.20251226_20260107_translated_20260117.adapted.csv;HSD=hns_bob_tlds.csv,2026-05-15T21:54:27,False
xn--h4h8l,,,False,,,,,22catchall,False,active,2026-05-15,2026-05-15,SS=hns_ss-export-tld.20251226_20260107_translated_20260117.adapted.csv;HSD=hns_bob_tlds.csv,2026-05-15T21:54:27,False
xn--h4hx930o,,,False,PUNY_IDNA,📷☠,"Letters + CAMERA, SKULL AND CROSSBONES",,22catchall,False,active,2026-05-15,2026-05-15,SS=hns_ss-export-tld.20251226_20260107_translated_20260117.adapted.csv;HSD=hns_bob_tlds.csv,2026-05-15T21:54:27,False
xn--h4hz770o,,,False,PUNY_IDNA,😂☠,"Letters + FACE WITH TEARS OF JOY, SKULL AND CROSSBONES",,22catchall,False,active,2026-05-15,2026-05-15,SS=hns_ss-export-tld.20251226_20260107_translated_20260117.adapted.csv;HSD=hns_bob_tlds.csv,2026-05-15T21:54:27,False
xn--h4ndsh4k,,,False,,,,,h4ndsh4k,False,active,2026-05-15,2026-05-15,SS=hns_ss-export-tld.20251226_20260107_translated_20260117.adapted.csv;HSD=hns_bob_tlds.csv,2026-05-15T21:54:27,False
xn--h77h5a70v,,,False,PUNY_IDNA,😃🇹🇩,SMILING FACE WITH OPEN MOUTH + REGIONAL INDICATOR SYMBOL LETTER T + REGIONAL INDICATOR SYMBOL LETTER D,,22catchall,False,active,2026-05-15,2026-05-15,SS=hns_ss-export-tld.20251226_20260107_translated_20260117.adapted.csv;HSD=hns_bob_tlds.csv,2026-05-15T21:54:27,False
xn--h77hja842a,,,False,PUNY_IDNA,😃🇮🇩,SMILING FACE WITH OPEN MOUTH + REGIONAL INDICATOR SYMBOL LETTER I + REGIONAL INDICATOR SYMBOL LETTER D,,22catchall,False,active,2026-05-15,2026-05-15,SS=hns_ss-export-tld.20251226_20260107_translated_20260117.adapted.csv;HSD=hns_bob_tlds.csv,2026-05-15T21:54:27,False
xn--h95b,,,False,,,,,22catchall,False,active,2026-05-15,2026-05-15,SS=hns_ss-export-tld.20251226_20260107_translated_20260117.adapted.csv;HSD=hns_bob_tlds.csv,2026-05-15T21:54:27,False
xn--handshak,,,False,,,,,h4ndsh4k,False,active,2026-05-15,2026-05-15,SS=hns_ss-export-tld.20251226_20260107_translated_20260117.adapted.csv;HSD=hns_bob_tlds.csv,2026-05-15T21:54:27,False
xn--handshake-oq35hkg,,,False,,,,,hnsaucommunal,False,active,2026-05-15,2026-05-15,SS=hns_ss-export-tld.20251226_20260107_translated_20260117.adapted.csv;HSD=hns_bob_tlds.csv,2026-05-15T21:54:27,False
xn--hero,,,False,,,,,22catchall,False,active,2026-05-15,2026-05-15,SS=hns_ss-export-tld.20251226_20260107_translated_20260117.adapted.csv;HSD=hns_bob_tlds.csv,2026-05-15T21:54:27,False
xn--hes,,,False,,,,,tim4sk,False,active,2026-05-15,2026-05-15,SS=hns_ss-export-tld.20251226_20260107_translated_20260117.adapted.csv;HSD=hns_bob_tlds.csv,2026-05-15T21:54:27,False
xn--hmf,,,False,PUNY_IDNA,ᨘ,Letters + BUGINESE VOWEL SIGN U,,22catchall,False,active,2026-05-15,2026-05-15,SS=hns_ss-export-tld.20251226_20260107_translated_20260117.adapted.csv;HSD=hns_bob_tlds.csv,2026-05-15T21:54:27,False
xn--ho8h94a,,,False,,,,,22catchall,False,active,2026-05-15,2026-05-15,SS=hns_ss-export-tld.20251226_20260107_translated_20260117.adapted.csv;HSD=hns_bob_tlds.csv,2026-05-15T21:54:27,False
xn--hoh66f56ag053i,,,False,PUNY_IDNA,⏰➕👃☕,"Letters + ALARM CLOCK, HEAVY PLUS SIGN, NOSE, HOT BEVERAGE",,22catchall,False,active,2026-05-15,2026-05-15,SS=hns_ss-export-tld.20251226_20260107_translated_20260117.adapted.csv;HSD=hns_bob_tlds.csv,2026-05-15T21:54:27,False
xn--hpab606y6m7hjd6d,,,False,,,,,8urnt,False,active,2026-05-15,2026-05-15,SS=hns_ss-export-tld.20251226_20260107_translated_20260117.adapted.csv;HSD=hns_bob_tlds.csv,2026-05-15T21:54:27,False
xn--hpab636af74bxk1u,,,False,,,,,8urnt,False,active,2026-05-15,2026-05-15,SS=hns_ss-export-tld.20251226_20260107_translated_20260117.adapted.csv;HSD=hns_bob_tlds.csv,2026-05-15T21:54:27,False
xn--hpab728e2mx4yp,,,False,,,,,22catchall,False,active,2026-05-15,2026-05-15,SS=hns_ss-export-tld.20251226_20260107_translated_20260117.adapted.csv;HSD=hns_bob_tlds.csv,2026-05-15T21:54:27,False
xn--hpab728e3bw38i,,,False,,,,,22catchall,False,active,2026-05-15,2026-05-15,SS=hns_ss-export-tld.20251226_20260107_translated_20260117.adapted.csv;HSD=hns_bob_tlds.csv,2026-05-15T21:54:27,False
xn--hpab728eei0ae33k,,,False,,,,,22catchall,False,active,2026-05-15,2026-05-15,SS=hns_ss-export-tld.20251226_20260107_translated_20260117.adapted.csv;HSD=hns_bob_tlds.csv,2026-05-15T21:54:27,False
xn--hpab728efnz3s2l,,,False,,,,,22catchall,False,active,2026-05-15,2026-05-15,SS=hns_ss-export-tld.20251226_20260107_translated_20260117.adapted.csv;HSD=hns_bob_tlds.csv,2026-05-15T21:54:27,False
xn--hpab728el9qf0l,,,False,,,,,22catchall,False,active,2026-05-15,2026-05-15,SS=hns_ss-export-tld.20251226_20260107_translated_20260117.adapted.csv;HSD=hns_bob_tlds.csv,2026-05-15T21:54:27,False
xn--hpab728el9qp4l,,,False,,,,,22catchall,False,active,2026-05-15,2026-05-15,SS=hns_ss-export-tld.20251226_20260107_translated_20260117.adapted.csv;HSD=hns_bob_tlds.csv,2026-05-15T21:54:27,False
xn--hpab728ey7qos1y,,,False,,,,,8urnt,False,active,2026-05-15,2026-05-15,SS=hns_ss-export-tld.20251226_20260107_translated_20260117.adapted.csv;HSD=hns_bob_tlds.csv,2026-05-15T21:54:27,False
xn--hpab938elmxtm6w,,,False,,,,,8urnt,False,active,2026-05-15,2026-05-15,SS=hns_ss-export-tld.20251226_20260107_translated_20260117.adapted.csv;HSD=hns_bob_tlds.csv,2026-05-15T21:54:27,False
xn--hs8h52f,,,False,,,,,r1f,False,active,2026-05-15,2026-05-15,SS=hns_ss-export-tld.20251226_20260107_translated_20260117.adapted.csv;HSD=hns_bob_tlds.csv,2026-05-15T21:54:27,False
xn--hs8h82f,,,False,,,,,r1f,False,active,2026-05-15,2026-05-15,SS=hns_ss-export-tld.20251226_20260107_translated_20260117.adapted.csv;HSD=hns_bob_tlds.csv,2026-05-15T21:54:27,False
xn--hvn-xr5ab,,,False,PUNY_IDNA,h☰v☰n,"Letters + TRIGRAM FOR HEAVEN, TRIGRAM FOR HEAVEN",h☰v☰n,22catchall,False,active,2026-05-15,2026-05-15,SS=hns_ss-export-tld.20251226_20260107_translated_20260117.adapted.csv;HSD=hns_bob_tlds.csv,2026-05-15T21:54:27,False
xn--hxyz3a,,,False,,,,,22catchall,False,active,2026-05-15,2026-05-15,SS=hns_ss-export-tld.20251226_20260107_translated_20260117.adapted.csv;HSD=hns_bob_tlds.csv,2026-05-15T21:54:27,False
xn--hz1a,,,False,,,,,22catchall,False,active,2026-05-15,2026-05-15,SS=hns_ss-export-tld.20251226_20260107_translated_20260117.adapted.csv;HSD=hns_bob_tlds.csv,2026-05-15T21:54:27,False
xn--i18hb,,,False,,,,,tim4sk,False,active,2026-05-15,2026-05-15,SS=hns_ss-export-tld.20251226_20260107_translated_20260117.adapted.csv;HSD=hns_bob_tlds.csv,2026-05-15T21:54:27,False
xn--i1xu9n,,,False,,,,,22catchall,False,active,2026-05-15,2026-05-15,SS=hns_ss-export-tld.20251226_20260107_translated_20260117.adapted.csv;HSD=hns_bob_tlds.csv,2026-05-15T21:54:27,False
xn--i48hg6chc,,,False,PUNY_IDNA,🙊🦧🦍,"Letters + SPEAK-NO-EVIL MONKEY, ORANGUTAN, GORILLA",,22catchall,False,active,2026-05-15,2026-05-15,SS=hns_ss-export-tld.20251226_20260107_translated_20260117.adapted.csv;HSD=hns_bob_tlds.csv,2026-05-15T21:54:27,False
xn--i77h6a30v,,,False,PUNY_IDNA,😃🇪🇺,SMILING FACE WITH OPEN MOUTH + REGIONAL INDICATOR SYMBOL LETTER E + REGIONAL INDICATOR SYMBOL LETTER U,,22catchall,False,active,2026-05-15,2026-05-15,SS=hns_ss-export-tld.20251226_20260107_translated_20260117.adapted.csv;HSD=hns_bob_tlds.csv,2026-05-15T21:54:27,False
xn--i77hha4ab,,,False,,,,,tim4sk,False,active,2026-05-15,2026-05-15,SS=hns_ss-export-tld.20251226_20260107_translated_20260117.adapted.csv;HSD=hns_bob_tlds.csv,2026-05-15T21:54:27,False
xn--i8f,,,False,,,,,tim4sk,False,active,2026-05-15,2026-05-15,SS=hns_ss-export-tld.20251226_20260107_translated_20260117.adapted.csv;HSD=hns_bob_tlds.csv,2026-05-15T21:54:27,False
xn--i8s110l,,,False,,,,,22catchall,False,active,2026-05-15,2026-05-15,SS=hns_ss-export-tld.20251226_20260107_translated_20260117.adapted.csv;HSD=hns_bob_tlds.csv,2026-05-15T21:54:27,False
xn--ibiv788m,,,False,,,,,22catchall,False,active,2026-05-15,2026-05-15,SS=hns_ss-export-tld.20251226_20260107_translated_20260117.adapted.csv;HSD=hns_bob_tlds.csv,2026-05-15T21:54:27,False
xn--ictt6g,,,False,,,,,r1f,False,active,2026-05-15,2026-05-15,SS=hns_ss-export-tld.20251226_20260107_translated_20260117.adapted.csv;HSD=hns_bob_tlds.csv,2026-05-15T21:54:27,False
xn--idev-lw4b,,,False,,,,,22catchall,False,active,2026-05-15,2026-05-15,SS=hns_ss-export-tld.20251226_20260107_translated_20260117.adapted.csv;HSD=hns_bob_tlds.csv,2026-05-15T21:54:27,False
xn--idk9b,,,False,"PUNY_IDNA,Japanese",ニュ,Japanese,New,22catchall,False,active,2026-05-15,2026-05-15,SS=hns_ss-export-tld.20251226_20260107_translated_20260117.adapted.csv;HSD=hns_bob_tlds.csv,2026-05-15T21:54:27,False
xn--igt332e,,,False,,,,,22catchall,False,active,2026-05-15,2026-05-15,SS=hns_ss-export-tld.20251226_20260107_translated_20260117.adapted.csv;HSD=hns_bob_tlds.csv,2026-05-15T21:54:27,False
xn--ihqur60ar5y,,,False,"PUNY_IDNA,CJK",今天不信,Chinese/Japanese/Korean,I don’t believe it today,22catchall,False,active,2026-05-15,2026-05-15,SS=hns_ss-export-tld.20251226_20260107_translated_20260117.adapted.csv;HSD=hns_bob_tlds.csv,2026-05-15T21:54:27,False
xn--ihqw43bt1a,,,False,,,,,22catchall,False,active,2026-05-15,2026-05-15,SS=hns_ss-export-tld.20251226_20260107_translated_20260117.adapted.csv;HSD=hns_bob_tlds.csv,2026-05-15T21:54:27,False
xn--ip8hgf,,,False,,,,,k1f,False,active,2026-05-15,2026-05-15,SS=hns_ss-export-tld.20251226_20260107_translated_20260117.adapted.csv;HSD=hns_bob_tlds.csv,2026-05-15T21:54:27,False
xn--ipad-kt5fz95h,,,False,"PUNY_IDNA,CJK",二手ipad,Chinese/Japanese/Korean,second hand ipad,22catchall,False,active,2026-05-15,2026-05-15,SS=hns_ss-export-tld.20251226_20260107_translated_20260117.adapted.csv;HSD=hns_bob_tlds.csv,2026-05-15T21:54:27,False
xn--iq9hec,,,False,,,,,r1f,False,active,2026-05-15,2026-05-15,SS=hns_ss-export-tld.20251226_20260107_translated_20260117.adapted.csv;HSD=hns_bob_tlds.csv,2026-05-15T21:54:27,False
xn--is8ha8b,,,False,PUNY_IDNA,💦💵💦,"Letters + SPLASHING SWEAT SYMBOL, BANKNOTE WITH DOLLAR SIGN, SPLASHING SWEAT SYMBOL",,22catchall,False,active,2026-05-15,2026-05-15,SS=hns_ss-export-tld.20251226_20260107_translated_20260117.adapted.csv;HSD=hns_bob_tlds.csv,2026-05-15T21:54:27,False
xn--is8he3f,,,False,,,,,22catchall,False,active,2026-05-15,2026-05-15,SS=hns_ss-export-tld.20251226_20260107_translated_20260117.adapted.csv;HSD=hns_bob_tlds.csv,2026-05-15T21:54:27,False
xn--is8hka,,,False,PUNY_IDNA,💦💫,SPLASHING SWEAT SYMBOL + DIZZY SYMBOL,,22catchall,False,active,2026-05-15,2026-05-15,SS=hns_ss-export-tld.20251226_20260107_translated_20260117.adapted.csv;HSD=hns_bob_tlds.csv,2026-05-15T21:54:27,False
xn--is8hp2f,,,False,,,,,timaxau,False,active,2026-05-15,2026-05-15,SS=hns_ss-export-tld.20251226_20260107_translated_20260117.adapted.csv;HSD=hns_bob_tlds.csv,2026-05-15T21:54:27,False
xn--ivy-q192b4c,,,False,PUNY_IDNA,🇦🇺ivy,REGIONAL INDICATOR SYMBOL LETTER A + REGIONAL INDICATOR SYMBOL LETTER U + LATIN SMALL LETTER I + LATIN SMALL LETTER V + LATIN SMALL LETTER Y,🇦🇺ivy,22catchall,False,active,2026-05-15,2026-05-15,SS=hns_ss-export-tld.20251226_20260107_translated_20260117.adapted.csv;HSD=hns_bob_tlds.csv,2026-05-15T21:54:27,False
xn--ixahb1dhnd,,,False,"PUNY_IDNA,Greek",πατέρασ,Greek,father,22catchall,False,active,2026-05-15,2026-05-15,SS=hns_ss-export-tld.20251226_20260107_translated_20260117.adapted.csv;HSD=hns_bob_tlds.csv,2026-05-15T21:54:27,False
xn--iy8h1b,,,False,,,,,22catchall,False,active,2026-05-15,2026-05-15,SS=hns_ss-export-tld.20251226_20260107_translated_20260117.adapted.csv;HSD=hns_bob_tlds.csv,2026-05-15T21:54:27,False
xn--iy8hj1d,,,False,,,,,tim4sk,False,active,2026-05-15,2026-05-15,SS=hns_ss-export-tld.20251226_20260107_translated_20260117.adapted.csv;HSD=hns_bob_tlds.csv,2026-05-15T21:54:27,False
xn--iy8hzb,,,False,,,,,22catchall,False,active,2026-05-15,2026-05-15,SS=hns_ss-export-tld.20251226_20260107_translated_20260117.adapted.csv;HSD=hns_bob_tlds.csv,2026-05-15T21:54:27,False
xn--j1aaclc,,,False,,,,,tim4sk,False,active,2026-05-15,2026-05-15,SS=hns_ss-export-tld.20251226_20260107_translated_20260117.adapted.csv;HSD=hns_bob_tlds.csv,2026-05-15T21:54:27,False
xn--j1aiaaavco,,,False,"PUNY_IDNA,Cyrillic",котофото,Cyrillic (Russian/Ukrainian),the photo,22catchall,False,active,2026-05-15,2026-05-15,SS=hns_ss-export-tld.20251226_20260107_translated_20260117.adapted.csv;HSD=hns_bob_tlds.csv,2026-05-15T21:54:27,False
xn--j1dv7a9t,,,False,,,,,22catchall,False,active,2026-05-15,2026-05-15,SS=hns_ss-export-tld.20251226_20260107_translated_20260117.adapted.csv;HSD=hns_bob_tlds.csv,2026-05-15T21:54:27,False
xn--j38h5g,,,False,PUNY_IDNA,🚘😨,"Letters + ONCOMING AUTOMOBILE, FEARFUL FACE",,22catchall,False,active,2026-05-15,2026-05-15,SS=hns_ss-export-tld.20251226_20260107_translated_20260117.adapted.csv;HSD=hns_bob_tlds.csv,2026-05-15T21:54:27,False
xn--j3d1v,,,False,,,,,22catchall,False,active,2026-05-15,2026-05-15,SS=hns_ss-export-tld.20251226_20260107_translated_20260117.adapted.csv;HSD=hns_bob_tlds.csv,2026-05-15T21:54:27,False
xn--jbt1d,,,False,,,,,22catchall,False,active,2026-05-15,2026-05-15,SS=hns_ss-export-tld.20251226_20260107_translated_20260117.adapted.csv;HSD=hns_bob_tlds.csv,2026-05-15T21:54:27,False
xn--jisw73a,,,False,,,,,22catchall,False,active,2026-05-15,2026-05-15,SS=hns_ss-export-tld.20251226_20260107_translated_20260117.adapted.csv;HSD=hns_bob_tlds.csv,2026-05-15T21:54:27,False
xn--jn2ar3z,,,False,,,,,22catchall,False,active,2026-05-15,2026-05-15,SS=hns_ss-export-tld.20251226_20260107_translated_20260117.adapted.csv;HSD=hns_bob_tlds.csv,2026-05-15T21:54:27,False
xn--jor422e6gd,,,False,,,,,timaxau,False,active,2026-05-15,2026-05-15,SS=hns_ss-export-tld.20251226_20260107_translated_20260117.adapted.csv;HSD=hns_bob_tlds.csv,2026-05-15T21:54:27,False
xn--jorw12fyws,,,False,,,,,22catchall,False,active,2026-05-15,2026-05-15,SS=hns_ss-export-tld.20251226_20260107_translated_20260117.adapted.csv;HSD=hns_bob_tlds.csv,2026-05-15T21:54:27,False
xn--js9hig,,,False,,,,,k1f,False,active,2026-05-15,2026-05-15,SS=hns_ss-export-tld.20251226_20260107_translated_20260117.adapted.csv;HSD=hns_bob_tlds.csv,2026-05-15T21:54:27,False
xn--jxd24a,,,False,,,,,22catchall,False,active,2026-05-15,2026-05-15,SS=hns_ss-export-tld.20251226_20260107_translated_20260117.adapted.csv;HSD=hns_bob_tlds.csv,2026-05-15T21:54:27,False
xn--k0da6h2o,,,False,,,,,22catchall,False,active,2026-05-15,2026-05-15,SS=hns_ss-export-tld.20251226_20260107_translated_20260117.adapted.csv;HSD=hns_bob_tlds.csv,2026-05-15T21:54:27,False
xn--k3h4139nzba,,,False,,,,,timaxau,False,active,2026-05-15,2026-05-15,SS=hns_ss-export-tld.20251226_20260107_translated_20260117.adapted.csv;HSD=hns_bob_tlds.csv,2026-05-15T21:54:27,False
xn--k47h,,,False,,,,,timaxau,False,active,2026-05-15,2026-05-15,SS=hns_ss-export-tld.20251226_20260107_translated_20260117.adapted.csv;HSD=hns_bob_tlds.csv,2026-05-15T21:54:27,False
xn--k91ae,,,False,,,,,22catchall,False,active,2026-05-15,2026-05-15,SS=hns_ss-export-tld.20251226_20260107_translated_20260117.adapted.csv;HSD=hns_bob_tlds.csv,2026-05-15T21:54:27,False
xn--kbru3ai78eyr2a,,,False,,,,,22catchall,False,active,2026-05-15,2026-05-15,SS=hns_ss-export-tld.20251226_20260107_translated_20260117.adapted.csv;HSD=hns_bob_tlds.csv,2026-05-15T21:54:27,False
xn--kcr34o,,,False,,,,,22catchall,False,active,2026-05-15,2026-05-15,SS=hns_ss-export-tld.20251226_20260107_translated_20260117.adapted.csv;HSD=hns_bob_tlds.csv,2026-05-15T21:54:27,False
xn--kg8h8m,,,False,PUNY_IDNA,🌄🏕,"Letters + SUNRISE OVER MOUNTAINS, CAMPING",,22catchall,False,active,2026-05-15,2026-05-15,SS=hns_ss-export-tld.20251226_20260107_translated_20260117.adapted.csv;HSD=hns_bob_tlds.csv,2026-05-15T21:54:27,False
xn--kg8hm6a,,,False,PUNY_IDNA,🌄🔊,"Letters + SUNRISE OVER MOUNTAINS, SPEAKER WITH THREE SOUND WAVES",,22catchall,False,active,2026-05-15,2026-05-15,SS=hns_ss-export-tld.20251226_20260107_translated_20260117.adapted.csv;HSD=hns_bob_tlds.csv,2026-05-15T21:54:27,False
xn--kg8hr2c,,,False,,,,,22catchall,False,active,2026-05-15,2026-05-15,SS=hns_ss-export-tld.20251226_20260107_translated_20260117.adapted.csv;HSD=hns_bob_tlds.csv,2026-05-15T21:54:27,False
xn--kg8hs2c,,,False,,,,,22catchall,False,active,2026-05-15,2026-05-15,SS=hns_ss-export-tld.20251226_20260107_translated_20260117.adapted.csv;HSD=hns_bob_tlds.csv,2026-05-15T21:54:27,False
xn--kis,,,False,"PUNY_IDNA,CJK",埄,Chinese/Japanese/Korean,埄,22catchall,False,active,2026-05-15,2026-05-15,SS=hns_ss-export-tld.20251226_20260107_translated_20260117.adapted.csv;HSD=hns_bob_tlds.csv,2026-05-15T21:54:27,False
xn--kitty-7d34d,,,False,,,,,tim4sk,False,active,2026-05-15,2026-05-15,SS=hns_ss-export-tld.20251226_20260107_translated_20260117.adapted.csv;HSD=hns_bob_tlds.csv,2026-05-15T21:54:27,False
xn--kkrv36b4sl,,,False,,,,,22catchall,False,active,2026-05-15,2026-05-15,SS=hns_ss-export-tld.20251226_20260107_translated_20260117.adapted.csv;HSD=hns_bob_tlds.csv,2026-05-15T21:54:27,False
xn--koa00ik53b,,,False,"PUNY_IDNA,Cyrillic",ɴғᴛ,Cyrillic (Russian/Ukrainian),ɴғᴛ,22catchall,False,active,2026-05-15,2026-05-15,SS=hns_ss-export-tld.20251226_20260107_translated_20260117.adapted.csv;HSD=hns_bob_tlds.csv,2026-05-15T21:54:27,False
xn--krup14b6vt,,,False,,,,,22catchall,False,active,2026-05-15,2026-05-15,SS=hns_ss-export-tld.20251226_20260107_translated_20260117.adapted.csv;HSD=hns_bob_tlds.csv,2026-05-15T21:54:27,False
xn--ks8h3ep8a,,,False,,,,,22catchall,False,active,2026-05-15,2026-05-15,SS=hns_ss-export-tld.20251226_20260107_translated_20260117.adapted.csv;HSD=hns_bob_tlds.csv,2026-05-15T21:54:27,False
xn--kw8hb76rba,,,False,,,,,tim4sk,False,active,2026-05-15,2026-05-15,SS=hns_ss-export-tld.20251226_20260107_translated_20260117.adapted.csv;HSD=hns_bob_tlds.csv,2026-05-15T21:54:27,False
xn--kxd0e7h,,,False,,,,,22catchall,False,active,2026-05-15,2026-05-15,SS=hns_ss-export-tld.20251226_20260107_translated_20260117.adapted.csv;HSD=hns_bob_tlds.csv,2026-05-15T21:54:27,False
xn--kyd5a00ca,,,False,,,,,22catchall,False,active,2026-05-15,2026-05-15,SS=hns_ss-export-tld.20251226_20260107_translated_20260117.adapted.csv;HSD=hns_bob_tlds.csv,2026-05-15T21:54:27,False
xn--kyd9k9o,,,False,,,,,22catchall,False,active,2026-05-15,2026-05-15,SS=hns_ss-export-tld.20251226_20260107_translated_20260117.adapted.csv;HSD=hns_bob_tlds.csv,2026-05-15T21:54:27,False
xn--l1b6a5b9a9f,,,False,"PUNY_IDNA,Hindi",अभीतक,Devanagari (Hindi),As yet,22catchall,False,active,2026-05-15,2026-05-15,SS=hns_ss-export-tld.20251226_20260107_translated_20260117.adapted.csv;HSD=hns_bob_tlds.csv,2026-05-15T21:54:27,False
xn--l3h20aja22528bfaghij,,,False,PUNY_IDNA,☁⛅⛈🌤🌥🌦🌧🌨🌩,"Letters + CLOUD, SUN BEHIND CLOUD, THUNDER CLOUD AND RAIN, WHITE SUN WITH SMALL CLOUD, WHITE SUN BEHIND CLOUD, WHITE SUN BEHIND CLOUD WITH RAIN, CLOUD WITH RAIN, CLOUD WITH SNOW, CLOUD WITH LIGHTNING",,22catchall,False,active,2026-05-15,2026-05-15,SS=hns_ss-export-tld.20251226_20260107_translated_20260117.adapted.csv;HSD=hns_bob_tlds.csv,2026-05-15T21:54:27,False
xn--l3hz591o,,,False,,,,,22catchall,False,active,2026-05-15,2026-05-15,SS=hns_ss-export-tld.20251226_20260107_translated_20260117.adapted.csv;HSD=hns_bob_tlds.csv,2026-05-15T21:54:27,False
xn--l5u,,,False,,,,,22catchall,False,active,2026-05-15,2026-05-15,SS=hns_ss-export-tld.20251226_20260107_translated_20260117.adapted.csv;HSD=hns_bob_tlds.csv,2026-05-15T21:54:27,False
xn--l8h0571o,,,False,,,,,k1f,False,active,2026-05-15,2026-05-15,SS=hns_ss-export-tld.20251226_20260107_translated_20260117.adapted.csv;HSD=hns_bob_tlds.csv,2026-05-15T21:54:27,False
xn--l8h5760o,,,False,,,,,k1f,False,active,2026-05-15,2026-05-15,SS=hns_ss-export-tld.20251226_20260107_translated_20260117.adapted.csv;HSD=hns_bob_tlds.csv,2026-05-15T21:54:27,False
xn--lcy850f,,,False,"PUNY_IDNA,CJK",玩风,Chinese/Japanese/Korean,Play with the wind,22catchall,False,active,2026-05-15,2026-05-15,SS=hns_ss-export-tld.20251226_20260107_translated_20260117.adapted.csv;HSD=hns_bob_tlds.csv,2026-05-15T21:54:27,False
xn--le5bt3b,,,False,PUNY_IDNA,이안,"Letters + HANGUL SYLLABLE I, HANGUL SYLLABLE AN",Ian,22catchall,False,active,2026-05-15,2026-05-15,SS=hns_ss-export-tld.20251226_20260107_translated_20260117.adapted.csv;HSD=hns_bob_tlds.csv,2026-05-15T21:54:27,False
xn--lebeb-8ra,,,False,PUNY_IDNA,lebebè,Letters + LATIN SMALL LETTER E WITH GRAVE,baby,22catchall,False,active,2026-05-15,2026-05-15,SS=hns_ss-export-tld.20251226_20260107_translated_20260117.adapted.csv;HSD=hns_bob_tlds.csv,2026-05-15T21:54:27,False
xn--lg8hlq,,,False,,,,,22catchall,False,active,2026-05-15,2026-05-15,SS=hns_ss-export-tld.20251226_20260107_translated_20260117.adapted.csv;HSD=hns_bob_tlds.csv,2026-05-15T21:54:27,False
xn--lm8hm8f,,,False,,,,,22catchall,False,active,2026-05-15,2026-05-15,SS=hns_ss-export-tld.20251226_20260107_translated_20260117.adapted.csv;HSD=hns_bob_tlds.csv,2026-05-15T21:54:27,False
xn--lo8hk4aycty,,,False,PUNY_IDNA,🚫😢🐝😂,"Letters + NO ENTRY SIGN, CRYING FACE, HONEYBEE, FACE WITH TEARS OF JOY",,22catchall,False,active,2026-05-15,2026-05-15,SS=hns_ss-export-tld.20251226_20260107_translated_20260117.adapted.csv;HSD=hns_bob_tlds.csv,2026-05-15T21:54:27,False
xn--loda5ab,,,False,"PUNY_IDNA,Georgian",მამა,Georgian,father,22catchall,False,active,2026-05-15,2026-05-15,SS=hns_ss-export-tld.20251226_20260107_translated_20260117.adapted.csv;HSD=hns_bob_tlds.csv,2026-05-15T21:54:27,False
xn--lodaogin3b,,,False,"PUNY_IDNA,Georgian",მთავარი,Georgian,main,22catchall,False,active,2026-05-15,2026-05-15,SS=hns_ss-export-tld.20251226_20260107_translated_20260117.adapted.csv;HSD=hns_bob_tlds.csv,2026-05-15T21:54:27,False
xn--look,,,False,PUNY_IDNA,䕳䕸,"Letters + CJK UNIFIED IDEOGRAPH-4573, CJK UNIFIED IDEOGRAPH-4578",丳丸,22catchall,False,active,2026-05-15,2026-05-15,SS=hns_ss-export-tld.20251226_20260107_translated_20260117.adapted.csv;HSD=hns_bob_tlds.csv,2026-05-15T21:54:27,False
xn--lp8h6k,,,False,,,,,22catchall,False,active,2026-05-15,2026-05-15,SS=hns_ss-export-tld.20251226_20260107_translated_20260117.adapted.csv;HSD=hns_bob_tlds.csv,2026-05-15T21:54:27,False
xn--lp8hnlb,,,False,,,,,timaxau,False,active,2026-05-15,2026-05-15,SS=hns_ss-export-tld.20251226_20260107_translated_20260117.adapted.csv;HSD=hns_bob_tlds.csv,2026-05-15T21:54:27,False
xn--lp8hol,,,False,,,,,timaxau,False,active,2026-05-15,2026-05-15,SS=hns_ss-export-tld.20251226_20260107_translated_20260117.adapted.csv;HSD=hns_bob_tlds.csv,2026-05-15T21:54:27,False
xn--ltr54y,,,False,"PUNY_IDNA,CJK",性命,Chinese/Japanese/Korean,life,22catchall,False,active,2026-05-15,2026-05-15,SS=hns_ss-export-tld.20251226_20260107_translated_20260117.adapted.csv;HSD=hns_bob_tlds.csv,2026-05-15T21:54:27,False
xn--ltu-bma,,,False,,,,,22catchall,False,active,2026-05-15,2026-05-15,SS=hns_ss-export-tld.20251226_20260107_translated_20260117.adapted.csv;HSD=hns_bob_tlds.csv,2026-05-15T21:54:27,False
xn--lv8hii,,,False,PUNY_IDNA,🔒🖖,"Letters + LOCK, RAISED HAND WITH PART BETWEEN MIDDLE AND RING FINGERS",,22catchall,False,active,2026-05-15,2026-05-15,SS=hns_ss-export-tld.20251226_20260107_translated_20260117.adapted.csv;HSD=hns_bob_tlds.csv,2026-05-15T21:54:27,False
xn--lxd4psh,,,False,,,,,22catchall,False,active,2026-05-15,2026-05-15,SS=hns_ss-export-tld.20251226_20260107_translated_20260117.adapted.csv;HSD=hns_bob_tlds.csv,2026-05-15T21:54:27,False
xn--lxde5mxe,,,False,,,,,22catchall,False,active,2026-05-15,2026-05-15,SS=hns_ss-export-tld.20251226_20260107_translated_20260117.adapted.csv;HSD=hns_bob_tlds.csv,2026-05-15T21:54:27,False
xn--m0d1r8b,,,False,,,,,22catchall,False,active,2026-05-15,2026-05-15,SS=hns_ss-export-tld.20251226_20260107_translated_20260117.adapted.csv;HSD=hns_bob_tlds.csv,2026-05-15T21:54:27,False
xn--m1abbj5a,,,False,,,,,tim4sk,False,active,2026-05-15,2026-05-15,SS=hns_ss-export-tld.20251226_20260107_translated_20260117.adapted.csv;HSD=hns_bob_tlds.csv,2026-05-15T21:54:27,False
xn--m3d,,,False,,,,,22catchall,False,active,2026-05-15,2026-05-15,SS=hns_ss-export-tld.20251226_20260107_translated_20260117.adapted.csv;HSD=hns_bob_tlds.csv,2026-05-15T21:54:27,False
xn--m77hd242a,,,False,PUNY_IDNA,😃🇰🇮,SMILING FACE WITH OPEN MOUTH + REGIONAL INDICATOR SYMBOL LETTER K + REGIONAL INDICATOR SYMBOL LETTER I,,22catchall,False,active,2026-05-15,2026-05-15,SS=hns_ss-export-tld.20251226_20260107_translated_20260117.adapted.csv;HSD=hns_bob_tlds.csv,2026-05-15T21:54:27,False
xn--m77hga832a,,,False,PUNY_IDNA,😃🇮🇱,SMILING FACE WITH OPEN MOUTH + REGIONAL INDICATOR SYMBOL LETTER I + REGIONAL INDICATOR SYMBOL LETTER L,,22catchall,False,active,2026-05-15,2026-05-15,SS=hns_ss-export-tld.20251226_20260107_translated_20260117.adapted.csv;HSD=hns_bob_tlds.csv,2026-05-15T21:54:27,False
xn--m77hia532a,,,False,PUNY_IDNA,😃🇮🇲,SMILING FACE WITH OPEN MOUTH + REGIONAL INDICATOR SYMBOL LETTER I + REGIONAL INDICATOR SYMBOL LETTER M,,22catchall,False,active,2026-05-15,2026-05-15,SS=hns_ss-export-tld.20251226_20260107_translated_20260117.adapted.csv;HSD=hns_bob_tlds.csv,2026-05-15T21:54:27,False
xn--m77hka96i,,,False,,,,,22catchall,False,active,2026-05-15,2026-05-15,SS=hns_ss-export-tld.20251226_20260107_translated_20260117.adapted.csv;HSD=hns_bob_tlds.csv,2026-05-15T21:54:27,False
xn--m77hma922a,,,False,PUNY_IDNA,😃🇮🇴,SMILING FACE WITH OPEN MOUTH + REGIONAL INDICATOR SYMBOL LETTER I + REGIONAL INDICATOR SYMBOL LETTER O,,22catchall,False,active,2026-05-15,2026-05-15,SS=hns_ss-export-tld.20251226_20260107_translated_20260117.adapted.csv;HSD=hns_bob_tlds.csv,2026-05-15T21:54:27,False
xn--m77hqa322a,,,False,PUNY_IDNA,😃🇮🇶,SMILING FACE WITH OPEN MOUTH + REGIONAL INDICATOR SYMBOL LETTER I + REGIONAL INDICATOR SYMBOL LETTER Q,,22catchall,False,active,2026-05-15,2026-05-15,SS=hns_ss-export-tld.20251226_20260107_translated_20260117.adapted.csv;HSD=hns_bob_tlds.csv,2026-05-15T21:54:27,False
xn--m77hsa022a,,,False,PUNY_IDNA,😃🇮🇷,SMILING FACE WITH OPEN MOUTH + REGIONAL INDICATOR SYMBOL LETTER I + REGIONAL INDICATOR SYMBOL LETTER R,,22catchall,False,active,2026-05-15,2026-05-15,SS=hns_ss-export-tld.20251226_20260107_translated_20260117.adapted.csv;HSD=hns_bob_tlds.csv,2026-05-15T21:54:27,False
xn--m77hua03o,,,False,,,,,tim4sk,False,active,2026-05-15,2026-05-15,SS=hns_ss-export-tld.20251226_20260107_translated_20260117.adapted.csv;HSD=hns_bob_tlds.csv,2026-05-15T21:54:27,False
xn--m77hua712a,,,False,,,,,timaxau,False,active,2026-05-15,2026-05-15,SS=hns_ss-export-tld.20251226_20260107_translated_20260117.adapted.csv;HSD=hns_bob_tlds.csv,2026-05-15T21:54:27,False
xn--m77hwa412a,,,False,PUNY_IDNA,😃🇮🇹,SMILING FACE WITH OPEN MOUTH + REGIONAL INDICATOR SYMBOL LETTER I + REGIONAL INDICATOR SYMBOL LETTER T,,22catchall,False,active,2026-05-15,2026-05-15,SS=hns_ss-export-tld.20251226_20260107_translated_20260117.adapted.csv;HSD=hns_bob_tlds.csv,2026-05-15T21:54:27,False
xn--m9h2678m,,,False,PUNY_IDNA,⛔💩,"Letters + NO ENTRY, PILE OF POO",,22catchall,False,active,2026-05-15,2026-05-15,SS=hns_ss-export-tld.20251226_20260107_translated_20260117.adapted.csv;HSD=hns_bob_tlds.csv,2026-05-15T21:54:27,False
xn--makuakne-m7a,,,False,"PUNY_IDNA,Hawaiian",makuakāne,Hawaiian,father,22catchall,False,active,2026-05-15,2026-05-15,SS=hns_ss-export-tld.20251226_20260107_translated_20260117.adapted.csv;HSD=hns_bob_tlds.csv,2026-05-15T21:54:27,False
xn--mbi2777mzba,,,False,,,,,timaxau,False,active,2026-05-15,2026-05-15,SS=hns_ss-export-tld.20251226_20260107_translated_20260117.adapted.csv;HSD=hns_bob_tlds.csv,2026-05-15T21:54:27,False
xn--mbtv33k,,,False,,,,,22catchall,False,active,2026-05-15,2026-05-15,SS=hns_ss-export-tld.20251226_20260107_translated_20260117.adapted.csv;HSD=hns_bob_tlds.csv,2026-05-15T21:54:27,False
xn--meditating-4t2py55t,,,False,"PUNY_IDNA,CJK",meditating中文,Chinese/Japanese/Korean,meditating in Chinese,22catchall,False,active,2026-05-15,2026-05-15,SS=hns_ss-export-tld.20251226_20260107_translated_20260117.adapted.csv;HSD=hns_bob_tlds.csv,2026-05-15T21:54:27,False
xn--meditation-4t2py55t,,,False,"PUNY_IDNA,CJK",meditation中文,Chinese/Japanese/Korean,meditation in Chinese,22catchall,False,active,2026-05-15,2026-05-15,SS=hns_ss-export-tld.20251226_20260107_translated_20260117.adapted.csv;HSD=hns_bob_tlds.csv,2026-05-15T21:54:27,False
xn--mg8hn2c,,,False,,,,,22catchall,False,active,2026-05-15,2026-05-15,SS=hns_ss-export-tld.20251226_20260107_translated_20260117.adapted.csv;HSD=hns_bob_tlds.csv,2026-05-15T21:54:27,False
xn--mg8ho2c,,,False,,,,,22catchall,False,active,2026-05-15,2026-05-15,SS=hns_ss-export-tld.20251226_20260107_translated_20260117.adapted.csv;HSD=hns_bob_tlds.csv,2026-05-15T21:54:27,False
xn--mgb2dl,,,False,,,,,22catchall,False,active,2026-05-15,2026-05-15,SS=hns_ss-export-tld.20251226_20260107_translated_20260117.adapted.csv;HSD=hns_bob_tlds.csv,2026-05-15T21:54:27,False
xn--mgbc6cyb,,,False,"PUNY_IDNA,Arabic",غالب,Arabic/Urdu/Uyghur,dominant,22catchall,False,active,2026-05-15,2026-05-15,SS=hns_ss-export-tld.20251226_20260107_translated_20260117.adapted.csv;HSD=hns_bob_tlds.csv,2026-05-15T21:54:27,False
xn--mgbpbq3ib,,,False,"PUNY_IDNA,Arabic",دادىسى,Arabic/Urdu/Uyghur,father,22catchall,False,active,2026-05-15,2026-05-15,SS=hns_ss-export-tld.20251226_20260107_translated_20260117.adapted.csv;HSD=hns_bob_tlds.csv,2026-05-15T21:54:27,False
xn--mgbpl1fsa,,,False,"PUNY_IDNA,Arabic",سيدنا,Arabic/Urdu/Uyghur,Our master,22catchall,False,active,2026-05-15,2026-05-15,SS=hns_ss-export-tld.20251226_20260107_translated_20260117.adapted.csv;HSD=hns_bob_tlds.csv,2026-05-15T21:54:27,False
xn--mgbup0cj,,,False,,,,,22catchall,False,active,2026-05-15,2026-05-15,SS=hns_ss-export-tld.20251226_20260107_translated_20260117.adapted.csv;HSD=hns_bob_tlds.csv,2026-05-15T21:54:27,False
xn--mh8h12a,,,False,,,,,tim4sk,False,active,2026-05-15,2026-05-15,SS=hns_ss-export-tld.20251226_20260107_translated_20260117.adapted.csv;HSD=hns_bob_tlds.csv,2026-05-15T21:54:27,False
xn--mj8hvz,,,False,,,,,dfps,False,active,2026-05-15,2026-05-15,SS=hns_ss-export-tld.20251226_20260107_translated_20260117.adapted.csv;HSD=hns_bob_tlds.csv,2026-05-15T21:54:27,False
xn--mj8hwz,,,False,,,,,dfps,False,active,2026-05-15,2026-05-15,SS=hns_ss-export-tld.20251226_20260107_translated_20260117.adapted.csv;HSD=hns_bob_tlds.csv,2026-05-15T21:54:27,False
xn--ml8hc63p,,,False,PUNY_IDNA,😖🎵🎶,"Letters + CONFOUNDED FACE, MUSICAL NOTE, MULTIPLE MUSICAL NOTES",,22catchall,False,active,2026-05-15,2026-05-15,SS=hns_ss-export-tld.20251226_20260107_translated_20260117.adapted.csv;HSD=hns_bob_tlds.csv,2026-05-15T21:54:27,False
xn--ml8hc72p,,,False,PUNY_IDNA,😓🎵🎶,"Letters + FACE WITH COLD SWEAT, MUSICAL NOTE, MULTIPLE MUSICAL NOTES",,22catchall,False,active,2026-05-15,2026-05-15,SS=hns_ss-export-tld.20251226_20260107_translated_20260117.adapted.csv;HSD=hns_bob_tlds.csv,2026-05-15T21:54:27,False
xn--mm8het,,,False,PUNY_IDNA,🏘🔊,"Letters + HOUSE BUILDINGS, SPEAKER WITH THREE SOUND WAVES",,22catchall,False,active,2026-05-15,2026-05-15,SS=hns_ss-export-tld.20251226_20260107_translated_20260117.adapted.csv;HSD=hns_bob_tlds.csv,2026-05-15T21:54:27,False
xn--mn8h7ez3c,,,False,PUNY_IDNA,👌🏻😍,"Letters + OK HAND SIGN, EMOJI MODIFIER FITZPATRICK TYPE-1-2, SMILING FACE WITH HEART-SHAPED EYES",,22catchall,False,active,2026-05-15,2026-05-15,SS=hns_ss-export-tld.20251226_20260107_translated_20260117.adapted.csv;HSD=hns_bob_tlds.csv,2026-05-15T21:54:27,False
xn--mnkey-ig34d,,,False,,,,,22catchall,False,active,2026-05-15,2026-05-15,SS=hns_ss-export-tld.20251226_20260107_translated_20260117.adapted.csv;HSD=hns_bob_tlds.csv,2026-05-15T21:54:27,False
xn--mnq52d,,,False,,,,,22catchall,False,active,2026-05-15,2026-05-15,SS=hns_ss-export-tld.20251226_20260107_translated_20260117.adapted.csv;HSD=hns_bob_tlds.csv,2026-05-15T21:54:27,False
xn--mo8h4o,,,False,,,,,22catchall,False,active,2026-05-15,2026-05-15,SS=hns_ss-export-tld.20251226_20260107_translated_20260117.adapted.csv;HSD=hns_bob_tlds.csv,2026-05-15T21:54:27,False
xn--mo8hz4a,,,False,,,,,k1f,False,active,2026-05-15,2026-05-15,SS=hns_ss-export-tld.20251226_20260107_translated_20260117.adapted.csv;HSD=hns_bob_tlds.csv,2026-05-15T21:54:27,False
xn--moon,,,False,,,,,tim4sk,False,active,2026-05-15,2026-05-15,SS=hns_ss-export-tld.20251226_20260107_translated_20260117.adapted.csv;HSD=hns_bob_tlds.csv,2026-05-15T21:54:27,False
xn--movienight-7q16i,,,False,,,,,22catchall,False,active,2026-05-15,2026-05-15,SS=hns_ss-export-tld.20251226_20260107_translated_20260117.adapted.csv;HSD=hns_bob_tlds.csv,2026-05-15T21:54:27,False
xn--ms-ry2cs33g,,,False,"PUNY_IDNA,CJK",ms中文,Chinese/Japanese/Korean,mschinese,22catchall,False,active,2026-05-15,2026-05-15,SS=hns_ss-export-tld.20251226_20260107_translated_20260117.adapted.csv;HSD=hns_bob_tlds.csv,2026-05-15T21:54:27,False
xn--mt7hr0h,,,False,,,,,22catchall,False,active,2026-05-15,2026-05-15,SS=hns_ss-export-tld.20251226_20260107_translated_20260117.adapted.csv;HSD=hns_bob_tlds.csv,2026-05-15T21:54:27,False
xn--mt7hs0h,,,False,,,,,22catchall,False,active,2026-05-15,2026-05-15,SS=hns_ss-export-tld.20251226_20260107_translated_20260117.adapted.csv;HSD=hns_bob_tlds.csv,2026-05-15T21:54:27,False
xn--mt8hkx,,,False,,,,,r1f,False,active,2026-05-15,2026-05-15,SS=hns_ss-export-tld.20251226_20260107_translated_20260117.adapted.csv;HSD=hns_bob_tlds.csv,2026-05-15T21:54:27,False
xn--mushroom,,,False,,,,,tim4sk,False,active,2026-05-15,2026-05-15,SS=hns_ss-export-tld.20251226_20260107_translated_20260117.adapted.csv;HSD=hns_bob_tlds.csv,2026-05-15T21:54:27,False
xn--mushrooms,,,False,,,,,tim4sk,False,active,2026-05-15,2026-05-15,SS=hns_ss-export-tld.20251226_20260107_translated_20260117.adapted.csv;HSD=hns_bob_tlds.csv,2026-05-15T21:54:27,False
xn--mxa6ajj,,,False,"PUNY_IDNA,Greek",χαρτ,Greek,map,22catchall,False,active,2026-05-15,2026-05-15,SS=hns_ss-export-tld.20251226_20260107_translated_20260117.adapted.csv;HSD=hns_bob_tlds.csv,2026-05-15T21:54:27,False
xn--n00b,,,False,,,,,tim4sk,False,active,2026-05-15,2026-05-15,SS=hns_ss-export-tld.20251226_20260107_translated_20260117.adapted.csv;HSD=hns_bob_tlds.csv,2026-05-15T21:54:27,False
xn--n3cpfk1fc7m,,,False,,,,,tim4sk,False,active,2026-05-15,2026-05-15,SS=hns_ss-export-tld.20251226_20260107_translated_20260117.adapted.csv;HSD=hns_bob_tlds.csv,2026-05-15T21:54:27,False
xn--n3h9280o,,,False,PUNY_IDNA,😍☃,"Letters + SMILING FACE WITH HEART-SHAPED EYES, SNOWMAN",,22catchall,False,active,2026-05-15,2026-05-15,SS=hns_ss-export-tld.20251226_20260107_translated_20260117.adapted.csv;HSD=hns_bob_tlds.csv,2026-05-15T21:54:27,False
xn--n77hma016c,,,False,,,,,22catchall,False,active,2026-05-15,2026-05-15,SS=hns_ss-export-tld.20251226_20260107_translated_20260117.adapted.csv;HSD=hns_bob_tlds.csv,2026-05-15T21:54:27,False
xn--n77hma03l,,,False,,,,,22catchall,False,active,2026-05-15,2026-05-15,SS=hns_ss-export-tld.20251226_20260107_translated_20260117.adapted.csv;HSD=hns_bob_tlds.csv,2026-05-15T21:54:27,False
xn--n8j9a9dug,,,False,"PUNY_IDNA,Japanese",ばんざい,Japanese,Good luck,22catchall,False,active,2026-05-15,2026-05-15,SS=hns_ss-export-tld.20251226_20260107_translated_20260117.adapted.csv;HSD=hns_bob_tlds.csv,2026-05-15T21:54:27,False
xn--nckh9tz79m,,,False,,,,,tim4sk,False,active,2026-05-15,2026-05-15,SS=hns_ss-export-tld.20251226_20260107_translated_20260117.adapted.csv;HSD=hns_bob_tlds.csv,2026-05-15T21:54:27,False
xn--nft-eza,,,False,"PUNY_IDNA,European",nftś,European (Latin Extended),nftś,22catchall,False,active,2026-05-15,2026-05-15,SS=hns_ss-export-tld.20251226_20260107_translated_20260117.adapted.csv;HSD=hns_bob_tlds.csv,2026-05-15T21:54:27,False
xn--ng8hl2c,,,False,,,,,22catchall,False,active,2026-05-15,2026-05-15,SS=hns_ss-export-tld.20251226_20260107_translated_20260117.adapted.csv;HSD=hns_bob_tlds.csv,2026-05-15T21:54:27,False
xn--ng8hm2c,,,False,,,,,22catchall,False,active,2026-05-15,2026-05-15,SS=hns_ss-export-tld.20251226_20260107_translated_20260117.adapted.csv;HSD=hns_bob_tlds.csv,2026-05-15T21:54:27,False
xn--ngbrx4a2c,,,False,,,,,h4ndsh4k,False,active,2026-05-15,2026-05-15,SS=hns_ss-export-tld.20251226_20260107_translated_20260117.adapted.csv;HSD=hns_bob_tlds.csv,2026-05-15T21:54:27,False
xn--nl8h91b,,,False,PUNY_IDNA,😘🎶,"Letters + FACE THROWING A KISS, MULTIPLE MUSICAL NOTES",,22catchall,False,active,2026-05-15,2026-05-15,SS=hns_ss-export-tld.20251226_20260107_translated_20260117.adapted.csv;HSD=hns_bob_tlds.csv,2026-05-15T21:54:27,False
xn--nm8h1t,,,False,PUNY_IDNA,🔗🏙,"Letters + LINK SYMBOL, CITYSCAPE",,22catchall,False,active,2026-05-15,2026-05-15,SS=hns_ss-export-tld.20251226_20260107_translated_20260117.adapted.csv;HSD=hns_bob_tlds.csv,2026-05-15T21:54:27,False
xn--nm8hh9a,,,False,,,,,22catchall,False,active,2026-05-15,2026-05-15,SS=hns_ss-export-tld.20251226_20260107_translated_20260117.adapted.csv;HSD=hns_bob_tlds.csv,2026-05-15T21:54:27,False
xn--nm8hi9a,,,False,,,,,22catchall,False,active,2026-05-15,2026-05-15,SS=hns_ss-export-tld.20251226_20260107_translated_20260117.adapted.csv;HSD=hns_bob_tlds.csv,2026-05-15T21:54:27,False
xn--nnuo6i,,,False,,,,,22catchall,False,active,2026-05-15,2026-05-15,SS=hns_ss-export-tld.20251226_20260107_translated_20260117.adapted.csv;HSD=hns_bob_tlds.csv,2026-05-15T21:54:27,False
xn--no8h7a,,,False,,,,,r1f,False,active,2026-05-15,2026-05-15,SS=hns_ss-export-tld.20251226_20260107_translated_20260117.adapted.csv;HSD=hns_bob_tlds.csv,2026-05-15T21:54:27,False
xn--no8hx4a,,,False,,,,,22catchall,False,active,2026-05-15,2026-05-15,SS=hns_ss-export-tld.20251226_20260107_translated_20260117.adapted.csv;HSD=hns_bob_tlds.csv,2026-05-15T21:54:27,False
xn--noodles-o974f,,,False,,,,,22catchall,False,active,2026-05-15,2026-05-15,SS=hns_ss-export-tld.20251226_20260107_translated_20260117.adapted.csv;HSD=hns_bob_tlds.csv,2026-05-15T21:54:27,False
xn--ns8h02f,,,False,PUNY_IDNA,💫🦘,"Letters + DIZZY SYMBOL, KANGAROO",,22catchall,False,active,2026-05-15,2026-05-15,SS=hns_ss-export-tld.20251226_20260107_translated_20260117.adapted.csv;HSD=hns_bob_tlds.csv,2026-05-15T21:54:27,False
xn--ns8hnvne,,,False,PUNY_IDNA,😂😵💫,FACE WITH TEARS OF JOY + DIZZY FACE + DIZZY SYMBOL,,22catchall,False,active,2026-05-15,2026-05-15,SS=hns_ss-export-tld.20251226_20260107_translated_20260117.adapted.csv;HSD=hns_bob_tlds.csv,2026-05-15T21:54:27,False
xn--ns8hxes0b,,,False,,,,,22catchall,False,active,2026-05-15,2026-05-15,SS=hns_ss-export-tld.20251226_20260107_translated_20260117.adapted.csv;HSD=hns_bob_tlds.csv,2026-05-15T21:54:27,False
xn--ns8hz2f,,,False,,,,,tim4sk,False,active,2026-05-15,2026-05-15,SS=hns_ss-export-tld.20251226_20260107_translated_20260117.adapted.csv;HSD=hns_bob_tlds.csv,2026-05-15T21:54:27,False
xn--nxd1a1ptq,,,False,,,,,22catchall,False,active,2026-05-15,2026-05-15,SS=hns_ss-export-tld.20251226_20260107_translated_20260117.adapted.csv;HSD=hns_bob_tlds.csv,2026-05-15T21:54:27,False
xn--nxd2spe,,,False,,,,,22catchall,False,active,2026-05-15,2026-05-15,SS=hns_ss-export-tld.20251226_20260107_translated_20260117.adapted.csv;HSD=hns_bob_tlds.csv,2026-05-15T21:54:27,False
xn--nxd3e2pja17d,,,False,,,,,22catchall,False,active,2026-05-15,2026-05-15,SS=hns_ss-export-tld.20251226_20260107_translated_20260117.adapted.csv;HSD=hns_bob_tlds.csv,2026-05-15T21:54:27,False
xn--nxd7r1fsz,,,False,,,,,22catchall,False,active,2026-05-15,2026-05-15,SS=hns_ss-export-tld.20251226_20260107_translated_20260117.adapted.csv;HSD=hns_bob_tlds.csv,2026-05-15T21:54:27,False
xn--nxdv32bvb,,,False,,,,,22catchall,False,active,2026-05-15,2026-05-15,SS=hns_ss-export-tld.20251226_20260107_translated_20260117.adapted.csv;HSD=hns_bob_tlds.csv,2026-05-15T21:54:27,False
xn--oceano-o12n50a,,,False,,,,,22catchall,False,active,2026-05-15,2026-05-15,SS=hns_ss-export-tld.20251226_20260107_translated_20260117.adapted.csv;HSD=hns_bob_tlds.csv,2026-05-15T21:54:27,False
xn--oe-ema,,,False,"PUNY_IDNA,European",oče,European (Latin Extended),father,22catchall,False,active,2026-05-15,2026-05-15,SS=hns_ss-export-tld.20251226_20260107_translated_20260117.adapted.csv;HSD=hns_bob_tlds.csv,2026-05-15T21:54:27,False
xn--og8h62i,,,False,,,,,22catchall,False,active,2026-05-15,2026-05-15,SS=hns_ss-export-tld.20251226_20260107_translated_20260117.adapted.csv;HSD=hns_bob_tlds.csv,2026-05-15T21:54:27,False
xn--ogr,,,False,,,,,22catchall,False,active,2026-05-15,2026-05-15,SS=hns_ss-export-tld.20251226_20260107_translated_20260117.adapted.csv;HSD=hns_bob_tlds.csv,2026-05-15T21:54:27,False
xn--ohm-e0c,,,False,"PUNY_IDNA,Greek",ωohm,Greek,ωohm,22catchall,False,active,2026-05-15,2026-05-15,SS=hns_ss-export-tld.20251226_20260107_translated_20260117.adapted.csv;HSD=hns_bob_tlds.csv,2026-05-15T21:54:27,False
xn--oi2by5xdyh,,,False,,,,,timaxau,False,active,2026-05-15,2026-05-15,SS=hns_ss-export-tld.20251226_20260107_translated_20260117.adapted.csv;HSD=hns_bob_tlds.csv,2026-05-15T21:54:27,False
xn--oidg6c1h,,,False,PUNY_IDNA,ဖခင်,"Letters + MYANMAR LETTER PHA, MYANMAR LETTER KHA, MYANMAR LETTER NGA, MYANMAR SIGN ASAT",Father,22catchall,False,active,2026-05-15,2026-05-15,SS=hns_ss-export-tld.20251226_20260107_translated_20260117.adapted.csv;HSD=hns_bob_tlds.csv,2026-05-15T21:54:27,False
xn--on8ha90h53aca,,,False,PUNY_IDNA,🙏🏽🕉🙏🏽,"Letters + PERSON WITH FOLDED HANDS, EMOJI MODIFIER FITZPATRICK TYPE-4, OM SYMBOL, PERSON WITH FOLDED HANDS, EMOJI MODIFIER FITZPATRICK TYPE-4",,22catchall,False,active,2026-05-15,2026-05-15,SS=hns_ss-export-tld.20251226_20260107_translated_20260117.adapted.csv;HSD=hns_bob_tlds.csv,2026-05-15T21:54:27,False
xn--on8hea15ab,,,False,PUNY_IDNA,👰🏽👰🏿,"Letters + BRIDE WITH VEIL, EMOJI MODIFIER FITZPATRICK TYPE-4, BRIDE WITH VEIL, EMOJI MODIFIER FITZPATRICK TYPE-6",,22catchall,False,active,2026-05-15,2026-05-15,SS=hns_ss-export-tld.20251226_20260107_translated_20260117.adapted.csv;HSD=hns_bob_tlds.csv,2026-05-15T21:54:27,False
xn--oo8hv4a,,,False,,,,,22catchall,False,active,2026-05-15,2026-05-15,SS=hns_ss-export-tld.20251226_20260107_translated_20260117.adapted.csv;HSD=hns_bob_tlds.csv,2026-05-15T21:54:27,False
xn--oorw50i,,,False,,,,,22catchall,False,active,2026-05-15,2026-05-15,SS=hns_ss-export-tld.20251226_20260107_translated_20260117.adapted.csv;HSD=hns_bob_tlds.csv,2026-05-15T21:54:27,False
xn--opensea,,,False,,,,,22catchall,False,active,2026-05-15,2026-05-15,SS=hns_ss-export-tld.20251226_20260107_translated_20260117.adapted.csv;HSD=hns_bob_tlds.csv,2026-05-15T21:54:27,False
xn--oq9hnm,,,False,,,,,k1f,False,active,2026-05-15,2026-05-15,SS=hns_ss-export-tld.20251226_20260107_translated_20260117.adapted.csv;HSD=hns_bob_tlds.csv,2026-05-15T21:54:27,False
xn--oq9hom,,,False,,,,,k1f,False,active,2026-05-15,2026-05-15,SS=hns_ss-export-tld.20251226_20260107_translated_20260117.adapted.csv;HSD=hns_bob_tlds.csv,2026-05-15T21:54:27,False
xn--os5bog,,,False,,,,,22catchall,False,active,2026-05-15,2026-05-15,SS=hns_ss-export-tld.20251226_20260107_translated_20260117.adapted.csv;HSD=hns_bob_tlds.csv,2026-05-15T21:54:27,False
xn--ot9hoa,,,False,,,,,timaxau,False,active,2026-05-15,2026-05-15,SS=hns_ss-export-tld.20251226_20260107_translated_20260117.adapted.csv;HSD=hns_bob_tlds.csv,2026-05-15T21:54:27,False
xn--otx163g,,,False,,,,,22catchall,False,active,2026-05-15,2026-05-15,SS=hns_ss-export-tld.20251226_20260107_translated_20260117.adapted.csv;HSD=hns_bob_tlds.csv,2026-05-15T21:54:27,False
xn--oyster-o825e,,,False,,,,,22catchall,False,active,2026-05-15,2026-05-15,SS=hns_ss-export-tld.20251226_20260107_translated_20260117.adapted.csv;HSD=hns_bob_tlds.csv,2026-05-15T21:54:27,False
xn--oz-m352akc,,,False,,,,,22catchall,False,active,2026-05-15,2026-05-15,SS=hns_ss-export-tld.20251226_20260107_translated_20260117.adapted.csv;HSD=hns_bob_tlds.csv,2026-05-15T21:54:27,False
xn--oz-o352akc,,,False,,,,,22catchall,False,active,2026-05-15,2026-05-15,SS=hns_ss-export-tld.20251226_20260107_translated_20260117.adapted.csv;HSD=hns_bob_tlds.csv,2026-05-15T21:54:27,False
xn--p28hx9c,,,False,PUNY_IDNA,🦇😋,"Letters + BAT, FACE SAVOURING DELICIOUS FOOD",,22catchall,False,active,2026-05-15,2026-05-15,SS=hns_ss-export-tld.20251226_20260107_translated_20260117.adapted.csv;HSD=hns_bob_tlds.csv,2026-05-15T21:54:27,False
xn--p5t330d,,,False,"PUNY_IDNA,CJK",德稻,Chinese/Japanese/Korean,DeTao,22catchall,False,active,2026-05-15,2026-05-15,SS=hns_ss-export-tld.20251226_20260107_translated_20260117.adapted.csv;HSD=hns_bob_tlds.csv,2026-05-15T21:54:27,False
xn--p77hd332a,,,False,PUNY_IDNA,😃🇳🇱,SMILING FACE WITH OPEN MOUTH + REGIONAL INDICATOR SYMBOL LETTER N + REGIONAL INDICATOR SYMBOL LETTER L,,22catchall,False,active,2026-05-15,2026-05-15,SS=hns_ss-export-tld.20251226_20260107_translated_20260117.adapted.csv;HSD=hns_bob_tlds.csv,2026-05-15T21:54:27,False
xn--p77hlai,,,False,,,,,22catchall,False,active,2026-05-15,2026-05-15,SS=hns_ss-export-tld.20251226_20260107_translated_20260117.adapted.csv;HSD=hns_bob_tlds.csv,2026-05-15T21:54:27,False
xn--p8t,,,False,,,,,22catchall,False,active,2026-05-15,2026-05-15,SS=hns_ss-export-tld.20251226_20260107_translated_20260117.adapted.csv;HSD=hns_bob_tlds.csv,2026-05-15T21:54:27,False
xn--pciv848mbda,,,False,PUNY_IDNA,🐝✝👀,"Letters + HONEYBEE, LATIN CROSS, EYES",,22catchall,False,active,2026-05-15,2026-05-15,SS=hns_ss-export-tld.20251226_20260107_translated_20260117.adapted.csv;HSD=hns_bob_tlds.csv,2026-05-15T21:54:27,False
xn--pg8hh2c,,,False,,,,,22catchall,False,active,2026-05-15,2026-05-15,SS=hns_ss-export-tld.20251226_20260107_translated_20260117.adapted.csv;HSD=hns_bob_tlds.csv,2026-05-15T21:54:27,False
xn--pg8hi2c,,,False,,,,,22catchall,False,active,2026-05-15,2026-05-15,SS=hns_ss-export-tld.20251226_20260107_translated_20260117.adapted.csv;HSD=hns_bob_tlds.csv,2026-05-15T21:54:27,False
xn--photography-sb96j,,,False,,,,,tim4sk,False,active,2026-05-15,2026-05-15,SS=hns_ss-export-tld.20251226_20260107_translated_20260117.adapted.csv;HSD=hns_bob_tlds.csv,2026-05-15T21:54:27,False
xn--plane-el2c,,,False,,,,,22catchall,False,active,2026-05-15,2026-05-15,SS=hns_ss-export-tld.20251226_20260107_translated_20260117.adapted.csv;HSD=hns_bob_tlds.csv,2026-05-15T21:54:27,False
xn--po8hib,,,False,,,,,tim4sk,False,active,2026-05-15,2026-05-15,SS=hns_ss-export-tld.20251226_20260107_translated_20260117.adapted.csv;HSD=hns_bob_tlds.csv,2026-05-15T21:54:27,False
xn--power,,,False,,,,,tim4sk,False,active,2026-05-15,2026-05-15,SS=hns_ss-export-tld.20251226_20260107_translated_20260117.adapted.csv;HSD=hns_bob_tlds.csv,2026-05-15T21:54:27,False
xn--pps-5ycb,,,False,"PUNY_IDNA,Greek",pξpξs,Greek,pξpξs,22catchall,False,active,2026-05-15,2026-05-15,SS=hns_ss-export-tld.20251226_20260107_translated_20260117.adapted.csv;HSD=hns_bob_tlds.csv,2026-05-15T21:54:27,False
xn--pr9hwa23a,,,False,PUNY_IDNA,🥓🥞🧈,"Letters + BACON, PANCAKES, BUTTER",,22catchall,False,active,2026-05-15,2026-05-15,SS=hns_ss-export-tld.20251226_20260107_translated_20260117.adapted.csv;HSD=hns_bob_tlds.csv,2026-05-15T21:54:27,False
xn--prrz31l,,,False,"PUNY_IDNA,CJK",遥吻,Chinese/Japanese/Korean,distant kiss,22catchall,False,active,2026-05-15,2026-05-15,SS=hns_ss-export-tld.20251226_20260107_translated_20260117.adapted.csv;HSD=hns_bob_tlds.csv,2026-05-15T21:54:27,False
xn--prst60e,,,False,,,,,22catchall,False,active,2026-05-15,2026-05-15,SS=hns_ss-export-tld.20251226_20260107_translated_20260117.adapted.csv;HSD=hns_bob_tlds.csv,2026-05-15T21:54:27,False
xn--pyd89a,,,False,,,,,22catchall,False,active,2026-05-15,2026-05-15,SS=hns_ss-export-tld.20251226_20260107_translated_20260117.adapted.csv;HSD=hns_bob_tlds.csv,2026-05-15T21:54:27,False
xn--q68hp5c,,,False,PUNY_IDNA,🧐🚘,"Letters + FACE WITH MONOCLE, ONCOMING AUTOMOBILE",,22catchall,False,active,2026-05-15,2026-05-15,SS=hns_ss-export-tld.20251226_20260107_translated_20260117.adapted.csv;HSD=hns_bob_tlds.csv,2026-05-15T21:54:27,False
xn--q77hna512a,,,False,,,,,timaxau,False,active,2026-05-15,2026-05-15,SS=hns_ss-export-tld.20251226_20260107_translated_20260117.adapted.csv;HSD=hns_bob_tlds.csv,2026-05-15T21:54:27,False
xn--q7f6c,,,False,,,,,timaxau,False,active,2026-05-15,2026-05-15,SS=hns_ss-export-tld.20251226_20260107_translated_20260117.adapted.csv;HSD=hns_bob_tlds.csv,2026-05-15T21:54:27,False
xn--qei0348muta,,,False,PUNY_IDNA,👁❤🔥,"Letters + EYE, HEAVY BLACK HEART, FIRE",,22catchall,False,active,2026-05-15,2026-05-15,SS=hns_ss-export-tld.20251226_20260107_translated_20260117.adapted.csv;HSD=hns_bob_tlds.csv,2026-05-15T21:54:27,False
xn--qei0818mqka,,,False,,,,,22catchall,False,active,2026-05-15,2026-05-15,SS=hns_ss-export-tld.20251226_20260107_translated_20260117.adapted.csv;HSD=hns_bob_tlds.csv,2026-05-15T21:54:27,False
xn--qei1558m,,,False,,,,,tim4sk,False,active,2026-05-15,2026-05-15,SS=hns_ss-export-tld.20251226_20260107_translated_20260117.adapted.csv;HSD=hns_bob_tlds.csv,2026-05-15T21:54:27,False
xn--qei4438muga,,,False,PUNY_IDNA,❤👌🏿,"Letters + HEAVY BLACK HEART, OK HAND SIGN, EMOJI MODIFIER FITZPATRICK TYPE-6",,22catchall,False,active,2026-05-15,2026-05-15,SS=hns_ss-export-tld.20251226_20260107_translated_20260117.adapted.csv;HSD=hns_bob_tlds.csv,2026-05-15T21:54:27,False
xn--qei9934emqxg,,,False,,,,,tim4sk,False,active,2026-05-15,2026-05-15,SS=hns_ss-export-tld.20251226_20260107_translated_20260117.adapted.csv;HSD=hns_bob_tlds.csv,2026-05-15T21:54:27,False
xn--qeiv367mzba,,,False,,,,,timaxau,False,active,2026-05-15,2026-05-15,SS=hns_ss-export-tld.20251226_20260107_translated_20260117.adapted.csv;HSD=hns_bob_tlds.csv,2026-05-15T21:54:27,False
xn--qeiz367mmba,,,False,PUNY_IDNA,❤🇸🇨,HEAVY BLACK HEART + REGIONAL INDICATOR SYMBOL LETTER S + REGIONAL INDICATOR SYMBOL LETTER C,,22catchall,False,active,2026-05-15,2026-05-15,SS=hns_ss-export-tld.20251226_20260107_translated_20260117.adapted.csv;HSD=hns_bob_tlds.csv,2026-05-15T21:54:27,False
xn--qfk,,,False,,,,,22catchall,False,active,2026-05-15,2026-05-15,SS=hns_ss-export-tld.20251226_20260107_translated_20260117.adapted.csv;HSD=hns_bob_tlds.csv,2026-05-15T21:54:27,False
xn--qg8h12b,,,False,,,,,22catchall,False,active,2026-05-15,2026-05-15,SS=hns_ss-export-tld.20251226_20260107_translated_20260117.adapted.csv;HSD=hns_bob_tlds.csv,2026-05-15T21:54:27,False
xn--qg8h22b,,,False,,,,,22catchall,False,active,2026-05-15,2026-05-15,SS=hns_ss-export-tld.20251226_20260107_translated_20260117.adapted.csv;HSD=hns_bob_tlds.csv,2026-05-15T21:54:27,False
xn--qg8h3y,,,False,,,,,22catchall,False,active,2026-05-15,2026-05-15,SS=hns_ss-export-tld.20251226_20260107_translated_20260117.adapted.csv;HSD=hns_bob_tlds.csv,2026-05-15T21:54:27,False
xn--qg8h71c,,,False,,,,,tim4sk,False,active,2026-05-15,2026-05-15,SS=hns_ss-export-tld.20251226_20260107_translated_20260117.adapted.csv;HSD=hns_bob_tlds.csv,2026-05-15T21:54:27,False
xn--qg8h7b,,,False,,,,,22catchall,False,active,2026-05-15,2026-05-15,SS=hns_ss-export-tld.20251226_20260107_translated_20260117.adapted.csv;HSD=hns_bob_tlds.csv,2026-05-15T21:54:27,False
xn--qg8hf2c,,,False,,,,,22catchall,False,active,2026-05-15,2026-05-15,SS=hns_ss-export-tld.20251226_20260107_translated_20260117.adapted.csv;HSD=hns_bob_tlds.csv,2026-05-15T21:54:27,False
xn--qg8hg2c,,,False,,,,,22catchall,False,active,2026-05-15,2026-05-15,SS=hns_ss-export-tld.20251226_20260107_translated_20260117.adapted.csv;HSD=hns_bob_tlds.csv,2026-05-15T21:54:27,False
xn--qg8hvy,,,False,,,,,22catchall,False,active,2026-05-15,2026-05-15,SS=hns_ss-export-tld.20251226_20260107_translated_20260117.adapted.csv;HSD=hns_bob_tlds.csv,2026-05-15T21:54:27,False
xn--qiq305abwg,,,False,,,,,22catchall,False,active,2026-05-15,2026-05-15,SS=hns_ss-export-tld.20251226_20260107_translated_20260117.adapted.csv;HSD=hns_bob_tlds.csv,2026-05-15T21:54:27,False
xn--qn8h4ih0j,,,False,PUNY_IDNA,🤙🏿💎,"Letters + CALL ME HAND, EMOJI MODIFIER FITZPATRICK TYPE-6, GEM STONE",,22catchall,False,active,2026-05-15,2026-05-15,SS=hns_ss-export-tld.20251226_20260107_translated_20260117.adapted.csv;HSD=hns_bob_tlds.csv,2026-05-15T21:54:27,False
xn--qn8h4ik0a,,,False,PUNY_IDNA,🖖🏿💎,"Letters + RAISED HAND WITH PART BETWEEN MIDDLE AND RING FINGERS, EMOJI MODIFIER FITZPATRICK TYPE-6, GEM STONE",,22catchall,False,active,2026-05-15,2026-05-15,SS=hns_ss-export-tld.20251226_20260107_translated_20260117.adapted.csv;HSD=hns_bob_tlds.csv,2026-05-15T21:54:27,False
xn--qn8h4iq8b,,,False,PUNY_IDNA,🙌🏿💎,"Letters + PERSON RAISING BOTH HANDS IN CELEBRATION, EMOJI MODIFIER FITZPATRICK TYPE-6, GEM STONE",,22catchall,False,active,2026-05-15,2026-05-15,SS=hns_ss-export-tld.20251226_20260107_translated_20260117.adapted.csv;HSD=hns_bob_tlds.csv,2026-05-15T21:54:27,False
xn--qq8h3i24j,,,False,,,,,22catchall,False,active,2026-05-15,2026-05-15,SS=hns_ss-export-tld.20251226_20260107_translated_20260117.adapted.csv;HSD=hns_bob_tlds.csv,2026-05-15T21:54:27,False
xn--qq8h3i54j,,,False,,,,,22catchall,False,active,2026-05-15,2026-05-15,SS=hns_ss-export-tld.20251226_20260107_translated_20260117.adapted.csv;HSD=hns_bob_tlds.csv,2026-05-15T21:54:27,False
xn--qq8h3ih5j,,,False,,,,,22catchall,False,active,2026-05-15,2026-05-15,SS=hns_ss-export-tld.20251226_20260107_translated_20260117.adapted.csv;HSD=hns_bob_tlds.csv,2026-05-15T21:54:27,False
xn--qq8h3iz4j,,,False,,,,,22catchall,False,active,2026-05-15,2026-05-15,SS=hns_ss-export-tld.20251226_20260107_translated_20260117.adapted.csv;HSD=hns_bob_tlds.csv,2026-05-15T21:54:27,False
xn--qrq961b,,,False,"PUNY_IDNA,CJK",怂佳,Chinese/Japanese/Korean,Cowardly,22catchall,False,active,2026-05-15,2026-05-15,SS=hns_ss-export-tld.20251226_20260107_translated_20260117.adapted.csv;HSD=hns_bob_tlds.csv,2026-05-15T21:54:27,False
xn--qtr38n,,,False,,,,,22catchall,False,active,2026-05-15,2026-05-15,SS=hns_ss-export-tld.20251226_20260107_translated_20260117.adapted.csv;HSD=hns_bob_tlds.csv,2026-05-15T21:54:27,False
xn--qyd6sle,,,False,,,,,22catchall,False,active,2026-05-15,2026-05-15,SS=hns_ss-export-tld.20251226_20260107_translated_20260117.adapted.csv;HSD=hns_bob_tlds.csv,2026-05-15T21:54:27,False
xn--r0x,,,False,,,,,tim4sk,False,active,2026-05-15,2026-05-15,SS=hns_ss-export-tld.20251226_20260107_translated_20260117.adapted.csv;HSD=hns_bob_tlds.csv,2026-05-15T21:54:27,False
xn--r0y,,,False,,,,,tim4sk,False,active,2026-05-15,2026-05-15,SS=hns_ss-export-tld.20251226_20260107_translated_20260117.adapted.csv;HSD=hns_bob_tlds.csv,2026-05-15T21:54:27,False
xn--r1abl7a,,,False,"PUNY_IDNA,Cyrillic",чуят,Cyrillic (Russian/Ukrainian),they hear,22catchall,False,active,2026-05-15,2026-05-15,SS=hns_ss-export-tld.20251226_20260107_translated_20260117.adapted.csv;HSD=hns_bob_tlds.csv,2026-05-15T21:54:27,False
xn--r28hfb,,,False,PUNY_IDNA,😠😍,ANGRY FACE + SMILING FACE WITH HEART-SHAPED EYES,,22catchall,False,active,2026-05-15,2026-05-15,SS=hns_ss-export-tld.20251226_20260107_translated_20260117.adapted.csv;HSD=hns_bob_tlds.csv,2026-05-15T21:54:27,False
xn--r28hgb,,,False,PUNY_IDNA,😍😠,SMILING FACE WITH HEART-SHAPED EYES + ANGRY FACE,,22catchall,False,active,2026-05-15,2026-05-15,SS=hns_ss-export-tld.20251226_20260107_translated_20260117.adapted.csv;HSD=hns_bob_tlds.csv,2026-05-15T21:54:27,False
xn--r28hh8c,,,False,PUNY_IDNA,🥱😍,YAWNING FACE + SMILING FACE WITH HEART-SHAPED EYES,,22catchall,False,active,2026-05-15,2026-05-15,SS=hns_ss-export-tld.20251226_20260107_translated_20260117.adapted.csv;HSD=hns_bob_tlds.csv,2026-05-15T21:54:27,False
xn--r28hi8c,,,False,PUNY_IDNA,😍🥱,SMILING FACE WITH HEART-SHAPED EYES + YAWNING FACE,,22catchall,False,active,2026-05-15,2026-05-15,SS=hns_ss-export-tld.20251226_20260107_translated_20260117.adapted.csv;HSD=hns_bob_tlds.csv,2026-05-15T21:54:27,False
xn--r28hma,,,False,PUNY_IDNA,😍😓,SMILING FACE WITH HEART-SHAPED EYES + FACE WITH COLD SWEAT,,22catchall,False,active,2026-05-15,2026-05-15,SS=hns_ss-export-tld.20251226_20260107_translated_20260117.adapted.csv;HSD=hns_bob_tlds.csv,2026-05-15T21:54:27,False
xn--r28hnc,,,False,PUNY_IDNA,😴😍,SLEEPING FACE + SMILING FACE WITH HEART-SHAPED EYES,,22catchall,False,active,2026-05-15,2026-05-15,SS=hns_ss-export-tld.20251226_20260107_translated_20260117.adapted.csv;HSD=hns_bob_tlds.csv,2026-05-15T21:54:27,False
xn--r28hoc,,,False,PUNY_IDNA,😍😴,SMILING FACE WITH HEART-SHAPED EYES + SLEEPING FACE,,22catchall,False,active,2026-05-15,2026-05-15,SS=hns_ss-export-tld.20251226_20260107_translated_20260117.adapted.csv;HSD=hns_bob_tlds.csv,2026-05-15T21:54:27,False
xn--r28hpb,,,False,PUNY_IDNA,😥😍,DISAPPOINTED BUT RELIEVED FACE + SMILING FACE WITH HEART-SHAPED EYES,,22catchall,False,active,2026-05-15,2026-05-15,SS=hns_ss-export-tld.20251226_20260107_translated_20260117.adapted.csv;HSD=hns_bob_tlds.csv,2026-05-15T21:54:27,False
xn--r28hvb,,,False,PUNY_IDNA,😨😍,FEARFUL FACE + SMILING FACE WITH HEART-SHAPED EYES,,22catchall,False,active,2026-05-15,2026-05-15,SS=hns_ss-export-tld.20251226_20260107_translated_20260117.adapted.csv;HSD=hns_bob_tlds.csv,2026-05-15T21:54:27,False
xn--r28hwb,,,False,PUNY_IDNA,😍😨,SMILING FACE WITH HEART-SHAPED EYES + FEARFUL FACE,,22catchall,False,active,2026-05-15,2026-05-15,SS=hns_ss-export-tld.20251226_20260107_translated_20260117.adapted.csv;HSD=hns_bob_tlds.csv,2026-05-15T21:54:27,False
xn--r3f,,,False,,,,,22catchall,False,active,2026-05-15,2026-05-15,SS=hns_ss-export-tld.20251226_20260107_translated_20260117.adapted.csv;HSD=hns_bob_tlds.csv,2026-05-15T21:54:27,False
xn--r5b8b8bj,,,False,PUNY_IDNA,গাভী,"Letters + BENGALI LETTER GA, BENGALI VOWEL SIGN AA, BENGALI LETTER BHA, BENGALI VOWEL SIGN II",the cow,22catchall,False,active,2026-05-15,2026-05-15,SS=hns_ss-export-tld.20251226_20260107_translated_20260117.adapted.csv;HSD=hns_bob_tlds.csv,2026-05-15T21:54:27,False
xn--r77hna07v,,,False,PUNY_IDNA,🔭🇺🇳,"Letters + TELESCOPE, REGIONAL INDICATOR SYMBOL LETTER U, REGIONAL INDICATOR SYMBOL LETTER N",,22catchall,False,active,2026-05-15,2026-05-15,SS=hns_ss-export-tld.20251226_20260107_translated_20260117.adapted.csv;HSD=hns_bob_tlds.csv,2026-05-15T21:54:27,False
xn--r77hna502a,,,False,,,,,22catchall,False,active,2026-05-15,2026-05-15,SS=hns_ss-export-tld.20251226_20260107_translated_20260117.adapted.csv;HSD=hns_bob_tlds.csv,2026-05-15T21:54:27,False
xn--r77hna695c,,,False,,,,,22catchall,False,active,2026-05-15,2026-05-15,SS=hns_ss-export-tld.20251226_20260107_translated_20260117.adapted.csv;HSD=hns_bob_tlds.csv,2026-05-15T21:54:27,False
xn--r77hya21z,,,False,,,,,22catchall,False,active,2026-05-15,2026-05-15,SS=hns_ss-export-tld.20251226_20260107_translated_20260117.adapted.csv;HSD=hns_bob_tlds.csv,2026-05-15T21:54:27,False
xn--r7h0480o,,,False,,,,,22catchall,False,active,2026-05-15,2026-05-15,SS=hns_ss-export-tld.20251226_20260107_translated_20260117.adapted.csv;HSD=hns_bob_tlds.csv,2026-05-15T21:54:27,False
xn--r8j6a8h,,,False,"PUNY_IDNA,Japanese",えもじ,Japanese,Emoji,22catchall,False,active,2026-05-15,2026-05-15,SS=hns_ss-export-tld.20251226_20260107_translated_20260117.adapted.csv;HSD=hns_bob_tlds.csv,2026-05-15T21:54:27,False
xn--rd3a12a,,,False,,,,,22catchall,False,active,2026-05-15,2026-05-15,SS=hns_ss-export-tld.20251226_20260107_translated_20260117.adapted.csv;HSD=hns_bob_tlds.csv,2026-05-15T21:54:27,False
xn--rlcal3kxa,,,False,"PUNY_IDNA,Tamil",தந்தை,Tamil,father,22catchall,False,active,2026-05-15,2026-05-15,SS=hns_ss-export-tld.20251226_20260107_translated_20260117.adapted.csv;HSD=hns_bob_tlds.csv,2026-05-15T21:54:27,False
xn--rn8h7e,,,False,PUNY_IDNA,👑🐀,"Letters + CROWN, RAT",,22catchall,False,active,2026-05-15,2026-05-15,SS=hns_ss-export-tld.20251226_20260107_translated_20260117.adapted.csv;HSD=hns_bob_tlds.csv,2026-05-15T21:54:27,False
xn--roh3493p,,,False,,,,,k1f,False,active,2026-05-15,2026-05-15,SS=hns_ss-export-tld.20251226_20260107_translated_20260117.adapted.csv;HSD=hns_bob_tlds.csv,2026-05-15T21:54:27,False
xn--rq8h1i54j,,,False,,,,,22catchall,False,active,2026-05-15,2026-05-15,SS=hns_ss-export-tld.20251226_20260107_translated_20260117.adapted.csv;HSD=hns_bob_tlds.csv,2026-05-15T21:54:27,False
xn--rq8h1i84j,,,False,,,,,22catchall,False,active,2026-05-15,2026-05-15,SS=hns_ss-export-tld.20251226_20260107_translated_20260117.adapted.csv;HSD=hns_bob_tlds.csv,2026-05-15T21:54:27,False
xn--rq8h1ih5j,,,False,,,,,22catchall,False,active,2026-05-15,2026-05-15,SS=hns_ss-export-tld.20251226_20260107_translated_20260117.adapted.csv;HSD=hns_bob_tlds.csv,2026-05-15T21:54:27,False
xn--rq8h1iz4j,,,False,,,,,22catchall,False,active,2026-05-15,2026-05-15,SS=hns_ss-export-tld.20251226_20260107_translated_20260117.adapted.csv;HSD=hns_bob_tlds.csv,2026-05-15T21:54:27,False
xn--rs8hpy,,,False,,,,,22catchall,False,active,2026-05-15,2026-05-15,SS=hns_ss-export-tld.20251226_20260107_translated_20260117.adapted.csv;HSD=hns_bob_tlds.csv,2026-05-15T21:54:27,False
xn--rsqared-gpf,,,False,,,,,22catchall,False,active,2026-05-15,2026-05-15,SS=hns_ss-export-tld.20251226_20260107_translated_20260117.adapted.csv;HSD=hns_bob_tlds.csv,2026-05-15T21:54:27,False
xn--rss41d,,,False,,,,,22catchall,False,active,2026-05-15,2026-05-15,SS=hns_ss-export-tld.20251226_20260107_translated_20260117.adapted.csv;HSD=hns_bob_tlds.csv,2026-05-15T21:54:27,False
xn--rss99nx8o,,,False,,,,,22catchall,False,active,2026-05-15,2026-05-15,SS=hns_ss-export-tld.20251226_20260107_translated_20260117.adapted.csv;HSD=hns_bob_tlds.csv,2026-05-15T21:54:27,False
xn--rsss09j,,,False,"PUNY_IDNA,CJK",天逆,Chinese/Japanese/Korean,Heaven's Rebellion,22catchall,False,active,2026-05-15,2026-05-15,SS=hns_ss-export-tld.20251226_20260107_translated_20260117.adapted.csv;HSD=hns_bob_tlds.csv,2026-05-15T21:54:27,False
xn--rsvx71g,,,False,,,,,22catchall,False,active,2026-05-15,2026-05-15,SS=hns_ss-export-tld.20251226_20260107_translated_20260117.adapted.csv;HSD=hns_bob_tlds.csv,2026-05-15T21:54:27,False
xn--rz8hzi,,,False,,,,,22catchall,False,active,2026-05-15,2026-05-15,SS=hns_ss-export-tld.20251226_20260107_translated_20260117.adapted.csv;HSD=hns_bob_tlds.csv,2026-05-15T21:54:27,False
xn--s1y,,,False,,,,,22catchall,False,active,2026-05-15,2026-05-15,SS=hns_ss-export-tld.20251226_20260107_translated_20260117.adapted.csv;HSD=hns_bob_tlds.csv,2026-05-15T21:54:27,False
xn--s77hja512a,,,False,PUNY_IDNA,😃🇹🇴,SMILING FACE WITH OPEN MOUTH + REGIONAL INDICATOR SYMBOL LETTER T + REGIONAL INDICATOR SYMBOL LETTER O,,22catchall,False,active,2026-05-15,2026-05-15,SS=hns_ss-export-tld.20251226_20260107_translated_20260117.adapted.csv;HSD=hns_bob_tlds.csv,2026-05-15T21:54:27,False
xn--sdka1fb,,,False,,,,,tim4sk,False,active,2026-05-15,2026-05-15,SS=hns_ss-export-tld.20251226_20260107_translated_20260117.adapted.csv;HSD=hns_bob_tlds.csv,2026-05-15T21:54:27,False
xn--sense,,,False,,,,,22catchall,False,active,2026-05-15,2026-05-15,SS=hns_ss-export-tld.20251226_20260107_translated_20260117.adapted.csv;HSD=hns_bob_tlds.csv,2026-05-15T21:54:27,False
xn--shutter-m43kr94o,,,False,"PUNY_IDNA,CJK",shutter中文,Chinese/Japanese/Korean,shutterChinese,22catchall,False,active,2026-05-15,2026-05-15,SS=hns_ss-export-tld.20251226_20260107_translated_20260117.adapted.csv;HSD=hns_bob_tlds.csv,2026-05-15T21:54:27,False
xn--shuttered-yl6n486r,,,False,"PUNY_IDNA,CJK",shuttered中文,Chinese/Japanese/Korean,shutteredChinese,22catchall,False,active,2026-05-15,2026-05-15,SS=hns_ss-export-tld.20251226_20260107_translated_20260117.adapted.csv;HSD=hns_bob_tlds.csv,2026-05-15T21:54:27,False
xn--sleep,,,False,,,,,22catchall,False,active,2026-05-15,2026-05-15,SS=hns_ss-export-tld.20251226_20260107_translated_20260117.adapted.csv;HSD=hns_bob_tlds.csv,2026-05-15T21:54:27,False
xn--sm8h38a,,,False,,,,,22catchall,False,active,2026-05-15,2026-05-15,SS=hns_ss-export-tld.20251226_20260107_translated_20260117.adapted.csv;HSD=hns_bob_tlds.csv,2026-05-15T21:54:27,False
xn--sm8h48a,,,False,,,,,22catchall,False,active,2026-05-15,2026-05-15,SS=hns_ss-export-tld.20251226_20260107_translated_20260117.adapted.csv;HSD=hns_bob_tlds.csv,2026-05-15T21:54:27,False
xn--sn8h6e,,,False,,,,,k1f,False,active,2026-05-15,2026-05-15,SS=hns_ss-export-tld.20251226_20260107_translated_20260117.adapted.csv;HSD=hns_bob_tlds.csv,2026-05-15T21:54:27,False
xn--sound,,,False,,,,,22catchall,False,active,2026-05-15,2026-05-15,SS=hns_ss-export-tld.20251226_20260107_translated_20260117.adapted.csv;HSD=hns_bob_tlds.csv,2026-05-15T21:54:27,False
xn--sprr0j,,,False,,,,,22catchall,False,active,2026-05-15,2026-05-15,SS=hns_ss-export-tld.20251226_20260107_translated_20260117.adapted.csv;HSD=hns_bob_tlds.csv,2026-05-15T21:54:27,False
xn--sr8hf2f,,,False,,,,,tim4sk,False,active,2026-05-15,2026-05-15,SS=hns_ss-export-tld.20251226_20260107_translated_20260117.adapted.csv;HSD=hns_bob_tlds.csv,2026-05-15T21:54:27,False
xn--ss8hpz,,,False,PUNY_IDNA,🙈💰,"Letters + SEE-NO-EVIL MONKEY, MONEY BAG",,22catchall,False,active,2026-05-15,2026-05-15,SS=hns_ss-export-tld.20251226_20260107_translated_20260117.adapted.csv;HSD=hns_bob_tlds.csv,2026-05-15T21:54:27,False
xn--ster-vqa,,,False,PUNY_IDNA,sôter,Letters + LATIN SMALL LETTER O WITH CIRCUMFLEX,soter,22catchall,False,active,2026-05-15,2026-05-15,SS=hns_ss-export-tld.20251226_20260107_translated_20260117.adapted.csv;HSD=hns_bob_tlds.csv,2026-05-15T21:54:27,False
xn--sw6a,,,False,,,,,h4ndsh4k,False,active,2026-05-15,2026-05-15,SS=hns_ss-export-tld.20251226_20260107_translated_20260117.adapted.csv;HSD=hns_bob_tlds.csv,2026-05-15T21:54:27,False
xn--syd2g4jrw,,,False,,,,,22catchall,False,active,2026-05-15,2026-05-15,SS=hns_ss-export-tld.20251226_20260107_translated_20260117.adapted.csv;HSD=hns_bob_tlds.csv,2026-05-15T21:54:27,False
xn--syd5p9t,,,False,,,,,22catchall,False,active,2026-05-15,2026-05-15,SS=hns_ss-export-tld.20251226_20260107_translated_20260117.adapted.csv;HSD=hns_bob_tlds.csv,2026-05-15T21:54:27,False
xn--t38hmg,,,False,PUNY_IDNA,😲🚘,"Letters + ASTONISHED FACE, ONCOMING AUTOMOBILE",,22catchall,False,active,2026-05-15,2026-05-15,SS=hns_ss-export-tld.20251226_20260107_translated_20260117.adapted.csv;HSD=hns_bob_tlds.csv,2026-05-15T21:54:27,False
xn--t77hia412a,,,False,PUNY_IDNA,😃🇵🇹,SMILING FACE WITH OPEN MOUTH + REGIONAL INDICATOR SYMBOL LETTER P + REGIONAL INDICATOR SYMBOL LETTER T,,22catchall,False,active,2026-05-15,2026-05-15,SS=hns_ss-export-tld.20251226_20260107_translated_20260117.adapted.csv;HSD=hns_bob_tlds.csv,2026-05-15T21:54:27,False
xn--t7h1220oqbd,,,False,,,,,22catchall,False,active,2026-05-15,2026-05-15,SS=hns_ss-export-tld.20251226_20260107_translated_20260117.adapted.csv;HSD=hns_bob_tlds.csv,2026-05-15T21:54:27,False
xn--t7h9100oima,,,False,,,,,22catchall,False,active,2026-05-15,2026-05-15,SS=hns_ss-export-tld.20251226_20260107_translated_20260117.adapted.csv;HSD=hns_bob_tlds.csv,2026-05-15T21:54:27,False
xn--t7hx200ofma,,,False,,,,,22catchall,False,active,2026-05-15,2026-05-15,SS=hns_ss-export-tld.20251226_20260107_translated_20260117.adapted.csv;HSD=hns_bob_tlds.csv,2026-05-15T21:54:27,False
xn--tao,,,False,,,,,22catchall,False,active,2026-05-15,2026-05-15,SS=hns_ss-export-tld.20251226_20260107_translated_20260117.adapted.csv;HSD=hns_bob_tlds.csv,2026-05-15T21:54:27,False
xn--tat-cpa,,,False,"PUNY_IDNA,European",tată,European (Latin Extended),father,22catchall,False,active,2026-05-15,2026-05-15,SS=hns_ss-export-tld.20251226_20260107_translated_20260117.adapted.csv;HSD=hns_bob_tlds.csv,2026-05-15T21:54:27,False
xn--tfr361du9f,,,False,"PUNY_IDNA,CJK",沈力男,Chinese/Japanese/Korean,Shen Liman,22catchall,False,active,2026-05-15,2026-05-15,SS=hns_ss-export-tld.20251226_20260107_translated_20260117.adapted.csv;HSD=hns_bob_tlds.csv,2026-05-15T21:54:27,False
xn--tg8hl1c,,,False,PUNY_IDNA,😃🌍,"Letters + SMILING FACE WITH OPEN MOUTH, EARTH GLOBE EUROPE-AFRICA",,22catchall,False,active,2026-05-15,2026-05-15,SS=hns_ss-export-tld.20251226_20260107_translated_20260117.adapted.csv;HSD=hns_bob_tlds.csv,2026-05-15T21:54:27,False
xn--timaxal,,,False,,,,,tim4sk,False,active,2026-05-15,2026-05-15,SS=hns_ss-export-tld.20251226_20260107_translated_20260117.adapted.csv;HSD=hns_bob_tlds.csv,2026-05-15T21:54:27,False
xn--timothy-us15f,,,False,,,,,tim4sk,False,active,2026-05-15,2026-05-15,SS=hns_ss-export-tld.20251226_20260107_translated_20260117.adapted.csv;HSD=hns_bob_tlds.csv,2026-05-15T21:54:27,False
xn--tkrp0qh7esqb021f,,,False,,,,,22catchall,False,active,2026-05-15,2026-05-15,SS=hns_ss-export-tld.20251226_20260107_translated_20260117.adapted.csv;HSD=hns_bob_tlds.csv,2026-05-15T21:54:27,False
xn--toilet-hy84e,,,False,,,,,22catchall,False,active,2026-05-15,2026-05-15,SS=hns_ss-export-tld.20251226_20260107_translated_20260117.adapted.csv;HSD=hns_bob_tlds.csv,2026-05-15T21:54:27,False
xn--tu8h40e,,,False,PUNY_IDNA,📷🤦,"Letters + CAMERA, FACE PALM",,22catchall,False,active,2026-05-15,2026-05-15,SS=hns_ss-export-tld.20251226_20260107_translated_20260117.adapted.csv;HSD=hns_bob_tlds.csv,2026-05-15T21:54:27,False
xn--tu8ha,,,False,,,,,tim4sk,False,active,2026-05-15,2026-05-15,SS=hns_ss-export-tld.20251226_20260107_translated_20260117.adapted.csv;HSD=hns_bob_tlds.csv,2026-05-15T21:54:27,False
xn--tu8haacbb,,,False,,,,,tim4sk,False,active,2026-05-15,2026-05-15,SS=hns_ss-export-tld.20251226_20260107_translated_20260117.adapted.csv;HSD=hns_bob_tlds.csv,2026-05-15T21:54:27,False
xn--tu8hiu,,,False,PUNY_IDNA,📷😻,"Letters + CAMERA, SMILING CAT FACE WITH HEART-SHAPED EYES",,22catchall,False,active,2026-05-15,2026-05-15,SS=hns_ss-export-tld.20251226_20260107_translated_20260117.adapted.csv;HSD=hns_bob_tlds.csv,2026-05-15T21:54:27,False
xn--tu8hkdo2m,,,False,,,,,22catchall,False,active,2026-05-15,2026-05-15,SS=hns_ss-export-tld.20251226_20260107_translated_20260117.adapted.csv;HSD=hns_bob_tlds.csv,2026-05-15T21:54:27,False
xn--tu8hm0e,,,False,,,,,22catchall,False,active,2026-05-15,2026-05-15,SS=hns_ss-export-tld.20251226_20260107_translated_20260117.adapted.csv;HSD=hns_bob_tlds.csv,2026-05-15T21:54:27,False
xn--tu8hq1e,,,False,,,,,tim4sk,False,active,2026-05-15,2026-05-15,SS=hns_ss-export-tld.20251226_20260107_translated_20260117.adapted.csv;HSD=hns_bob_tlds.csv,2026-05-15T21:54:27,False
xn--tu8hq9e5c,,,False,,,,,22catchall,False,active,2026-05-15,2026-05-15,SS=hns_ss-export-tld.20251226_20260107_translated_20260117.adapted.csv;HSD=hns_bob_tlds.csv,2026-05-15T21:54:27,False
xn--tu8hs9e2c,,,False,,,,,22catchall,False,active,2026-05-15,2026-05-15,SS=hns_ss-export-tld.20251226_20260107_translated_20260117.adapted.csv;HSD=hns_bob_tlds.csv,2026-05-15T21:54:27,False
xn--tu8hu9ezc,,,False,,,,,22catchall,False,active,2026-05-15,2026-05-15,SS=hns_ss-export-tld.20251226_20260107_translated_20260117.adapted.csv;HSD=hns_bob_tlds.csv,2026-05-15T21:54:27,False
xn--tu8hy9etc,,,False,,,,,22catchall,False,active,2026-05-15,2026-05-15,SS=hns_ss-export-tld.20251226_20260107_translated_20260117.adapted.csv;HSD=hns_bob_tlds.csv,2026-05-15T21:54:27,False
xn--tvas-vva,,,False,"PUNY_IDNA,European",tėvas,European (Latin Extended),father,22catchall,False,active,2026-05-15,2026-05-15,SS=hns_ss-export-tld.20251226_20260107_translated_20260117.adapted.csv;HSD=hns_bob_tlds.csv,2026-05-15T21:54:27,False
xn--u1aaaa,,,False,,,,,tim4sk,False,active,2026-05-15,2026-05-15,SS=hns_ss-export-tld.20251226_20260107_translated_20260117.adapted.csv;HSD=hns_bob_tlds.csv,2026-05-15T21:54:27,False
xn--u1d6o,,,False,,,,,22catchall,False,active,2026-05-15,2026-05-15,SS=hns_ss-export-tld.20251226_20260107_translated_20260117.adapted.csv;HSD=hns_bob_tlds.csv,2026-05-15T21:54:27,False
xn--u1d8m,,,False,,,,,22catchall,False,active,2026-05-15,2026-05-15,SS=hns_ss-export-tld.20251226_20260107_translated_20260117.adapted.csv;HSD=hns_bob_tlds.csv,2026-05-15T21:54:27,False
xn--u2t29l3ta2g120g,,,False,,,,,22catchall,False,active,2026-05-15,2026-05-15,SS=hns_ss-export-tld.20251226_20260107_translated_20260117.adapted.csv;HSD=hns_bob_tlds.csv,2026-05-15T21:54:27,False
xn--u71h4a,,,False,PUNY_ALT,𝕀𝕏,,,22catchall,False,active,2026-05-15,2026-05-15,SS=hns_ss-export-tld.20251226_20260107_translated_20260117.adapted.csv;HSD=hns_bob_tlds.csv,2026-05-15T21:54:27,False
xn--u8j9d,,,False,"PUNY_IDNA,Japanese",かぶ,Japanese,turnip,22catchall,False,active,2026-05-15,2026-05-15,SS=hns_ss-export-tld.20251226_20260107_translated_20260117.adapted.csv;HSD=hns_bob_tlds.csv,2026-05-15T21:54:27,False
xn--u8ja3d1b,,,False,,,,,m1f,False,active,2026-05-15,2026-05-15,SS=hns_ss-export-tld.20251226_20260107_translated_20260117.adapted.csv;HSD=hns_bob_tlds.csv,2026-05-15T21:54:27,False
xn--u8jil9w,,,False,,,,,22catchall,False,active,2026-05-15,2026-05-15,SS=hns_ss-export-tld.20251226_20260107_translated_20260117.adapted.csv;HSD=hns_bob_tlds.csv,2026-05-15T21:54:27,False
xn--ug8h03h,,,False,PUNY_IDNA,🌎🥋,"Letters + EARTH GLOBE AMERICAS, MARTIAL ARTS UNIFORM",,22catchall,False,active,2026-05-15,2026-05-15,SS=hns_ss-export-tld.20251226_20260107_translated_20260117.adapted.csv;HSD=hns_bob_tlds.csv,2026-05-15T21:54:27,False
xn--ug8h71h,,,False,PUNY_IDNA,🤯🌎,"Letters + SHOCKED FACE WITH EXPLODING HEAD, EARTH GLOBE AMERICAS",,22catchall,False,active,2026-05-15,2026-05-15,SS=hns_ss-export-tld.20251226_20260107_translated_20260117.adapted.csv;HSD=hns_bob_tlds.csv,2026-05-15T21:54:27,False
xn--ug8h7a,,,False,PUNY_IDNA,🌟🌎,"Letters + GLOWING STAR, EARTH GLOBE AMERICAS",,22catchall,False,active,2026-05-15,2026-05-15,SS=hns_ss-export-tld.20251226_20260107_translated_20260117.adapted.csv;HSD=hns_bob_tlds.csv,2026-05-15T21:54:27,False
xn--ug8h80h,,,False,PUNY_IDNA,🌎🤟,"Letters + EARTH GLOBE AMERICAS, I LOVE YOU HAND SIGN",,22catchall,False,active,2026-05-15,2026-05-15,SS=hns_ss-export-tld.20251226_20260107_translated_20260117.adapted.csv;HSD=hns_bob_tlds.csv,2026-05-15T21:54:27,False
xn--ug8h82h,,,False,PUNY_IDNA,🌎🤿,"Letters + EARTH GLOBE AMERICAS, DIVING MASK",,22catchall,False,active,2026-05-15,2026-05-15,SS=hns_ss-export-tld.20251226_20260107_translated_20260117.adapted.csv;HSD=hns_bob_tlds.csv,2026-05-15T21:54:27,False
xn--ug8h89h,,,False,PUNY_IDNA,🌎🦯,"Letters + EARTH GLOBE AMERICAS, PROBING CANE",,22catchall,False,active,2026-05-15,2026-05-15,SS=hns_ss-export-tld.20251226_20260107_translated_20260117.adapted.csv;HSD=hns_bob_tlds.csv,2026-05-15T21:54:27,False
xn--ug8hj1c,,,False,PUNY_IDNA,😃🌎,"Letters + SMILING FACE WITH OPEN MOUTH, EARTH GLOBE AMERICAS",,22catchall,False,active,2026-05-15,2026-05-15,SS=hns_ss-export-tld.20251226_20260107_translated_20260117.adapted.csv;HSD=hns_bob_tlds.csv,2026-05-15T21:54:27,False
xn--uisp1p,,,False,,,,,22catchall,False,active,2026-05-15,2026-05-15,SS=hns_ss-export-tld.20251226_20260107_translated_20260117.adapted.csv;HSD=hns_bob_tlds.csv,2026-05-15T21:54:27,False
xn--us8hz5e,,,False,PUNY_IDNA,🤯💲,"Letters + SHOCKED FACE WITH EXPLODING HEAD, HEAVY DOLLAR SIGN",,22catchall,False,active,2026-05-15,2026-05-15,SS=hns_ss-export-tld.20251226_20260107_translated_20260117.adapted.csv;HSD=hns_bob_tlds.csv,2026-05-15T21:54:27,False
xn--uvc6bd3rpi,,,False,"PUNY_IDNA,Malayalam",അച്ഛൻ,Malayalam,father,22catchall,False,active,2026-05-15,2026-05-15,SS=hns_ss-export-tld.20251226_20260107_translated_20260117.adapted.csv;HSD=hns_bob_tlds.csv,2026-05-15T21:54:27,False
xn--uvz,,,False,"PUNY_IDNA,CJK",笔,Chinese/Japanese/Korean,Pen,22catchall,False,active,2026-05-15,2026-05-15,SS=hns_ss-export-tld.20251226_20260107_translated_20260117.adapted.csv;HSD=hns_bob_tlds.csv,2026-05-15T21:54:27,False
xn--uxqy9saa,,,False,"PUNY_IDNA,CJK",大大大偉,Chinese/Japanese/Korean,大大大偉,22catchall,False,active,2026-05-15,2026-05-15,SS=hns_ss-export-tld.20251226_20260107_translated_20260117.adapted.csv;HSD=hns_bob_tlds.csv,2026-05-15T21:54:27,False
xn--v4h1191o,,,False,PUNY_IDNA,🤯☮,SHOCKED FACE WITH EXPLODING HEAD + PEACE SYMBOL,,22catchall,False,active,2026-05-15,2026-05-15,SS=hns_ss-export-tld.20251226_20260107_translated_20260117.adapted.csv;HSD=hns_bob_tlds.csv,2026-05-15T21:54:27,False
xn--v4h5480o,,,False,PUNY_IDNA,🙄☮,FACE WITH ROLLING EYES + PEACE SYMBOL,,22catchall,False,active,2026-05-15,2026-05-15,SS=hns_ss-export-tld.20251226_20260107_translated_20260117.adapted.csv;HSD=hns_bob_tlds.csv,2026-05-15T21:54:27,False
xn--v4h8220o,,,False,PUNY_IDNA,☮💓,PEACE SYMBOL + BEATING HEART,,22catchall,False,active,2026-05-15,2026-05-15,SS=hns_ss-export-tld.20251226_20260107_translated_20260117.adapted.csv;HSD=hns_bob_tlds.csv,2026-05-15T21:54:27,False
xn--v4h83a2671i,,,False,PUNY_IDNA,☮✊🏾,"Letters + PEACE SYMBOL, RAISED FIST, EMOJI MODIFIER FITZPATRICK TYPE-5",,22catchall,False,active,2026-05-15,2026-05-15,SS=hns_ss-export-tld.20251226_20260107_translated_20260117.adapted.csv;HSD=hns_bob_tlds.csv,2026-05-15T21:54:27,False
xn--v4h83a5671i,,,False,,,,,22catchall,False,active,2026-05-15,2026-05-15,SS=hns_ss-export-tld.20251226_20260107_translated_20260117.adapted.csv;HSD=hns_bob_tlds.csv,2026-05-15T21:54:27,False
xn--v4h9091o,,,False,PUNY_IDNA,🤬☮,SERIOUS FACE WITH SYMBOLS COVERING MOUTH + PEACE SYMBOL,,22catchall,False,active,2026-05-15,2026-05-15,SS=hns_ss-export-tld.20251226_20260107_translated_20260117.adapted.csv;HSD=hns_bob_tlds.csv,2026-05-15T21:54:27,False
xn--v4h9380o,,,False,PUNY_IDNA,😿☮,CRYING CAT FACE + PEACE SYMBOL,,22catchall,False,active,2026-05-15,2026-05-15,SS=hns_ss-export-tld.20251226_20260107_translated_20260117.adapted.csv;HSD=hns_bob_tlds.csv,2026-05-15T21:54:27,False
xn--v4hw420o,,,False,,,,,tim4sk,False,active,2026-05-15,2026-05-15,SS=hns_ss-export-tld.20251226_20260107_translated_20260117.adapted.csv;HSD=hns_bob_tlds.csv,2026-05-15T21:54:27,False
xn--v4hx020o,,,False,,,,,k1f,False,active,2026-05-15,2026-05-15,SS=hns_ss-export-tld.20251226_20260107_translated_20260117.adapted.csv;HSD=hns_bob_tlds.csv,2026-05-15T21:54:27,False
xn--v4hy400o,,,False,,,,,22catchall,False,active,2026-05-15,2026-05-15,SS=hns_ss-export-tld.20251226_20260107_translated_20260117.adapted.csv;HSD=hns_bob_tlds.csv,2026-05-15T21:54:27,False
xn--v4q876chxj,,,False,,,,,22catchall,False,active,2026-05-15,2026-05-15,SS=hns_ss-export-tld.20251226_20260107_translated_20260117.adapted.csv;HSD=hns_bob_tlds.csv,2026-05-15T21:54:27,False
xn--v77hd512a,,,False,PUNY_IDNA,😃🇹🇷,SMILING FACE WITH OPEN MOUTH + REGIONAL INDICATOR SYMBOL LETTER T + REGIONAL INDICATOR SYMBOL LETTER R,,22catchall,False,active,2026-05-15,2026-05-15,SS=hns_ss-export-tld.20251226_20260107_translated_20260117.adapted.csv;HSD=hns_bob_tlds.csv,2026-05-15T21:54:27,False
xn--v77hga112a,,,False,PUNY_IDNA,😃🇷🇺,SMILING FACE WITH OPEN MOUTH + REGIONAL INDICATOR SYMBOL LETTER R + REGIONAL INDICATOR SYMBOL LETTER U,,22catchall,False,active,2026-05-15,2026-05-15,SS=hns_ss-export-tld.20251226_20260107_translated_20260117.adapted.csv;HSD=hns_bob_tlds.csv,2026-05-15T21:54:27,False
xn--v77hga61r,,,False,PUNY_IDNA,💖🇷🇺,SPARKLING HEART + REGIONAL INDICATOR SYMBOL LETTER R + REGIONAL INDICATOR SYMBOL LETTER U,,22catchall,False,active,2026-05-15,2026-05-15,SS=hns_ss-export-tld.20251226_20260107_translated_20260117.adapted.csv;HSD=hns_bob_tlds.csv,2026-05-15T21:54:27,False
xn--vej,,,False,,,,,22catchall,False,active,2026-05-15,2026-05-15,SS=hns_ss-export-tld.20251226_20260107_translated_20260117.adapted.csv;HSD=hns_bob_tlds.csv,2026-05-15T21:54:27,False
xn--vg8hh1c,,,False,PUNY_IDNA,😃🌏,"Letters + SMILING FACE WITH OPEN MOUTH, EARTH GLOBE ASIA-AUSTRALIA",,22catchall,False,active,2026-05-15,2026-05-15,SS=hns_ss-export-tld.20251226_20260107_translated_20260117.adapted.csv;HSD=hns_bob_tlds.csv,2026-05-15T21:54:27,False
xn--vg8hjd,,,False,,,,,dfps,False,active,2026-05-15,2026-05-15,SS=hns_ss-export-tld.20251226_20260107_translated_20260117.adapted.csv;HSD=hns_bob_tlds.csv,2026-05-15T21:54:27,False
xn--vh8h16h,,,False,,,,,dfps,False,active,2026-05-15,2026-05-15,SS=hns_ss-export-tld.20251226_20260107_translated_20260117.adapted.csv;HSD=hns_bob_tlds.csv,2026-05-15T21:54:27,False
xn--vh8hr5h,,,False,,,,,dfps,False,active,2026-05-15,2026-05-15,SS=hns_ss-export-tld.20251226_20260107_translated_20260117.adapted.csv;HSD=hns_bob_tlds.csv,2026-05-15T21:54:27,False
xn--vn8h0e,,,False,,,,,22catchall,False,active,2026-05-15,2026-05-15,SS=hns_ss-export-tld.20251226_20260107_translated_20260117.adapted.csv;HSD=hns_bob_tlds.csv,2026-05-15T21:54:27,False
xn--vpn,,,False,,,,,tim4sk,False,active,2026-05-15,2026-05-15,SS=hns_ss-export-tld.20251226_20260107_translated_20260117.adapted.csv;HSD=hns_bob_tlds.csv,2026-05-15T21:54:27,False
xn--vs8hdjn,,,False,PUNY_IDNA,💵💸💳💻,"Letters + BANKNOTE WITH DOLLAR SIGN, MONEY WITH WINGS, CREDIT CARD, PERSONAL COMPUTER",,22catchall,False,active,2026-05-15,2026-05-15,SS=hns_ss-export-tld.20251226_20260107_translated_20260117.adapted.csv;HSD=hns_bob_tlds.csv,2026-05-15T21:54:27,False
xn--vxd2cyi,,,False,,,,,22catchall,False,active,2026-05-15,2026-05-15,SS=hns_ss-export-tld.20251226_20260107_translated_20260117.adapted.csv;HSD=hns_bob_tlds.csv,2026-05-15T21:54:27,False
xn--w1d2n,,,False,,,,,22catchall,False,active,2026-05-15,2026-05-15,SS=hns_ss-export-tld.20251226_20260107_translated_20260117.adapted.csv;HSD=hns_bob_tlds.csv,2026-05-15T21:54:27,False
xn--w4h0310o,,,False,,,,,timaxau,False,active,2026-05-15,2026-05-15,SS=hns_ss-export-tld.20251226_20260107_translated_20260117.adapted.csv;HSD=hns_bob_tlds.csv,2026-05-15T21:54:27,False
xn--w4h6840o,,,False,,,,,tim4sk,False,active,2026-05-15,2026-05-15,SS=hns_ss-export-tld.20251226_20260107_translated_20260117.adapted.csv;HSD=hns_bob_tlds.csv,2026-05-15T21:54:27,False
xn--w4h9370o,,,False,,,,,22catchall,False,active,2026-05-15,2026-05-15,SS=hns_ss-export-tld.20251226_20260107_translated_20260117.adapted.csv;HSD=hns_bob_tlds.csv,2026-05-15T21:54:27,False
xn--w4hw470o,,,False,,,,,22catchall,False,active,2026-05-15,2026-05-15,SS=hns_ss-export-tld.20251226_20260107_translated_20260117.adapted.csv;HSD=hns_bob_tlds.csv,2026-05-15T21:54:27,False
xn--w4hw781o,,,False,,,,,22catchall,False,active,2026-05-15,2026-05-15,SS=hns_ss-export-tld.20251226_20260107_translated_20260117.adapted.csv;HSD=hns_bob_tlds.csv,2026-05-15T21:54:27,False
xn--w4r085g,,,False,,,,,22catchall,False,active,2026-05-15,2026-05-15,SS=hns_ss-export-tld.20251226_20260107_translated_20260117.adapted.csv;HSD=hns_bob_tlds.csv,2026-05-15T21:54:27,False
xn--w55l,,,False,,,,,tim4sk,False,active,2026-05-15,2026-05-15,SS=hns_ss-export-tld.20251226_20260107_translated_20260117.adapted.csv;HSD=hns_bob_tlds.csv,2026-05-15T21:54:27,False
xn--w9b5a,,,False,,,,,k1f,False,active,2026-05-15,2026-05-15,SS=hns_ss-export-tld.20251226_20260107_translated_20260117.adapted.csv;HSD=hns_bob_tlds.csv,2026-05-15T21:54:27,False
xn--water,,,False,,,,,22catchall,False,active,2026-05-15,2026-05-15,SS=hns_ss-export-tld.20251226_20260107_translated_20260117.adapted.csv;HSD=hns_bob_tlds.csv,2026-05-15T21:54:27,False
xn--wcso80ahyv,,,False,,,,,22catchall,False,active,2026-05-15,2026-05-15,SS=hns_ss-export-tld.20251226_20260107_translated_20260117.adapted.csv;HSD=hns_bob_tlds.csv,2026-05-15T21:54:27,False
xn--wfrr87a,,,False,,,,,22catchall,False,active,2026-05-15,2026-05-15,SS=hns_ss-export-tld.20251226_20260107_translated_20260117.adapted.csv;HSD=hns_bob_tlds.csv,2026-05-15T21:54:27,False
xn--wg8hr6d,,,False,,,,,22catchall,False,active,2026-05-15,2026-05-15,SS=hns_ss-export-tld.20251226_20260107_translated_20260117.adapted.csv;HSD=hns_bob_tlds.csv,2026-05-15T21:54:27,False
xn--wgbp0bxbdv,,,False,,,,,22catchall,False,active,2026-05-15,2026-05-15,SS=hns_ss-export-tld.20251226_20260107_translated_20260117.adapted.csv;HSD=hns_bob_tlds.csv,2026-05-15T21:54:27,False
xn--wgv71aj92d,,,False,,,,,tim4sk,False,active,2026-05-15,2026-05-15,SS=hns_ss-export-tld.20251226_20260107_translated_20260117.adapted.csv;HSD=hns_bob_tlds.csv,2026-05-15T21:54:27,False
xn--whale-gha,,,False,,,,,22catchall,False,active,2026-05-15,2026-05-15,SS=hns_ss-export-tld.20251226_20260107_translated_20260117.adapted.csv;HSD=hns_bob_tlds.csv,2026-05-15T21:54:27,False
xn--whr773l,,,False,,,,,tim4sk,False,active,2026-05-15,2026-05-15,SS=hns_ss-export-tld.20251226_20260107_translated_20260117.adapted.csv;HSD=hns_bob_tlds.csv,2026-05-15T21:54:27,False
xn--wine-9f53c,,,False,PUNY_IDNA,🍇wine,Letters + GRAPES,🍇wine,22catchall,False,active,2026-05-15,2026-05-15,SS=hns_ss-export-tld.20251226_20260107_translated_20260117.adapted.csv;HSD=hns_bob_tlds.csv,2026-05-15T21:54:27,False
xn--wnr,,,False,,,,,timaxau,False,active,2026-05-15,2026-05-15,SS=hns_ss-export-tld.20251226_20260107_translated_20260117.adapted.csv;HSD=hns_bob_tlds.csv,2026-05-15T21:54:27,False
xn--wnuw08b,,,False,,,,,22catchall,False,active,2026-05-15,2026-05-15,SS=hns_ss-export-tld.20251226_20260107_translated_20260117.adapted.csv;HSD=hns_bob_tlds.csv,2026-05-15T21:54:27,False
xn--wo8h3o,,,False,,,,,22catchall,False,active,2026-05-15,2026-05-15,SS=hns_ss-export-tld.20251226_20260107_translated_20260117.adapted.csv;HSD=hns_bob_tlds.csv,2026-05-15T21:54:27,False
xn--wo8hd,,,False,,,,,timaxau,False,active,2026-05-15,2026-05-15,SS=hns_ss-export-tld.20251226_20260107_translated_20260117.adapted.csv;HSD=hns_bob_tlds.csv,2026-05-15T21:54:27,False
xn--wo8hea,,,False,,,,,timaxau,False,active,2026-05-15,2026-05-15,SS=hns_ss-export-tld.20251226_20260107_translated_20260117.adapted.csv;HSD=hns_bob_tlds.csv,2026-05-15T21:54:27,False
xn--wp8hn1a,,,False,,,,,r1f,False,active,2026-05-15,2026-05-15,SS=hns_ss-export-tld.20251226_20260107_translated_20260117.adapted.csv;HSD=hns_bob_tlds.csv,2026-05-15T21:54:27,False
xn--www,,,False,,,,,h4ndsh4k,False,active,2026-05-15,2026-05-15,SS=hns_ss-export-tld.20251226_20260107_translated_20260117.adapted.csv;HSD=hns_bob_tlds.csv,2026-05-15T21:54:27,False
xn--x4w487d,,,False,,,,,tim4sk,False,active,2026-05-15,2026-05-15,SS=hns_ss-export-tld.20251226_20260107_translated_20260117.adapted.csv;HSD=hns_bob_tlds.csv,2026-05-15T21:54:27,False
xn--x77ha412a,,,False,PUNY_IDNA,😃🇹🇹,SMILING FACE WITH OPEN MOUTH + REGIONAL INDICATOR SYMBOL LETTER T + REGIONAL INDICATOR SYMBOL LETTER T,,22catchall,False,active,2026-05-15,2026-05-15,SS=hns_ss-export-tld.20251226_20260107_translated_20260117.adapted.csv;HSD=hns_bob_tlds.csv,2026-05-15T21:54:27,False
xn--x7h3371o,,,False,,,,,h4ndsh4k,False,active,2026-05-15,2026-05-15,SS=hns_ss-export-tld.20251226_20260107_translated_20260117.adapted.csv;HSD=hns_bob_tlds.csv,2026-05-15T21:54:27,False
xn--x8t30ksr4c,,,False,"PUNY_IDNA,CJK",风无怨,Chinese/Japanese/Korean,Feng Wuyuan,22catchall,False,active,2026-05-15,2026-05-15,SS=hns_ss-export-tld.20251226_20260107_translated_20260117.adapted.csv;HSD=hns_bob_tlds.csv,2026-05-15T21:54:27,False
xn--xg8h5t,,,False,,,,,22catchall,False,active,2026-05-15,2026-05-15,SS=hns_ss-export-tld.20251226_20260107_translated_20260117.adapted.csv;HSD=hns_bob_tlds.csv,2026-05-15T21:54:27,False
xn--xg8hial,,,False,,,,,22catchall,False,active,2026-05-15,2026-05-15,SS=hns_ss-export-tld.20251226_20260107_translated_20260117.adapted.csv;HSD=hns_bob_tlds.csv,2026-05-15T21:54:27,False
xn--xp8hyg,,,False,PUNY_IDNA,👌💸,"Letters + OK HAND SIGN, MONEY WITH WINGS",,22catchall,False,active,2026-05-15,2026-05-15,SS=hns_ss-export-tld.20251226_20260107_translated_20260117.adapted.csv;HSD=hns_bob_tlds.csv,2026-05-15T21:54:27,False
xn--xpqr20g,,,False,,,,,22catchall,False,active,2026-05-15,2026-05-15,SS=hns_ss-export-tld.20251226_20260107_translated_20260117.adapted.csv;HSD=hns_bob_tlds.csv,2026-05-15T21:54:27,False
xn--xv8h7o,,,False,,,,,22catchall,False,active,2026-05-15,2026-05-15,SS=hns_ss-export-tld.20251226_20260107_translated_20260117.adapted.csv;HSD=hns_bob_tlds.csv,2026-05-15T21:54:27,False
xn--xv8h9o,,,False,PUNY_IDNA,😐🔞,NEUTRAL FACE + NO ONE UNDER EIGHTEEN SYMBOL,,22catchall,False,active,2026-05-15,2026-05-15,SS=hns_ss-export-tld.20251226_20260107_translated_20260117.adapted.csv;HSD=hns_bob_tlds.csv,2026-05-15T21:54:27,False
xn--xv8hz8d,,,False,,,,,22catchall,False,active,2026-05-15,2026-05-15,SS=hns_ss-export-tld.20251226_20260107_translated_20260117.adapted.csv;HSD=hns_bob_tlds.csv,2026-05-15T21:54:27,False
xn--xvhkj,,,False,,,,,tim4sk,False,active,2026-05-15,2026-05-15,SS=hns_ss-export-tld.20251226_20260107_translated_20260117.adapted.csv;HSD=hns_bob_tlds.csv,2026-05-15T21:54:27,False
xn--xxags,,,False,,,,,h4ndsh4k,False,active,2026-05-15,2026-05-15,SS=hns_ss-export-tld.20251226_20260107_translated_20260117.adapted.csv;HSD=hns_bob_tlds.csv,2026-05-15T21:54:27,False
xn--xxif,,,False,,,,,tim4sk,False,active,2026-05-15,2026-05-15,SS=hns_ss-export-tld.20251226_20260107_translated_20260117.adapted.csv;HSD=hns_bob_tlds.csv,2026-05-15T21:54:27,False
xn--y5gz882c,,,False,,,,,tim4sk,False,active,2026-05-15,2026-05-15,SS=hns_ss-export-tld.20251226_20260107_translated_20260117.adapted.csv;HSD=hns_bob_tlds.csv,2026-05-15T21:54:27,False
xn--y9aowv9c,,,False,"PUNY_IDNA,Armenian",հայրը,Armenian,the father,22catchall,False,active,2026-05-15,2026-05-15,SS=hns_ss-export-tld.20251226_20260107_translated_20260117.adapted.csv;HSD=hns_bob_tlds.csv,2026-05-15T21:54:27,False
xn--y9s633f,,,False,,,,,22catchall,False,active,2026-05-15,2026-05-15,SS=hns_ss-export-tld.20251226_20260107_translated_20260117.adapted.csv;HSD=hns_bob_tlds.csv,2026-05-15T21:54:27,False
xn--yerbamat-i1a,,,False,,,,,22catchall,False,active,2026-05-15,2026-05-15,SS=hns_ss-export-tld.20251226_20260107_translated_20260117.adapted.csv;HSD=hns_bob_tlds.csv,2026-05-15T21:54:27,False
xn--ygb1a1a,,,False,,,,,22catchall,False,active,2026-05-15,2026-05-15,SS=hns_ss-export-tld.20251226_20260107_translated_20260117.adapted.csv;HSD=hns_bob_tlds.csv,2026-05-15T21:54:27,False
xn--yh8hm9b,,,False,,,,,dfps,False,active,2026-05-15,2026-05-15,SS=hns_ss-export-tld.20251226_20260107_translated_20260117.adapted.csv;HSD=hns_bob_tlds.csv,2026-05-15T21:54:27,False
xn--yhq3d483n4rm,,,False,,,,,22catchall,False,active,2026-05-15,2026-05-15,SS=hns_ss-export-tld.20251226_20260107_translated_20260117.adapted.csv;HSD=hns_bob_tlds.csv,2026-05-15T21:54:27,False
xn--yr8hqa,,,False,,,,,22catchall,False,active,2026-05-15,2026-05-15,SS=hns_ss-export-tld.20251226_20260107_translated_20260117.adapted.csv;HSD=hns_bob_tlds.csv,2026-05-15T21:54:27,False
xn--yvhej,,,False,PUNY_IDNA,⓶⓸⓻,"Letters + DOUBLE CIRCLED DIGIT TWO, DOUBLE CIRCLED DIGIT FOUR, DOUBLE CIRCLED DIGIT SEVEN",⓶⓸⓻,22catchall,False,active,2026-05-15,2026-05-15,SS=hns_ss-export-tld.20251226_20260107_translated_20260117.adapted.csv;HSD=hns_bob_tlds.csv,2026-05-15T21:54:27,False
xn--yxd2dvjseyy,,,False,,,,,22catchall,False,active,2026-05-15,2026-05-15,SS=hns_ss-export-tld.20251226_20260107_translated_20260117.adapted.csv;HSD=hns_bob_tlds.csv,2026-05-15T21:54:27,False
xn--yxd6a5c26b,,,False,,,,,22catchall,False,active,2026-05-15,2026-05-15,SS=hns_ss-export-tld.20251226_20260107_translated_20260117.adapted.csv;HSD=hns_bob_tlds.csv,2026-05-15T21:54:27,False
xn--yxd8fogpn0f,,,False,,,,,22catchall,False,active,2026-05-15,2026-05-15,SS=hns_ss-export-tld.20251226_20260107_translated_20260117.adapted.csv;HSD=hns_bob_tlds.csv,2026-05-15T21:54:27,False
xn--yxdqy22a,,,False,,,,,22catchall,False,active,2026-05-15,2026-05-15,SS=hns_ss-export-tld.20251226_20260107_translated_20260117.adapted.csv;HSD=hns_bob_tlds.csv,2026-05-15T21:54:27,False
xn--yyd07a,,,False,,,,,22catchall,False,active,2026-05-15,2026-05-15,SS=hns_ss-export-tld.20251226_20260107_translated_20260117.adapted.csv;HSD=hns_bob_tlds.csv,2026-05-15T21:54:27,False
xn--z38hde,,,False,PUNY_IDNA,😺😸😻,SMILING CAT FACE WITH OPEN MOUTH + GRINNING CAT FACE WITH SMILING EYES + SMILING CAT FACE WITH HEART-SHAPED EYES,,22catchall,False,active,2026-05-15,2026-05-15,SS=hns_ss-export-tld.20251226_20260107_translated_20260117.adapted.csv;HSD=hns_bob_tlds.csv,2026-05-15T21:54:27,False
xn--z3d3e,,,False,,,,,22catchall,False,active,2026-05-15,2026-05-15,SS=hns_ss-export-tld.20251226_20260107_translated_20260117.adapted.csv;HSD=hns_bob_tlds.csv,2026-05-15T21:54:27,False
xn--z3v507a,,,False,,,,,22catchall,False,active,2026-05-15,2026-05-15,SS=hns_ss-export-tld.20251226_20260107_translated_20260117.adapted.csv;HSD=hns_bob_tlds.csv,2026-05-15T21:54:27,False
xn--z7xaa,,,False,"PUNY_IDNA,CJK",猫猫猫,Chinese/Japanese/Korean,cat cat cat,22catchall,False,active,2026-05-15,2026-05-15,SS=hns_ss-export-tld.20251226_20260107_translated_20260117.adapted.csv;HSD=hns_bob_tlds.csv,2026-05-15T21:54:27,False
xn--zbss4c,,,False,,,,,22catchall,False,active,2026-05-15,2026-05-15,SS=hns_ss-export-tld.20251226_20260107_translated_20260117.adapted.csv;HSD=hns_bob_tlds.csv,2026-05-15T21:54:27,False
xn--zbv,,,False,,,,,tim4sk,False,active,2026-05-15,2026-05-15,SS=hns_ss-export-tld.20251226_20260107_translated_20260117.adapted.csv;HSD=hns_bob_tlds.csv,2026-05-15T21:54:27,False
xn--zckm1a5q,,,False,,,,,h4ndsh4k,False,active,2026-05-15,2026-05-15,SS=hns_ss-export-tld.20251226_20260107_translated_20260117.adapted.csv;HSD=hns_bob_tlds.csv,2026-05-15T21:54:27,False
xn--zlv572c,,,False,,,,,22catchall,False,active,2026-05-15,2026-05-15,SS=hns_ss-export-tld.20251226_20260107_translated_20260117.adapted.csv;HSD=hns_bob_tlds.csv,2026-05-15T21:54:27,False
xn--zn8h52g,,,False,PUNY_IDNA,🦘🐈,"Letters + KANGAROO, CAT",,22catchall,False,active,2026-05-15,2026-05-15,SS=hns_ss-export-tld.20251226_20260107_translated_20260117.adapted.csv;HSD=hns_bob_tlds.csv,2026-05-15T21:54:27,False
xn--zoq,,,False,"PUNY_IDNA,CJK",伓,Chinese/Japanese/Korean,伓,22catchall,False,active,2026-05-15,2026-05-15,SS=hns_ss-export-tld.20251226_20260107_translated_20260117.adapted.csv;HSD=hns_bob_tlds.csv,2026-05-15T21:54:27,False
xn--zr8hjae476b,,,False,,,,,tim4sk,False,active,2026-05-15,2026-05-15,SS=hns_ss-export-tld.20251226_20260107_translated_20260117.adapted.csv;HSD=hns_bob_tlds.csv,2026-05-15T21:54:27,False
xn--zt8hzb,,,False,PUNY_IDNA,📷📚,"Letters + CAMERA, BOOKS",,22catchall,False,active,2026-05-15,2026-05-15,SS=hns_ss-export-tld.20251226_20260107_translated_20260117.adapted.csv;HSD=hns_bob_tlds.csv,2026-05-15T21:54:27,False
xn--zz-dh3c,,,False,"PUNY_IDNA,CJK",任zz,Chinese/Japanese/Korean,Ren zz,22catchall,False,active,2026-05-15,2026-05-15,SS=hns_ss-export-tld.20251226_20260107_translated_20260117.adapted.csv;HSD=hns_bob_tlds.csv,2026-05-15T21:54:27,False
xnip,,,False,,,,,22catchall,False,active,2026-05-15,2026-05-15,SS=hns_ss-export-tld.20251226_20260107_translated_20260117.adapted.csv;HSD=hns_bob_tlds.csv,2026-05-15T21:54:27,False
xnyc,,,False,,,,,22catchall,False,active,2026-05-15,2026-05-15,SS=hns_ss-export-tld.20251226_20260107_translated_20260117.adapted.csv;HSD=hns_bob_tlds.csv,2026-05-15T21:54:27,False
xppe,,,False,,,,,22catchall,False,active,2026-05-15,2026-05-15,SS=hns_ss-export-tld.20251226_20260107_translated_20260117.adapted.csv;HSD=hns_bob_tlds.csv,2026-05-15T21:54:27,False
xpwn,,,False,,,,,22catchall,False,active,2026-05-15,2026-05-15,SS=hns_ss-export-tld.20251226_20260107_translated_20260117.adapted.csv;HSD=hns_bob_tlds.csv,2026-05-15T21:54:27,False
xtogether,,,False,,,,,22catchall,False,active,2026-05-15,2026-05-15,SS=hns_ss-export-tld.20251226_20260107_translated_20260117.adapted.csv;HSD=hns_bob_tlds.csv,2026-05-15T21:54:27,False
xtreme,,,False,,,,,22catchall,False,active,2026-05-15,2026-05-15,SS=hns_ss-export-tld.20251226_20260107_translated_20260117.adapted.csv;HSD=hns_bob_tlds.csv,2026-05-15T21:54:27,False
xy0z,,,False,,,,,timaxau,False,active,2026-05-15,2026-05-15,SS=hns_ss-export-tld.20251226_20260107_translated_20260117.adapted.csv;HSD=hns_bob_tlds.csv,2026-05-15T21:54:27,False
y414y,,,False,,,,,22catchall,False,active,2026-05-15,2026-05-15,SS=hns_ss-export-tld.20251226_20260107_translated_20260117.adapted.csv;HSD=hns_bob_tlds.csv,2026-05-15T21:54:27,False
yachtboy,,,False,,,,,22catchall,False,active,2026-05-15,2026-05-15,SS=hns_ss-export-tld.20251226_20260107_translated_20260117.adapted.csv;HSD=hns_bob_tlds.csv,2026-05-15T21:54:27,False
yachtcam,,,False,,,,,22catchall,False,active,2026-05-15,2026-05-15,SS=hns_ss-export-tld.20251226_20260107_translated_20260117.adapted.csv;HSD=hns_bob_tlds.csv,2026-05-15T21:54:27,False
yachtgig,,,False,,,,,22catchall,False,active,2026-05-15,2026-05-15,SS=hns_ss-export-tld.20251226_20260107_translated_20260117.adapted.csv;HSD=hns_bob_tlds.csv,2026-05-15T21:54:27,False
yachtnoble,,,False,,,,,h2o,False,active,2026-05-15,2026-05-15,SS=hns_ss-export-tld.20251226_20260107_translated_20260117.adapted.csv;HSD=hns_bob_tlds.csv,2026-05-15T21:54:27,False
yachtsend,,,False,,,,,h2o,False,active,2026-05-15,2026-05-15,SS=hns_ss-export-tld.20251226_20260107_translated_20260117.adapted.csv;HSD=hns_bob_tlds.csv,2026-05-15T21:54:27,False
yachtsoul,,,False,,,,,h2o,False,active,2026-05-15,2026-05-15,SS=hns_ss-export-tld.20251226_20260107_translated_20260117.adapted.csv;HSD=hns_bob_tlds.csv,2026-05-15T21:54:27,False
yandina,,,False,,,,,timaxau,False,active,2026-05-15,2026-05-15,SS=hns_ss-export-tld.20251226_20260107_translated_20260117.adapted.csv;HSD=hns_bob_tlds.csv,2026-05-15T21:54:27,False
yangfamily,,,False,,,,,22catchall,False,active,2026-05-15,2026-05-15,SS=hns_ss-export-tld.20251226_20260107_translated_20260117.adapted.csv;HSD=hns_bob_tlds.csv,2026-05-15T21:54:27,False
yarie,,,False,,,,,tim4sk,False,active,2026-05-15,2026-05-15,SS=hns_ss-export-tld.20251226_20260107_translated_20260117.adapted.csv;HSD=hns_bob_tlds.csv,2026-05-15T21:54:27,False
yarry,,,False,,,,,timaxau,False,active,2026-05-15,2026-05-15,SS=hns_ss-export-tld.20251226_20260107_translated_20260117.adapted.csv;HSD=hns_bob_tlds.csv,2026-05-15T21:54:27,False
yatt0,,,False,,,,,tim4sk,False,active,2026-05-15,2026-05-15,SS=hns_ss-export-tld.20251226_20260107_translated_20260117.adapted.csv;HSD=hns_bob_tlds.csv,2026-05-15T21:54:27,False
yeah-no,,,False,,,,,22catchall,False,active,2026-05-15,2026-05-15,SS=hns_ss-export-tld.20251226_20260107_translated_20260117.adapted.csv;HSD=hns_bob_tlds.csv,2026-05-15T21:54:27,False
yearsgrowth,,,False,,,,,22catchall,False,active,2026-05-15,2026-05-15,SS=hns_ss-export-tld.20251226_20260107_translated_20260117.adapted.csv;HSD=hns_bob_tlds.csv,2026-05-15T21:54:27,False
yellowcolor,,,False,,,,,tim4sk,False,active,2026-05-15,2026-05-15,SS=hns_ss-export-tld.20251226_20260107_translated_20260117.adapted.csv;HSD=hns_bob_tlds.csv,2026-05-15T21:54:27,False
yellowtea,,,False,,,,,12tea,False,active,2026-05-15,2026-05-15,SS=hns_ss-export-tld.20251226_20260107_translated_20260117.adapted.csv;HSD=hns_bob_tlds.csv,2026-05-15T21:54:27,False
yentai,,,False,,,,,22catchall,False,active,2026-05-15,2026-05-15,SS=hns_ss-export-tld.20251226_20260107_translated_20260117.adapted.csv;HSD=hns_bob_tlds.csv,2026-05-15T21:54:27,False
yesud,,,False,,,,,22catchall,False,active,2026-05-15,2026-05-15,SS=hns_ss-export-tld.20251226_20260107_translated_20260117.adapted.csv;HSD=hns_bob_tlds.csv,2026-05-15T21:54:27,False
yfish,,,False,,,,,22catchall,False,active,2026-05-15,2026-05-15,SS=hns_ss-export-tld.20251226_20260107_translated_20260117.adapted.csv;HSD=hns_bob_tlds.csv,2026-05-15T21:54:27,False
yhtio,,,False,,,,,22catchall,False,active,2026-05-15,2026-05-15,SS=hns_ss-export-tld.20251226_20260107_translated_20260117.adapted.csv;HSD=hns_bob_tlds.csv,2026-05-15T21:54:27,False
yogeeism,,,False,,,,,22catchall,False,active,2026-05-15,2026-05-15,SS=hns_ss-export-tld.20251226_20260107_translated_20260117.adapted.csv;HSD=hns_bob_tlds.csv,2026-05-15T21:54:27,False
yogita,,,False,,,,,22catchall,False,active,2026-05-15,2026-05-15,SS=hns_ss-export-tld.20251226_20260107_translated_20260117.adapted.csv;HSD=hns_bob_tlds.csv,2026-05-15T21:54:27,False
you-mail,,,False,,,,,22catchall,False,active,2026-05-15,2026-05-15,SS=hns_ss-export-tld.20251226_20260107_translated_20260117.adapted.csv;HSD=hns_bob_tlds.csv,2026-05-15T21:54:27,False
youranon,,,False,,,,,22catchall,False,active,2026-05-15,2026-05-15,SS=hns_ss-export-tld.20251226_20260107_translated_20260117.adapted.csv;HSD=hns_bob_tlds.csv,2026-05-15T21:54:27,False
yourts,,,False,,,,,tim4sk,False,active,2026-05-15,2026-05-15,SS=hns_ss-export-tld.20251226_20260107_translated_20260117.adapted.csv;HSD=hns_bob_tlds.csv,2026-05-15T21:54:27,False
youtubehowto,,,False,,,,,22catchall,False,active,2026-05-15,2026-05-15,SS=hns_ss-export-tld.20251226_20260107_translated_20260117.adapted.csv;HSD=hns_bob_tlds.csv,2026-05-15T21:54:27,False
yphy,,,False,,,,,22catchall,False,active,2026-05-15,2026-05-15,SS=hns_ss-export-tld.20251226_20260107_translated_20260117.adapted.csv;HSD=hns_bob_tlds.csv,2026-05-15T21:54:27,False
yuleba,,,False,,,,,22catchall,False,active,2026-05-15,2026-05-15,SS=hns_ss-export-tld.20251226_20260107_translated_20260117.adapted.csv;HSD=hns_bob_tlds.csv,2026-05-15T21:54:27,False
yumfish,,,False,,,,,22catchall,False,active,2026-05-15,2026-05-15,SS=hns_ss-export-tld.20251226_20260107_translated_20260117.adapted.csv;HSD=hns_bob_tlds.csv,2026-05-15T21:54:27,False
yuoz,,,False,,,,,timaxau,False,active,2026-05-15,2026-05-15,SS=hns_ss-export-tld.20251226_20260107_translated_20260117.adapted.csv;HSD=hns_bob_tlds.csv,2026-05-15T21:54:27,False
yywww,,,False,,,,,22catchall,False,active,2026-05-15,2026-05-15,SS=hns_ss-export-tld.20251226_20260107_translated_20260117.adapted.csv;HSD=hns_bob_tlds.csv,2026-05-15T21:54:27,False
yzar,,,False,,,,,22catchall,False,active,2026-05-15,2026-05-15,SS=hns_ss-export-tld.20251226_20260107_translated_20260117.adapted.csv;HSD=hns_bob_tlds.csv,2026-05-15T21:54:27,False
z1n3,,,False,,,,,22catchall,False,active,2026-05-15,2026-05-15,SS=hns_ss-export-tld.20251226_20260107_translated_20260117.adapted.csv;HSD=hns_bob_tlds.csv,2026-05-15T21:54:27,False
z414z,,,False,,,,,22catchall,False,active,2026-05-15,2026-05-15,SS=hns_ss-export-tld.20251226_20260107_translated_20260117.adapted.csv;HSD=hns_bob_tlds.csv,2026-05-15T21:54:27,False
zdddz,,,False,5L,,,,22catchall,False,active,2026-05-15,2026-05-15,SS=hns_ss-export-tld.20251226_20260107_translated_20260117.adapted.csv;HSD=hns_bob_tlds.csv,2026-05-15T21:54:27,False
zencorner,,,False,,,,,22catchall,False,active,2026-05-15,2026-05-15,SS=hns_ss-export-tld.20251226_20260107_translated_20260117.adapted.csv;HSD=hns_bob_tlds.csv,2026-05-15T21:54:27,False
zendoctor,,,False,,,,,22catchall,False,active,2026-05-15,2026-05-15,SS=hns_ss-export-tld.20251226_20260107_translated_20260117.adapted.csv;HSD=hns_bob_tlds.csv,2026-05-15T21:54:27,False
zenhax,,,False,,,,,22catchall,False,active,2026-05-15,2026-05-15,SS=hns_ss-export-tld.20251226_20260107_translated_20260117.adapted.csv;HSD=hns_bob_tlds.csv,2026-05-15T21:54:27,False
zensurf,,,False,,,,,h2o,False,active,2026-05-15,2026-05-15,SS=hns_ss-export-tld.20251226_20260107_translated_20260117.adapted.csv;HSD=hns_bob_tlds.csv,2026-05-15T21:54:27,False
zentao,,,False,,,,,tim4sk,False,active,2026-05-15,2026-05-15,SS=hns_ss-export-tld.20251226_20260107_translated_20260117.adapted.csv;HSD=hns_bob_tlds.csv,2026-05-15T21:54:27,False
zh888,,,False,,,,,22catchall,False,active,2026-05-15,2026-05-15,SS=hns_ss-export-tld.20251226_20260107_translated_20260117.adapted.csv;HSD=hns_bob_tlds.csv,2026-05-15T21:54:27,False
zoodash,,,False,,,,,22catchall,False,active,2026-05-15,2026-05-15,SS=hns_ss-export-tld.20251226_20260107_translated_20260117.adapted.csv;HSD=hns_bob_tlds.csv,2026-05-15T21:54:27,False
zzwww,,,False,,,,,22catchall,False,active,2026-05-15,2026-05-15,SS=hns_ss-export-tld.20251226_20260107_translated_20260117.adapted.csv;HSD=hns_bob_tlds.csv,2026-05-15T21:54:27,False
